#
# A fatal error has been detected by the Java Runtime Environment:
#
#  SIGSEGV (0xb) at pc=0x0000000188951808, pid=85403, tid=98123
#
# JRE version: OpenJDK Runtime Environment (24.0.1+9) (build 24.0.1+9-30)
# Java VM: OpenJDK 64-Bit Server VM (24.0.1+9-30, mixed mode, sharing, tiered, compressed oops, compressed class ptrs, g1 gc, bsd-aarch64)
# Problematic frame:
# C  [libobjc.A.dylib+0x9808]  objc_msgSend+0x8
#
# No core dump will be written. Core dumps have been disabled. To enable core dumping, try "ulimit -c unlimited" before starting Java again
#
# If you would like to submit a bug report, please visit:
#   https://bugreport.java.com/bugreport/crash.jsp
# The crash happened outside the Java Virtual Machine in native code.
# See problematic frame for where to report the bug.
#

---------------  S U M M A R Y ------------

Command Line: -javaagent:/Applications/IntelliJ IDEA CE.app/Contents/lib/idea_rt.jar=51165 -Dfile.encoding=UTF-8 -Dsun.stdout.encoding=UTF-8 -Dsun.stderr.encoding=UTF-8 com.chatapp.AppLauncher

Host: "MacBookPro17,1" arm64, 8 cores, 16G, Darwin 25.3.0, macOS 26.3.1 (25D2128)
Time: Tue Jun 23 13:48:57 2026 +07 elapsed time: 23.807151 seconds (0d 0h 0m 23s)

---------------  T H R E A D  ---------------

Current thread (0x0000000923320800):  JavaThread "VideoSender"        [_thread_in_native, id=98123, stack(0x0000000171884000,0x0000000171a87000) (2060K)]

Stack: [0x0000000171884000,0x0000000171a87000],  sp=0x0000000171a866a0,  free space=2057k
Native frames: (J=compiled Java code, j=interpreted, Vv=VM code, C=native code)
C  [libobjc.A.dylib+0x9808]  objc_msgSend+0x8
C  [libopencv_videoio.409.dylib+0x301f0]  cv::AVIWriteContainer::jflushStream(unsigned int, int)+0x24e8
C  [libopencv_videoio.409.dylib+0xe444]  cvGrabFrame+0x18
C  [libopencv_videoio.409.dylib+0x329b8]  cv::AVIWriteContainer::jflushStream(unsigned int, int)+0x4cb0
C  [libopencv_videoio.409.dylib+0x128a0]  cv::VideoCapture::grab()+0x38
C  [libjniopencv_videoio.dylib+0xd74c]  Java_org_bytedeco_opencv_opencv_1videoio_VideoCapture_grab+0x64
J 5362  org.bytedeco.opencv.opencv_videoio.VideoCapture.grab()Z (0 bytes) @ 0x000000012aa33c58 [0x000000012aa33bc0+0x0000000000000098]
j  org.bytedeco.javacv.OpenCVFrameGrabber.grab()Lorg/bytedeco/javacv/Frame;+35
j  com.chatapp.controller.VideoCallController.sendVideoLoop()V+58
j  com.chatapp.controller.VideoCallController$$Lambda+0x00007ffc0129da48.run()V+4
j  java.lang.Thread.runWith(Ljava/lang/Object;Ljava/lang/Runnable;)V+5 java.base@24.0.1
j  java.lang.Thread.run()V+19 java.base@24.0.1
v  ~StubRoutines::call_stub 0x000000012a338114
V  [libjvm.dylib+0x4c3ff0]  JavaCalls::call_helper(JavaValue*, methodHandle const&, JavaCallArguments*, JavaThread*)+0x3e0
V  [libjvm.dylib+0x4c2f10]  JavaCalls::call_virtual(JavaValue*, Klass*, Symbol*, Symbol*, JavaCallArguments*, JavaThread*)+0x164
V  [libjvm.dylib+0x4c2fdc]  JavaCalls::call_virtual(JavaValue*, Handle, Klass*, Symbol*, Symbol*, JavaThread*)+0x64
V  [libjvm.dylib+0x59aa9c]  thread_entry(JavaThread*, JavaThread*)+0x9c
V  [libjvm.dylib+0x4d7ea0]  JavaThread::thread_main_inner()+0x9c
V  [libjvm.dylib+0x9d0b2c]  Thread::call_run()+0xc8
V  [libjvm.dylib+0x856228]  thread_native_entry(Thread*)+0x118
C  [libsystem_pthread.dylib+0x6c08]  _pthread_start+0x88
Java frames: (J=compiled Java code, j=interpreted, Vv=VM code)
J 5362  org.bytedeco.opencv.opencv_videoio.VideoCapture.grab()Z (0 bytes) @ 0x000000012aa33c28 [0x000000012aa33bc0+0x0000000000000068]
j  org.bytedeco.javacv.OpenCVFrameGrabber.grab()Lorg/bytedeco/javacv/Frame;+35
j  com.chatapp.controller.VideoCallController.sendVideoLoop()V+58
j  com.chatapp.controller.VideoCallController$$Lambda+0x00007ffc0129da48.run()V+4
j  java.lang.Thread.runWith(Ljava/lang/Object;Ljava/lang/Runnable;)V+5 java.base@24.0.1
j  java.lang.Thread.run()V+19 java.base@24.0.1
v  ~StubRoutines::call_stub 0x000000012a338114

siginfo: si_signo: 11 (SIGSEGV), si_code: 2 (SEGV_ACCERR), si_addr: 0x00000000001cb180

Registers:
 x0=0x00000000001cb180  x1=0x0000000202e2adf8  x2=0x0000000000000000  x3=0x0000000000000000
 x4=0x0000000000000000  x5=0x0000000000000000  x6=0x0000000000000000  x7=0x000000003b9aa69c
 x8=0x6313572bfeb70077  x9=0x6313572bfeb70077 x10=0x000000000000001c x11=0x0000000000000020
x12=0x0000000000000100 x13=0x0000000000000001 x14=0x0000000000000000 x15=0x0000000000000000
x16=0x0000000188951800 x17=0x0000000922d46960 x18=0x0000000000000000 x19=0x0000000927b25dc0
x20=0x0000000000000000 x21=0x00000009279638d0 x22=0x000000011c1179e3 x23=0x000000000004b000
x24=0x0000000000000000 x25=0x00000000ffed4a00 x26=0x000000011c1296c8 x27=0x00000000000e1000
x28=0x0000000923320800  fp=0x0000000171a866b0  lr=0x000000013b7bc9b4  sp=0x0000000171a866a0
pc=0x0000000188951808 cpsr=0x0000000020001000

Register to memory mapping:

x0 =0x00000000001cb180 is an unknown value
x1 =0x0000000202e2adf8 points into unknown readable memory: 0x61006b636f6c6e75 | 75 6e 6c 6f 63 6b 00 61
x2 =0x0 is null
x3 =0x0 is null
x4 =0x0 is null
x5 =0x0 is null
x6 =0x0 is null
x7 =0x000000003b9aa69c is an unknown value
x8 =0x6313572bfeb70077 is an unknown value
x9 =0x6313572bfeb70077 is an unknown value
x10=0x000000000000001c is an unknown value
x11=0x0000000000000020 is an unknown value
x12=0x0000000000000100 is an unknown value
x13=0x0000000000000001 is an unknown value
x14=0x0 is null
x15=0x0 is null
x16=0x0000000188951800: objc_msgSend+0 in /usr/lib/libobjc.A.dylib at 0x0000000188948000
x17=0x0000000922d46960 points into unknown readable memory: 0x0000000000000000 | 00 00 00 00 00 00 00 00
x18=0x0 is null
x19=0x0000000927b25dc0 points into unknown readable memory: 0x5fa2181b468dcf25 | 25 cf 8d 46 1b 18 a2 5f
x20=0x0 is null
x21=0x00000009279638d0 points into unknown readable memory: 0x000000013b7c8550 | 50 85 7c 3b 01 00 00 00
x22=0x000000011c1179e3 is pointing into metadata
x23=0x000000000004b000 is an unknown value
x24=0x0 is null
x25=0x00000000ffed4a00 is an unknown value
x26=0x000000011c1296c8 is pointing into metadata
x27=0x00000000000e1000 is an unknown value
x28=0x0000000923320800 is a thread
 fp=0x0000000171a866b0 is pointing into the stack for thread: 0x0000000923320800
 lr=0x000000013b7bc9b4: _ZN2cv17AVIWriteContainer12jflushStreamEji+0x2cac in /Users/blueonion/.javacpp/cache/opencv-4.9.0-1.5.10-macosx-arm64.jar/org/bytedeco/opencv/macosx-arm64/libopencv_videoio.409.dylib at 0x000000013b78c000
 sp=0x0000000171a866a0 is pointing into the stack for thread: 0x0000000923320800

Top of Stack: (sp=0x0000000171a866a0)
0x0000000171a866a0:   0000000923c40b40 0000000922dbb510   @..#......."....
0x0000000171a866b0:   0000000171a866e0 000000013b7bc1f0   .f.q......{;....
0x0000000171a866c0:   000000011c1179e3 00000009279638d0   .y.......8.'....
0x0000000171a866d0:   0000000171a86790 00000009279638d0   .g.q.....8.'....
0x0000000171a866e0:   0000000171a866f0 000000013b79a444   .f.q....D.y;....
0x0000000171a866f0:   0000000171a86700 000000013b7be9b8   .g.q......{;....
0x0000000171a86700:   0000000171a86750 000000013b79e8a0   Pg.q......y;....
0x0000000171a86710:   0000000171a86780 00000001225462b0   .g.q.....bT"....
0x0000000171a86720:   0000000000000000 000000000004b000   ................
0x0000000171a86730:   0000000000000000 0000000900000000   ................
0x0000000171a86740:   0000000171a86790 0000000923320bc8   .g.q......2#....
0x0000000171a86750:   0000000171a86780 000000012254974c   .g.q....L.T"....
0x0000000171a86760:   000000011c1179e3 000000010b3632d8   .y.......26.....
0x0000000171a86770:   0000000171a86838 0000000171a867f0   8h.q.....g.q....
0x0000000171a86780:   0000000171a867e0 000000012aa33c58   .g.q....X<.*....
0x0000000171a86790:   00000005d4714040 00000005d4713fc0   @@q......?q.....
0x0000000171a867a0:   fffffffffffffff6 00007ffc00c6ce25   ........%.......
0x0000000171a867b0:   0000000000000007 00007ffc0046d830   ........0.F.....
0x0000000171a867c0:   00000005d4bb5290 fffffffffffffff0   .R..............
0x0000000171a867d0:   0000000000000000 00007ffc0046c918   ..........F.....
0x0000000171a867e0:   0000000171a86890 000000012a33c7d0   .h.q......3*....
0x0000000171a867f0:   0000000171a86880 000000012a33c950   .h.q....P.3*....
0x0000000171a86800:   0000000000000000 00000005d4bd2fa0   ........./......
0x0000000171a86810:   0000000000000000 0000000000000000   ................
0x0000000171a86820:   0000000001f78a40 0000000000000000   @...............
0x0000000171a86830:   00000005d4713fc0 00000005d4714040   .?q.....@@q.....
0x0000000171a86840:   fffffffffffffff6 000000011c1179e3   .........y......
0x0000000171a86850:   0000000000000003 000000011c1296c8   ................
0x0000000171a86860:   00000005d48671b8 ffffffffffffffec   .q..............
0x0000000171a86870:   0000000000000000 000000011c11a718   ................
0x0000000171a86880:   fffffffffffffff5 0000000171a86870   ........ph.q....
0x0000000171a86890:   0000000171a86900 000000012a33c6e0   .i.q......3*....

Instructions: (pc=0x0000000188951808)
  0x0000000188951708:   1f 20 03 d5 1f 20 03 d5 1f 20 03 d5 1f 20 03 d5
  0x0000000188951718:   1f 20 03 d5 1f 20 03 d5 1f 20 03 d5 1f 20 03 d5
  0x0000000188951728:   1f 20 03 d5 1f 20 03 d5 1f 20 03 d5 1f 20 03 d5
  0x0000000188951738:   1f 20 03 d5 1f 20 03 d5 1f 20 03 d5 1f 20 03 d5
  0x0000000188951748:   1f 20 03 d5 1f 20 03 d5 1f 20 03 d5 1f 20 03 d5
  0x0000000188951758:   1f 20 03 d5 1f 20 03 d5 1f 20 03 d5 1f 20 03 d5
  0x0000000188951768:   1f 20 03 d5 1f 20 03 d5 1f 20 03 d5 1f 20 03 d5
  0x0000000188951778:   1f 20 03 d5 1f 20 03 d5 1f 20 03 d5 1f 20 03 d5
  0x0000000188951788:   1f 20 03 d5 1f 20 03 d5 1f 20 03 d5 1f 20 03 d5
  0x0000000188951798:   1f 20 03 d5 1f 20 03 d5 1f 20 03 d5 1f 20 03 d5
  0x00000001889517a8:   1f 20 03 d5 1f 20 03 d5 1f 20 03 d5 1f 20 03 d5
  0x00000001889517b8:   1f 20 03 d5 1f 20 03 d5 1f 20 03 d5 1f 20 03 d5
  0x00000001889517c8:   1f 20 03 d5 1f 20 03 d5 1f 20 03 d5 1f 20 03 d5
  0x00000001889517d8:   1f 20 03 d5 1f 20 03 d5 1f 20 03 d5 1f 20 03 d5
  0x00000001889517e8:   1f 20 03 d5 1f 20 03 d5 1f 20 03 d5 1f 20 03 d5
  0x00000001889517f8:   1f 20 03 d5 1f 20 03 d5 1f 00 00 f1 ed 03 00 54
=>0x0000000188951808:   0e 00 40 f9 d0 cd 7d 92 ea 03 00 aa 2a 5c ed f2
  0x0000000188951818:   50 19 c1 da ef 03 10 aa 0a 0a 40 f9 4b fd 70 d3
  0x0000000188951828:   4a bd 40 92 2c 1c 41 ca 8c 01 0b 0a 4d 11 0c 8b
  0x0000000188951838:   b1 25 ff a8 3f 01 01 eb 81 00 00 54 4a 01 01 ca
  0x0000000188951848:   4a 01 10 ca 2a 0e 1f d7 89 17 00 b4 bf 01 0a eb
  0x0000000188951858:   02 ff ff 54 4d 51 2b 8b 4c 11 0c 8b b1 25 ff a8
  0x0000000188951868:   3f 01 01 eb c0 fe ff 54 3f 01 00 f1 a0 11 4c fa
  0x0000000188951878:   68 ff ff 54 b1 00 00 14 a0 01 00 54 0a 08 40 92
  0x0000000188951888:   0b fc 77 93 5f 1d 00 f1 6c 01 8a 9a 4a 38 36 d0
  0x0000000188951898:   4a c1 1a 91 4a 0d 0c 8b 4e 01 40 f9 f0 03 0e aa
  0x00000001889518a8:   aa f3 f1 f2 50 1d c1 da db ff ff 17 01 00 80 d2
  0x00000001889518b8:   00 e4 00 2f 01 e4 00 2f 02 e4 00 2f 03 e4 00 2f
  0x00000001889518c8:   c0 03 5f d6 1f 20 03 d5 1f 20 03 d5 1f 20 03 d5
  0x00000001889518d8:   1f 20 03 d5 1f 20 03 d5 1f 00 00 f1 cd 04 00 54
  0x00000001889518e8:   0d 00 40 f9 b0 cd 7d 92 ea 03 00 aa 2a 5c ed f2
  0x00000001889518f8:   50 19 c1 da ef 03 10 aa 0a 0a 40 f9 4b fd 70 d3


Stack slot to memory mapping:

stack at sp + 0 slots: 0x0000000923c40b40 points into unknown readable memory: 0x5fa2181b42fb99a5 | a5 99 fb 42 1b 18 a2 5f
stack at sp + 1 slots: 0x0000000922dbb510 points into unknown readable memory: 0x01000001f50910c9 | c9 10 09 f5 01 00 00 01
stack at sp + 2 slots: 0x0000000171a866e0 is pointing into the stack for thread: 0x0000000923320800
stack at sp + 3 slots: 0x000000013b7bc1f0: _ZN2cv17AVIWriteContainer12jflushStreamEji+0x24e8 in /Users/blueonion/.javacpp/cache/opencv-4.9.0-1.5.10-macosx-arm64.jar/org/bytedeco/opencv/macosx-arm64/libopencv_videoio.409.dylib at 0x000000013b78c000
stack at sp + 4 slots: 0x000000011c1179e3 is pointing into metadata
stack at sp + 5 slots: 0x00000009279638d0 points into unknown readable memory: 0x000000013b7c8550 | 50 85 7c 3b 01 00 00 00
stack at sp + 6 slots: 0x0000000171a86790 is pointing into the stack for thread: 0x0000000923320800
stack at sp + 7 slots: 0x00000009279638d0 points into unknown readable memory: 0x000000013b7c8550 | 50 85 7c 3b 01 00 00 00

Lock stack of current Java thread (top to bottom):


Compiled method (n/a) 23830 5362     n 0       org.bytedeco.opencv.opencv_videoio.VideoCapture::grab (native)
 total in heap  [0x000000012aa33ac8,0x000000012aa33d08] = 576
 relocation     [0x000000012aa33ba0,0x000000012aa33bb0] = 16
 main code      [0x000000012aa33bc0,0x000000012aa33cfc] = 316
 stub code      [0x000000012aa33cfc,0x000000012aa33d00] = 4
 oops           [0x000000012aa33d00,0x000000012aa33d08] = 8

[Constant Pool (empty)]

[MachCode]
[Entry Point]
  # {method} {0x000000011c70c2d8} 'grab' '()Z' in 'org/bytedeco/opencv/opencv_videoio/VideoCapture'
  #           [sp+0x60]  (sp of caller)
  0x000000012aa33bc0: 1f20 03d5 | 2808 40b9 | 2a09 40b9 | 1f01 0a6b | 4000 0054 

  0x000000012aa33bd4: ;   {runtime_call Shared Runtime ic_miss_blob}
  0x000000012aa33bd4: bbfd e417 
[Verified Entry Point]
  0x000000012aa33bd8: 1f20 03d5 | e953 40d1 | 3f01 00f9 | fd7b bfa9 | fd03 0091 | ff43 01d1 | 2801 0018 | 8923 40b9 
  0x000000012aa33bf8: 1f01 09eb | e000 0054 

  0x000000012aa33c00: ;   {runtime_call StubRoutines (final stubs)}
  0x000000012aa33c00: 0800 99d2 | e846 a5f2 | 2800 c0f2 | 0001 3fd6 | 0200 0014 | 2100 0000 | e103 00f9 | 3f00 1feb 
  0x000000012aa33c20: e103 00d1 | e103 819a | 0800 0010 | 88db 01f9 | e803 0091 | 88d7 01f9 | 8023 0f91 | e803 7eb2 
  0x000000012aa33c40: 8953 1191 | 28fd 9f88 

  0x000000012aa33c48: ;   {runtime_call Java_org_bytedeco_opencv_opencv_1videoio_VideoCapture_grab}
  0x000000012aa33c48: 08dd 92d2 | 884a a4f2 | 2800 c0f2 | 0001 3fd6 | 1f1c 40f2 | e007 9f9a | a800 80d2 | 8857 04b9 
  0x000000012aa33c68: bf3b 03d5 | 8817 40f9 | bf03 08eb | 4803 0054 | 8853 44b9 | 0803 0035 | e803 7db2 | 8953 1191 
  0x000000012aa33c88: 28fd 9f88 | 8843 5339 | 1f09 0071 | 6001 0054 | 9fd7 01f9 | 9fdb 01f9 | 821f 42f9 | 5f80 00f9 
  0x000000012aa33ca8: bf03 0091 | fd7b c1a8 | 8807 40f9 | 4800 00b5 | c003 5fd6 

  0x000000012aa33cbc: ;   {runtime_call StubRoutines (initial stubs)}
  0x000000012aa33cbc: e110 e417 | a083 1ff8 

  0x000000012aa33cc4: ;   {runtime_call SharedRuntime::reguard_yellow_pages()}
  0x000000012aa33cc4: 08aa 9fd2 | 085f a1f2 | 2800 c0f2 | 0001 3fd6 | a083 5ff8 | f0ff ff17 | a083 1ff8 | e003 1caa 
  0x000000012aa33ce4: ;   {runtime_call JavaThread::check_special_condition_for_native_trans(JavaThread*)}
  0x000000012aa33ce4: 885f 82d2 | c856 a1f2 | 2800 c0f2 | 0001 3fd6 | a083 5ff8 | e2ff ff17 
[Stub Code]
  0x000000012aa33cfc: 0000 0000 
[/MachCode]


---------------  P R O C E S S  ---------------

Threads class SMR info:
_java_thread_list=0x0000000921813340, length=23, elements={
0x00000001031742b0, 0x0000000103190ed0, 0x0000000924da0000, 0x0000000924da0800,
0x0000000924da1000, 0x0000000924da1800, 0x0000000924da2000, 0x0000000924da2800,
0x0000000924da3000, 0x0000000924f68000, 0x0000000924f69800, 0x0000000924f6a800,
0x00000009243c8800, 0x00000009243cb000, 0x00000009243cb800, 0x0000000923c66800,
0x0000000923dff000, 0x0000000923882800, 0x0000000923b4d000, 0x0000000923320800,
0x0000000923bf8800, 0x0000000923323000, 0x00000009233e1000
}

Java Threads: ( => current thread )
  0x00000001031742b0 JavaThread "main"                              [_thread_blocked, id=4099, stack(0x000000016d2a4000,0x000000016d4a7000) (2060K)]
  0x0000000103190ed0 JavaThread "Reference Handler"          daemon [_thread_blocked, id=25091, stack(0x000000016e41c000,0x000000016e61f000) (2060K)]
  0x0000000924da0000 JavaThread "Finalizer"                  daemon [_thread_blocked, id=29955, stack(0x000000016e628000,0x000000016e82b000) (2060K)]
  0x0000000924da0800 JavaThread "Signal Dispatcher"          daemon [_thread_blocked, id=25603, stack(0x000000016e834000,0x000000016ea37000) (2060K)]
  0x0000000924da1000 JavaThread "Service Thread"             daemon [_thread_blocked, id=29443, stack(0x000000016ea40000,0x000000016ec43000) (2060K)]
  0x0000000924da1800 JavaThread "Monitor Deflation Thread"   daemon [_thread_blocked, id=28931, stack(0x000000016ec4c000,0x000000016ee4f000) (2060K)]
  0x0000000924da2000 JavaThread "C2 CompilerThread0"         daemon [_thread_blocked, id=28675, stack(0x000000016ee58000,0x000000016f05b000) (2060K)]
  0x0000000924da2800 JavaThread "C1 CompilerThread0"         daemon [_thread_blocked, id=28419, stack(0x000000016f064000,0x000000016f267000) (2060K)]
  0x0000000924da3000 JavaThread "Common-Cleaner"             daemon [_thread_blocked, id=27907, stack(0x000000016f270000,0x000000016f473000) (2060K)]
  0x0000000924f68000 JavaThread "Monitor Ctrl-Break"         daemon [_thread_in_native, id=27395, stack(0x000000016f47c000,0x000000016f67f000) (2060K)]
  0x0000000924f69800 JavaThread "Notification Thread"        daemon [_thread_blocked, id=26883, stack(0x000000016f688000,0x000000016f88b000) (2060K)]
  0x0000000924f6a800 JavaThread "JavaFX-Launcher"                   [_thread_blocked, id=32771, stack(0x000000016f894000,0x000000016fa97000) (2060K)]
  0x00000009243c8800 JavaThread "QuantumRenderer-0"          daemon [_thread_blocked, id=33027, stack(0x000000016faa0000,0x000000016fca3000) (2060K)]
  0x00000009243cb000 JavaThread "InvokeLaterDispatcher"      daemon [_thread_blocked, id=43531, stack(0x000000016fcac000,0x000000016feaf000) (2060K)]
  0x00000009243cb800 JavaThread "JavaFX Application Thread"         [_thread_in_native, id=259, stack(0x000000016ca1c000,0x000000016d218000) (8176K)]
  0x0000000923c66800 JavaThread "PulseTimer-CVDisplayLink thread" daemon [_thread_in_native, id=52227, stack(0x000000016ff44000,0x000000016ffc7000) (524K)]
  0x0000000923dff000 JavaThread "Prism Font Disposer"        daemon [_thread_blocked, id=68875, stack(0x000000017005c000,0x000000017025f000) (2060K)]
  0x0000000923882800 JavaThread "Cleaner-0"                  daemon [_thread_blocked, id=95779, stack(0x0000000171260000,0x0000000171463000) (2060K)]
  0x0000000923b4d000 JavaThread "MessageListener"                   [_thread_in_native, id=96099, stack(0x000000017146c000,0x000000017166f000) (2060K)]
=>0x0000000923320800 JavaThread "VideoSender"                       [_thread_in_native, id=98123, stack(0x0000000171884000,0x0000000171a87000) (2060K)]
  0x0000000923bf8800 JavaThread "JavaCPP Deallocator"        daemon [_thread_blocked, id=115491, stack(0x0000000172070000,0x0000000172273000) (2060K)]
  0x0000000923323000 JavaThread "Java2D Queue Flusher"       daemon [_thread_blocked, id=194115, stack(0x0000000300c7c000,0x0000000300e7f000) (2060K)]
  0x00000009233e1000 JavaThread "Java2D Disposer"            daemon [_thread_blocked, id=194311, stack(0x0000000301a8c000,0x0000000301c8f000) (2060K)]
Total: 23

Other Threads:
  0x00000009250d1800 VMThread "VM Thread"                           [id=19459, stack(0x000000016e0f8000,0x000000016e2fb000) (2060K)]
  0x00000009250d2000 WatcherThread "VM Periodic Task Thread"        [id=20751, stack(0x000000016deec000,0x000000016e0ef000) (2060K)]
  0x00000001031806e0 WorkerThread "GC Thread#0"                     [id=13315, stack(0x000000016d4b0000,0x000000016d6b3000) (2060K)]
  0x0000000927689800 WorkerThread "GC Thread#1"                     [id=77827, stack(0x00000001702f4000,0x00000001704f7000) (2060K)]
  0x00000009253eb000 WorkerThread "GC Thread#2"                     [id=71939, stack(0x0000000170500000,0x0000000170703000) (2060K)]
  0x0000000927894000 WorkerThread "GC Thread#3"                     [id=77571, stack(0x000000017070c000,0x000000017090f000) (2060K)]
  0x0000000927894400 WorkerThread "GC Thread#4"                     [id=77315, stack(0x0000000170918000,0x0000000170b1b000) (2060K)]
  0x0000000927894800 WorkerThread "GC Thread#5"                     [id=72707, stack(0x0000000170b24000,0x0000000170d27000) (2060K)]
  0x0000000927895c00 WorkerThread "GC Thread#6"                     [id=76803, stack(0x0000000170d30000,0x0000000170f33000) (2060K)]
  0x0000000927896400 WorkerThread "GC Thread#7"                     [id=73219, stack(0x0000000170f3c000,0x000000017113f000) (2060K)]
  0x00000001031814c0 ConcurrentGCThread "G1 Main Marker"            [id=12803, stack(0x000000016d6bc000,0x000000016d8bf000) (2060K)]
  0x0000000103181f30 WorkerThread "G1 Conc#0"                       [id=12291, stack(0x000000016d8c8000,0x000000016dacb000) (2060K)]
  0x0000000927b73400 WorkerThread "G1 Conc#1"                       [id=115843, stack(0x000000017227c000,0x000000017247f000) (2060K)]
  0x00000001031844d0 ConcurrentGCThread "G1 Refine#0"               [id=16643, stack(0x000000016dad4000,0x000000016dcd7000) (2060K)]
  0x00000009250d0800 ConcurrentGCThread "G1 Service"                [id=21507, stack(0x000000016dce0000,0x000000016dee3000) (2060K)]
Total: 15

Threads with active compile tasks:
Total: 0

VM state: not at safepoint (normal execution)

VM Mutex/Monitor currently owned by a thread: None

Heap address: 0x00000004d5000000, size: 4096 MB, Compressed Oops mode: Zero based, Oop shift amount: 3

CDS archive(s) mapped at: [0x00007ffc00000000-0x00007ffc00d18000-0x00007ffc00d18000), size 13729792, SharedBaseAddress: 0x00007ffc00000000, ArchiveRelocationMode: 1.
Compressed class space mapped at: 0x00007ffc01000000-0x00007ffc41000000, reserved size: 1073741824
UseCompressedClassPointers 1, UseCompactObjectHeaders 0
Narrow klass pointer bits 32, Max shift 3
Narrow klass base: 0x00007ffc00000000, Narrow klass shift: 0
Encoding Range: [0x00007ffc00000000 - 0x00007ffd00000000), (4294967296 bytes)
Klass Range:    [0x00007ffc00000000 - 0x00007ffc41000000), (1090519040 bytes)
Klass ID Range:  [8 - 1090519033) (1090519025)

GC Precious Log:
 CardTable entry size: 512
 Card Set container configuration: InlinePtr #cards 4 size 8 Array Of Cards #cards 16 size 48 Howl #buckets 8 coarsen threshold 3686 Howl Bitmap #cards 512 size 80 coarsen threshold 460 Card regions per heap region 1 cards per card region 4096
 CPUs: 8 total, 8 available
 Memory: 16384M
 Large Page Support: Disabled
 NUMA Support: Disabled
 Compressed Oops: Enabled (Zero based)
 Heap Region Size: 2M
 Heap Min Capacity: 8M
 Heap Initial Capacity: 256M
 Heap Max Capacity: 4G
 Pre-touch: Disabled
 Parallel Workers: 8
 Concurrent Workers: 2
 Concurrent Refinement Workers: 8
 Periodic GC: Disabled

Heap:
 garbage-first heap   total reserved 4194304K, committed 110592K, used 44581K [0x00000004d5000000, 0x00000005d5000000)
  region size 2048K, 4 young (8192K), 1 survivors (2048K)
 Metaspace       used 30367K, committed 30720K, reserved 1114112K
  class space    used 3136K, committed 3264K, reserved 1048576K

Heap Regions: E=young(eden), S=young(survivor), O=old, HS=humongous(starts), HC=humongous(continues), CS=collection set, F=free, TAMS=top-at-mark-start, PB=parsable bottom
|   0|0x00000004d5000000, 0x00000004d5200000, 0x00000004d5200000|100%| O|  |TAMS 0x00000004d5000000| PB 0x00000004d5000000| Untracked |  0
|   1|0x00000004d5200000, 0x00000004d5400000, 0x00000004d5400000|100%| O|  |TAMS 0x00000004d5200000| PB 0x00000004d5200000| Untracked |  0
|   2|0x00000004d5400000, 0x00000004d5600000, 0x00000004d5600000|100%|HS|  |TAMS 0x00000004d5400000| PB 0x00000004d5400000| Complete |  0
|   3|0x00000004d5600000, 0x00000004d5800000, 0x00000004d5800000|100%|HS|  |TAMS 0x00000004d5600000| PB 0x00000004d5600000| Complete |  0
|   4|0x00000004d5800000, 0x00000004d5a00000, 0x00000004d5a00000|100%|HS|  |TAMS 0x00000004d5800000| PB 0x00000004d5800000| Complete |  0
|   5|0x00000004d5a00000, 0x00000004d5c00000, 0x00000004d5c00000|100%|HS|  |TAMS 0x00000004d5a00000| PB 0x00000004d5a00000| Complete |  0
|   6|0x00000004d5c00000, 0x00000004d5e00000, 0x00000004d5e00000|100%|HS|  |TAMS 0x00000004d5c00000| PB 0x00000004d5c00000| Complete |  0
|   7|0x00000004d5e00000, 0x00000004d6000000, 0x00000004d6000000|100%|HS|  |TAMS 0x00000004d5e00000| PB 0x00000004d5e00000| Complete |  0
|   8|0x00000004d6000000, 0x00000004d6200000, 0x00000004d6200000|100%|HS|  |TAMS 0x00000004d6000000| PB 0x00000004d6000000| Complete |  0
|   9|0x00000004d6200000, 0x00000004d6400000, 0x00000004d6400000|100%|HS|  |TAMS 0x00000004d6200000| PB 0x00000004d6200000| Complete |  0
|  10|0x00000004d6400000, 0x00000004d6400000, 0x00000004d6600000|  0%| F|  |TAMS 0x00000004d6400000| PB 0x00000004d6400000| Untracked |  0
|  11|0x00000004d6600000, 0x00000004d6600000, 0x00000004d6800000|  0%| F|  |TAMS 0x00000004d6600000| PB 0x00000004d6600000| Untracked |  0
|  12|0x00000004d6800000, 0x00000004d6800000, 0x00000004d6a00000|  0%| F|  |TAMS 0x00000004d6800000| PB 0x00000004d6800000| Untracked |  0
|  13|0x00000004d6a00000, 0x00000004d6c00000, 0x00000004d6c00000|100%|HS|  |TAMS 0x00000004d6a00000| PB 0x00000004d6a00000| Complete |  0
|  14|0x00000004d6c00000, 0x00000004d6e00000, 0x00000004d6e00000|100%|HS|  |TAMS 0x00000004d6c00000| PB 0x00000004d6c00000| Complete |  0
|  15|0x00000004d6e00000, 0x00000004d6e00000, 0x00000004d7000000|  0%| F|  |TAMS 0x00000004d6e00000| PB 0x00000004d6e00000| Untracked |  0
|  16|0x00000004d7000000, 0x00000004d7000000, 0x00000004d7200000|  0%| F|  |TAMS 0x00000004d7000000| PB 0x00000004d7000000| Untracked |  0
|  17|0x00000004d7200000, 0x00000004d73278b0, 0x00000004d7400000| 57%| O|  |TAMS 0x00000004d7200000| PB 0x00000004d7200000| Untracked |  0
|  18|0x00000004d7400000, 0x00000004d7400000, 0x00000004d7600000|  0%| F|  |TAMS 0x00000004d7400000| PB 0x00000004d7400000| Untracked |  0
|  19|0x00000004d7600000, 0x00000004d7600000, 0x00000004d7800000|  0%| F|  |TAMS 0x00000004d7600000| PB 0x00000004d7600000| Untracked |  0
|  20|0x00000004d7800000, 0x00000004d7800000, 0x00000004d7a00000|  0%| F|  |TAMS 0x00000004d7800000| PB 0x00000004d7800000| Untracked |  0
|  21|0x00000004d7a00000, 0x00000004d7a00000, 0x00000004d7c00000|  0%| F|  |TAMS 0x00000004d7a00000| PB 0x00000004d7a00000| Untracked |  0
|  22|0x00000004d7c00000, 0x00000004d7c00000, 0x00000004d7e00000|  0%| F|  |TAMS 0x00000004d7c00000| PB 0x00000004d7c00000| Untracked |  0
|  23|0x00000004d7e00000, 0x00000004d7e00000, 0x00000004d8000000|  0%| F|  |TAMS 0x00000004d7e00000| PB 0x00000004d7e00000| Untracked |  0
|  24|0x00000004d8000000, 0x00000004d8000000, 0x00000004d8200000|  0%| F|  |TAMS 0x00000004d8000000| PB 0x00000004d8000000| Untracked |  0
|  25|0x00000004d8200000, 0x00000004d8200000, 0x00000004d8400000|  0%| F|  |TAMS 0x00000004d8200000| PB 0x00000004d8200000| Untracked |  0
|  26|0x00000004d8400000, 0x00000004d8400000, 0x00000004d8600000|  0%| F|  |TAMS 0x00000004d8400000| PB 0x00000004d8400000| Untracked |  0
|  27|0x00000004d8600000, 0x00000004d8600000, 0x00000004d8800000|  0%| F|  |TAMS 0x00000004d8600000| PB 0x00000004d8600000| Untracked |  0
|  28|0x00000004d8800000, 0x00000004d8800000, 0x00000004d8a00000|  0%| F|  |TAMS 0x00000004d8800000| PB 0x00000004d8800000| Untracked |  0
|  29|0x00000004d8a00000, 0x00000004d8a00000, 0x00000004d8c00000|  0%| F|  |TAMS 0x00000004d8a00000| PB 0x00000004d8a00000| Untracked |  0
|  30|0x00000004d8c00000, 0x00000004d8c00000, 0x00000004d8e00000|  0%| F|  |TAMS 0x00000004d8c00000| PB 0x00000004d8c00000| Untracked |  0
|  31|0x00000004d8e00000, 0x00000004d8e00000, 0x00000004d9000000|  0%| F|  |TAMS 0x00000004d8e00000| PB 0x00000004d8e00000| Untracked |  0
|  32|0x00000004d9000000, 0x00000004d9000000, 0x00000004d9200000|  0%| F|  |TAMS 0x00000004d9000000| PB 0x00000004d9000000| Untracked |  0
|  33|0x00000004d9200000, 0x00000004d9200000, 0x00000004d9400000|  0%| F|  |TAMS 0x00000004d9200000| PB 0x00000004d9200000| Untracked |  0
|  34|0x00000004d9400000, 0x00000004d9400000, 0x00000004d9600000|  0%| F|  |TAMS 0x00000004d9400000| PB 0x00000004d9400000| Untracked |  0
|  35|0x00000004d9600000, 0x00000004d9600000, 0x00000004d9800000|  0%| F|  |TAMS 0x00000004d9600000| PB 0x00000004d9600000| Untracked |  0
|  36|0x00000004d9800000, 0x00000004d9800000, 0x00000004d9a00000|  0%| F|  |TAMS 0x00000004d9800000| PB 0x00000004d9800000| Untracked |  0
|  37|0x00000004d9a00000, 0x00000004d9a00000, 0x00000004d9c00000|  0%| F|  |TAMS 0x00000004d9a00000| PB 0x00000004d9a00000| Untracked |  0
|  38|0x00000004d9c00000, 0x00000004d9c00000, 0x00000004d9e00000|  0%| F|  |TAMS 0x00000004d9c00000| PB 0x00000004d9c00000| Untracked |  0
|  39|0x00000004d9e00000, 0x00000004d9e00000, 0x00000004da000000|  0%| F|  |TAMS 0x00000004d9e00000| PB 0x00000004d9e00000| Untracked |  0
|  40|0x00000004da000000, 0x00000004da000000, 0x00000004da200000|  0%| F|  |TAMS 0x00000004da000000| PB 0x00000004da000000| Untracked |  0
|  93|0x00000004e0a00000, 0x00000004e0c00000, 0x00000004e0c00000|100%| O|  |TAMS 0x00000004e0a00000| PB 0x00000004e0a00000| Untracked |  0
|  94|0x00000004e0c00000, 0x00000004e0e00000, 0x00000004e0e00000|100%| O|  |TAMS 0x00000004e0c00000| PB 0x00000004e0c00000| Untracked |  0
|  95|0x00000004e0e00000, 0x00000004e0f72a48, 0x00000004e1000000| 72%| O|  |TAMS 0x00000004e0e00000| PB 0x00000004e0e00000| Untracked |  0
| 123|0x00000004e4600000, 0x00000004e46ef110, 0x00000004e4800000| 46%| S|CS|TAMS 0x00000004e4600000| PB 0x00000004e4600000| Complete |  0
| 124|0x00000004e4800000, 0x00000004e4800000, 0x00000004e4a00000|  0%| F|  |TAMS 0x00000004e4800000| PB 0x00000004e4800000| Untracked |  0
| 125|0x00000004e4a00000, 0x00000004e4a00000, 0x00000004e4c00000|  0%| F|  |TAMS 0x00000004e4a00000| PB 0x00000004e4a00000| Untracked |  0
| 126|0x00000004e4c00000, 0x00000004e4c9c150, 0x00000004e4e00000| 30%| E|  |TAMS 0x00000004e4c00000| PB 0x00000004e4c00000| Complete |  0
| 127|0x00000004e4e00000, 0x00000004e5000000, 0x00000004e5000000|100%| E|CS|TAMS 0x00000004e4e00000| PB 0x00000004e4e00000| Complete |  0
|2043|0x00000005d4600000, 0x00000005d4800000, 0x00000005d4800000|100%| O|  |TAMS 0x00000005d4600000| PB 0x00000005d4600000| Untracked |  0
|2044|0x00000005d4800000, 0x00000005d4a00000, 0x00000005d4a00000|100%| O|  |TAMS 0x00000005d4800000| PB 0x00000005d4800000| Untracked |  0
|2045|0x00000005d4a00000, 0x00000005d4c00000, 0x00000005d4c00000|100%| O|  |TAMS 0x00000005d4a00000| PB 0x00000005d4a00000| Untracked |  0
|2046|0x00000005d4c00000, 0x00000005d4e00000, 0x00000005d4e00000|100%| O|  |TAMS 0x00000005d4c00000| PB 0x00000005d4c00000| Untracked |  0
|2047|0x00000005d4e00000, 0x00000005d5000000, 0x00000005d5000000|100%| E|CS|TAMS 0x00000005d4e00000| PB 0x00000005d4e00000| Complete |  0

Card table byte_map: [0x0000000113edc000,0x00000001146dc000] _byte_map_base: 0x0000000111834000

Marking Bits: (CMBitMap*) 0x0000000103180d50
 Bits: [0x00000001146dc000, 0x00000001186dc000)

Polling page: 0x0000000102c10000

Metaspace:

Usage:
  Non-class:     26.59 MB used.
      Class:      3.06 MB used.
       Both:     29.66 MB used.

Virtual space:
  Non-class space:       64.00 MB reserved,      26.81 MB ( 42%) committed,  1 nodes.
      Class space:        1.00 GB reserved,       3.19 MB ( <1%) committed,  1 nodes.
             Both:        1.06 GB reserved,      30.00 MB (  3%) committed. 

Chunk freelists:
   Non-Class:  4.80 MB
       Class:  12.73 MB
        Both:  17.53 MB

MaxMetaspaceSize: unlimited
CompressedClassSpaceSize: 1.00 GB
Initial GC threshold: 21.00 MB
Current GC threshold: 38.69 MB
CDS: on
 - commit_granule_bytes: 65536.
 - commit_granule_words: 8192.
 - virtual_space_node_default_size: 8388608.
 - enlarge_chunks_in_place: 1.
UseCompressedClassPointers 1, UseCompactObjectHeaders 0
Narrow klass pointer bits 32, Max shift 3
Narrow klass base: 0x00007ffc00000000, Narrow klass shift: 0
Encoding Range: [0x00007ffc00000000 - 0x00007ffd00000000), (4294967296 bytes)
Klass Range:    [0x00007ffc00000000 - 0x00007ffc41000000), (1090519040 bytes)
Klass ID Range:  [8 - 1090519033) (1090519025)


Internal statistics:

num_allocs_failed_limit: 23.
num_arena_births: 306.
num_arena_deaths: 0.
num_vsnodes_births: 2.
num_vsnodes_deaths: 0.
num_space_committed: 478.
num_space_uncommitted: 0.
num_chunks_returned_to_freelist: 23.
num_chunks_taken_from_freelist: 1153.
num_chunk_merges: 23.
num_chunk_splits: 882.
num_chunks_enlarged: 705.
num_inconsistent_stats: 0.

CodeHeap 'non-profiled nmethods': size=120048Kb used=1476Kb max_used=1476Kb free=118571Kb
 bounds [0x000000012a8c8000, 0x000000012ab38000, 0x0000000131e04000]
CodeHeap 'profiled nmethods': size=120016Kb used=10069Kb max_used=10069Kb free=109946Kb
 bounds [0x0000000122e04000, 0x00000001237e4000, 0x000000012a338000]
CodeHeap 'non-nmethods': size=5696Kb used=2236Kb max_used=2282Kb free=3459Kb
 bounds [0x000000012a338000, 0x000000012a5a8000, 0x000000012a8c8000]
CodeCache: size=245760Kb, used=13781Kb, max_used=13827Kb, free=231976Kb
 total_blobs=6928, nmethods=5389, adapters=1447, full_count=0
Compilation: enabled, stopped_count=0, restarted_count=0

Compilation events (20 events):
Event: 23.405 Thread 0x0000000924da2800 nmethod 5442 0x00000001237d4e08 code [0x00000001237d4f40, 0x00000001237d5128]
Event: 23.405 Thread 0x0000000924da2000 nmethod 5441 0x000000012aa38dc8 code [0x000000012aa38f00, 0x000000012aa38fd0]
Event: 23.421 Thread 0x0000000924da2800 5443       3       com.sun.javafx.css.StyleCache$Key::equals (132 bytes)
Event: 23.421 Thread 0x0000000924da2800 nmethod 5443 0x00000001237d5188 code [0x00000001237d5340, 0x00000001237d5ae8]
Event: 23.426 Thread 0x0000000924da2800 5444       3       java.util.concurrent.atomic.AtomicLong::incrementAndGet (14 bytes)
Event: 23.426 Thread 0x0000000924da2800 nmethod 5444 0x00000001237d5b48 code [0x00000001237d5c40, 0x00000001237d5d70]
Event: 23.426 Thread 0x0000000924da2800 5445       3       com.sun.prism.impl.ps.BaseShaderGraphics::renderShape (255 bytes)
Event: 23.426 Thread 0x0000000924da2800 nmethod 5445 0x00000001237d5dc8 code [0x00000001237d5fc0, 0x00000001237d6d78]
Event: 23.427 Thread 0x0000000924da2800 5446       3       java.nio.Bits::tryReserveMemory (52 bytes)
Event: 23.427 Thread 0x0000000924da2800 nmethod 5446 0x00000001237d6e88 code [0x00000001237d7000, 0x00000001237d7590]
Event: 23.427 Thread 0x0000000924da2800 5447       3       java.lang.invoke.LambdaForm$MH/0x00007ffc01344000::invoke (60 bytes)
Event: 23.427 Thread 0x0000000924da2800 nmethod 5447 0x00000001237d7608 code [0x00000001237d7880, 0x00000001237d8610]
Event: 23.444 Thread 0x0000000924da2800 5448       3       javafx.scene.shape.Rectangle::getY (19 bytes)
Event: 23.445 Thread 0x0000000924da2800 nmethod 5448 0x00000001237d8708 code [0x00000001237d8880, 0x00000001237d8c78]
Event: 23.445 Thread 0x0000000924da2800 5449       3       javafx.scene.shape.Rectangle::getWidth (8 bytes)
Event: 23.445 Thread 0x0000000924da2800 nmethod 5449 0x00000001237d8cc8 code [0x00000001237d8e00, 0x00000001237d9188]
Event: 23.445 Thread 0x0000000924da2800 5450       3       javafx.scene.shape.Rectangle::getHeight (8 bytes)
Event: 23.445 Thread 0x0000000924da2800 nmethod 5450 0x00000001237d9208 code [0x00000001237d9340, 0x00000001237d96c8]
Event: 23.453 Thread 0x0000000924da2000 5451       4       com.sun.javafx.geom.transform.Translate2D::inverseDeltaTransform (19 bytes)
Event: 23.453 Thread 0x0000000924da2000 nmethod 5451 0x000000012aa39008 code [0x000000012aa39100, 0x000000012aa391e0]

GC Heap History (20 events):
Event: 20.292 GC heap before
{Heap before GC invocations=25 (full 0):
 garbage-first heap   total reserved 4194304K, committed 110592K, used 54768K [0x00000004d5000000, 0x00000005d5000000)
  region size 2048K, 5 young (10240K), 1 survivors (2048K)
 Metaspace       used 30247K, committed 30528K, reserved 1114112K
  class space    used 3131K, committed 3264K, reserved 1048576K
}
Event: 20.293 GC heap after
{Heap after GC invocations=26 (full 0):
 garbage-first heap   total reserved 4194304K, committed 110592K, used 32240K [0x00000004d5000000, 0x00000005d5000000)
  region size 2048K, 1 young (2048K), 1 survivors (2048K)
 Metaspace       used 30247K, committed 30528K, reserved 1114112K
  class space    used 3131K, committed 3264K, reserved 1048576K
}
Event: 20.558 GC heap before
{Heap before GC invocations=26 (full 0):
 garbage-first heap   total reserved 4194304K, committed 110592K, used 54768K [0x00000004d5000000, 0x00000005d5000000)
  region size 2048K, 5 young (10240K), 1 survivors (2048K)
 Metaspace       used 30252K, committed 30528K, reserved 1114112K
  class space    used 3131K, committed 3264K, reserved 1048576K
}
Event: 20.559 GC heap after
{Heap after GC invocations=27 (full 0):
 garbage-first heap   total reserved 4194304K, committed 110592K, used 32250K [0x00000004d5000000, 0x00000005d5000000)
  region size 2048K, 1 young (2048K), 1 survivors (2048K)
 Metaspace       used 30252K, committed 30528K, reserved 1114112K
  class space    used 3131K, committed 3264K, reserved 1048576K
}
Event: 20.827 GC heap before
{Heap before GC invocations=27 (full 0):
 garbage-first heap   total reserved 4194304K, committed 110592K, used 54778K [0x00000004d5000000, 0x00000005d5000000)
  region size 2048K, 5 young (10240K), 1 survivors (2048K)
 Metaspace       used 30256K, committed 30528K, reserved 1114112K
  class space    used 3131K, committed 3264K, reserved 1048576K
}
Event: 20.828 GC heap after
{Heap after GC invocations=28 (full 0):
 garbage-first heap   total reserved 4194304K, committed 110592K, used 32252K [0x00000004d5000000, 0x00000005d5000000)
  region size 2048K, 1 young (2048K), 1 survivors (2048K)
 Metaspace       used 30256K, committed 30528K, reserved 1114112K
  class space    used 3131K, committed 3264K, reserved 1048576K
}
Event: 21.093 GC heap before
{Heap before GC invocations=28 (full 0):
 garbage-first heap   total reserved 4194304K, committed 110592K, used 54780K [0x00000004d5000000, 0x00000005d5000000)
  region size 2048K, 5 young (10240K), 1 survivors (2048K)
 Metaspace       used 30256K, committed 30528K, reserved 1114112K
  class space    used 3131K, committed 3264K, reserved 1048576K
}
Event: 21.094 GC heap after
{Heap after GC invocations=29 (full 0):
 garbage-first heap   total reserved 4194304K, committed 110592K, used 32256K [0x00000004d5000000, 0x00000005d5000000)
  region size 2048K, 1 young (2048K), 1 survivors (2048K)
 Metaspace       used 30256K, committed 30528K, reserved 1114112K
  class space    used 3131K, committed 3264K, reserved 1048576K
}
Event: 21.360 GC heap before
{Heap before GC invocations=29 (full 0):
 garbage-first heap   total reserved 4194304K, committed 110592K, used 54784K [0x00000004d5000000, 0x00000005d5000000)
  region size 2048K, 5 young (10240K), 1 survivors (2048K)
 Metaspace       used 30258K, committed 30592K, reserved 1114112K
  class space    used 3131K, committed 3264K, reserved 1048576K
}
Event: 21.361 GC heap after
{Heap after GC invocations=30 (full 0):
 garbage-first heap   total reserved 4194304K, committed 110592K, used 32258K [0x00000004d5000000, 0x00000005d5000000)
  region size 2048K, 1 young (2048K), 1 survivors (2048K)
 Metaspace       used 30258K, committed 30592K, reserved 1114112K
  class space    used 3131K, committed 3264K, reserved 1048576K
}
Event: 21.625 GC heap before
{Heap before GC invocations=30 (full 0):
 garbage-first heap   total reserved 4194304K, committed 110592K, used 54786K [0x00000004d5000000, 0x00000005d5000000)
  region size 2048K, 5 young (10240K), 1 survivors (2048K)
 Metaspace       used 30259K, committed 30592K, reserved 1114112K
  class space    used 3131K, committed 3264K, reserved 1048576K
}
Event: 21.626 GC heap after
{Heap after GC invocations=31 (full 0):
 garbage-first heap   total reserved 4194304K, committed 110592K, used 32262K [0x00000004d5000000, 0x00000005d5000000)
  region size 2048K, 1 young (2048K), 1 survivors (2048K)
 Metaspace       used 30259K, committed 30592K, reserved 1114112K
  class space    used 3131K, committed 3264K, reserved 1048576K
}
Event: 21.891 GC heap before
{Heap before GC invocations=31 (full 0):
 garbage-first heap   total reserved 4194304K, committed 110592K, used 54790K [0x00000004d5000000, 0x00000005d5000000)
  region size 2048K, 5 young (10240K), 1 survivors (2048K)
 Metaspace       used 30260K, committed 30592K, reserved 1114112K
  class space    used 3131K, committed 3264K, reserved 1048576K
}
Event: 21.892 GC heap after
{Heap after GC invocations=32 (full 0):
 garbage-first heap   total reserved 4194304K, committed 110592K, used 32264K [0x00000004d5000000, 0x00000005d5000000)
  region size 2048K, 1 young (2048K), 1 survivors (2048K)
 Metaspace       used 30260K, committed 30592K, reserved 1114112K
  class space    used 3131K, committed 3264K, reserved 1048576K
}
Event: 22.159 GC heap before
{Heap before GC invocations=32 (full 0):
 garbage-first heap   total reserved 4194304K, committed 110592K, used 54792K [0x00000004d5000000, 0x00000005d5000000)
  region size 2048K, 5 young (10240K), 1 survivors (2048K)
 Metaspace       used 30267K, committed 30592K, reserved 1114112K
  class space    used 3131K, committed 3264K, reserved 1048576K
}
Event: 22.160 GC heap after
{Heap after GC invocations=33 (full 0):
 garbage-first heap   total reserved 4194304K, committed 110592K, used 32274K [0x00000004d5000000, 0x00000005d5000000)
  region size 2048K, 1 young (2048K), 1 survivors (2048K)
 Metaspace       used 30267K, committed 30592K, reserved 1114112K
  class space    used 3131K, committed 3264K, reserved 1048576K
}
Event: 22.425 GC heap before
{Heap before GC invocations=33 (full 0):
 garbage-first heap   total reserved 4194304K, committed 110592K, used 54802K [0x00000004d5000000, 0x00000005d5000000)
  region size 2048K, 5 young (10240K), 1 survivors (2048K)
 Metaspace       used 30278K, committed 30592K, reserved 1114112K
  class space    used 3131K, committed 3264K, reserved 1048576K
}
Event: 22.426 GC heap after
{Heap after GC invocations=34 (full 0):
 garbage-first heap   total reserved 4194304K, committed 110592K, used 32284K [0x00000004d5000000, 0x00000005d5000000)
  region size 2048K, 1 young (2048K), 1 survivors (2048K)
 Metaspace       used 30278K, committed 30592K, reserved 1114112K
  class space    used 3131K, committed 3264K, reserved 1048576K
}
Event: 22.692 GC heap before
{Heap before GC invocations=34 (full 0):
 garbage-first heap   total reserved 4194304K, committed 110592K, used 54812K [0x00000004d5000000, 0x00000005d5000000)
  region size 2048K, 5 young (10240K), 1 survivors (2048K)
 Metaspace       used 30320K, committed 30592K, reserved 1114112K
  class space    used 3131K, committed 3264K, reserved 1048576K
}
Event: 22.693 GC heap after
{Heap after GC invocations=35 (full 0):
 garbage-first heap   total reserved 4194304K, committed 110592K, used 32293K [0x00000004d5000000, 0x00000005d5000000)
  region size 2048K, 1 young (2048K), 1 survivors (2048K)
 Metaspace       used 30320K, committed 30592K, reserved 1114112K
  class space    used 3131K, committed 3264K, reserved 1048576K
}

Dll operation events (20 events):
Event: 12.034 Loading shared library /Network/Library/Java/Extensions/libopencv_cudev.dylib failed, dlopen(/Network/Library/Java/Extensions/libopencv_cudev.dylib, 0x0001): tried: '/Network/Library/Java/Extensions/libopencv_cudev.dylib' (no such file), '/System/Volumes/
Event: 12.034 Loading shared library /Network/Library/Java/Extensions/libopencv_cudev.jnilib failed, dlopen(/Network/Library/Java/Extensions/libopencv_cudev.jnilib, 0x0001): tried: '/Network/Library/Java/Extensions/libopencv_cudev.jnilib' (no such file), '/System/Volum
Event: 12.035 Loading shared library /System/Library/Java/Extensions/libopencv_cudev.dylib failed, dlopen(/System/Library/Java/Extensions/libopencv_cudev.dylib, 0x0001): tried: '/System/Library/Java/Extensions/libopencv_cudev.dylib' (no such file), '/System/Volumes/Pre
Event: 12.035 Loading shared library /System/Library/Java/Extensions/libopencv_cudev.jnilib failed, dlopen(/System/Library/Java/Extensions/libopencv_cudev.jnilib, 0x0001): tried: '/System/Library/Java/Extensions/libopencv_cudev.jnilib' (no such file), '/System/Volumes/
Event: 12.035 Loading shared library /usr/lib/java/libopencv_cudev.dylib failed, dlopen(/usr/lib/java/libopencv_cudev.dylib, 0x0001): tried: '/usr/lib/java/libopencv_cudev.dylib' (no such file), '/System/Volumes/Preboot/Cryptexes/OS/usr/lib/java/libopencv_cudev.dylib' 
Event: 12.035 Loading shared library /usr/lib/java/libopencv_cudev.jnilib failed, dlopen(/usr/lib/java/libopencv_cudev.jnilib, 0x0001): tried: '/usr/lib/java/libopencv_cudev.jnilib' (no such file), '/System/Volumes/Preboot/Cryptexes/OS/usr/lib/java/libopencv_cudev.jnil
Event: 12.035 Loading shared library /Users/blueonion/Documents/Do_an/Do_an_co_so_4/ChatRoom/workspace/client/libopencv_cudev.dylib failed, dlopen(/Users/blueonion/Documents/Do_an/Do_an_co_so_4/ChatRoom/workspace/client/libopencv_cudev.dylib, 0x0001): tried: '/Users/bl
Event: 12.035 Loading shared library /Users/blueonion/Documents/Do_an/Do_an_co_so_4/ChatRoom/workspace/client/libopencv_cudev.jnilib failed, dlopen(/Users/blueonion/Documents/Do_an/Do_an_co_so_4/ChatRoom/workspace/client/libopencv_cudev.jnilib, 0x0001): tried: '/Users/
Event: 12.048 Loaded shared library /Users/blueonion/.javacpp/cache/opencv-4.9.0-1.5.10-macosx-arm64.jar/org/bytedeco/opencv/macosx-arm64/libopencv_core.409.dylib
Event: 12.056 Loaded shared library /Users/blueonion/.javacpp/cache/opencv-4.9.0-1.5.10-macosx-arm64.jar/org/bytedeco/opencv/macosx-arm64/libopencv_imgproc.409.dylib
Event: 12.124 Loaded shared library /Users/blueonion/.javacpp/cache/opencv-4.9.0-1.5.10-macosx-arm64.jar/org/bytedeco/opencv/macosx-arm64/libjniopencv_core.dylib
Event: 12.213 Loaded shared library /Users/blueonion/.javacpp/cache/opencv-4.9.0-1.5.10-macosx-arm64.jar/org/bytedeco/opencv/macosx-arm64/libjniopencv_imgproc.dylib
Event: 12.226 Loaded shared library /Users/blueonion/.javacpp/cache/opencv-4.9.0-1.5.10-macosx-arm64.jar/org/bytedeco/opencv/macosx-arm64/libopencv_imgcodecs.409.dylib
Event: 12.229 Loaded shared library /Users/blueonion/.javacpp/cache/opencv-4.9.0-1.5.10-macosx-arm64.jar/org/bytedeco/opencv/macosx-arm64/libjniopencv_imgcodecs.dylib
Event: 12.235 Loaded shared library /Users/blueonion/.javacpp/cache/opencv-4.9.0-1.5.10-macosx-arm64.jar/org/bytedeco/opencv/macosx-arm64/libopencv_videoio.409.dylib
Event: 12.238 Loaded shared library /Users/blueonion/.javacpp/cache/opencv-4.9.0-1.5.10-macosx-arm64.jar/org/bytedeco/opencv/macosx-arm64/libjniopencv_videoio.dylib
Event: 13.888 Loaded shared library /Users/blueonion/Library/Java/JavaVirtualMachines/openjdk-24.0.1/Contents/Home/lib/libawt.dylib
Event: 13.893 Loaded shared library /Users/blueonion/Library/Java/JavaVirtualMachines/openjdk-24.0.1/Contents/Home/lib/libawt_lwawt.dylib
Event: 13.938 Loaded shared library /Users/blueonion/Library/Java/JavaVirtualMachines/openjdk-24.0.1/Contents/Home/lib/libfontmanager.dylib
Event: 14.017 Loaded shared library /Users/blueonion/Library/Java/JavaVirtualMachines/openjdk-24.0.1/Contents/Home/lib/libjavajpeg.dylib

Deoptimization events (20 events):
Event: 16.479 Thread 0x0000000923321000 DEOPT PACKING pc=0x00000001236dd1b8 sp=0x0000000171c91b40
Event: 16.479 Thread 0x0000000923321000 DEOPT UNPACKING pc=0x000000012a379ebc sp=0x0000000171c917e0 mode 0
Event: 16.479 Thread 0x0000000923321000 DEOPT PACKING pc=0x00000001236dd1b8 sp=0x0000000171c91b40
Event: 16.479 Thread 0x0000000923321000 DEOPT UNPACKING pc=0x000000012a379ebc sp=0x0000000171c917e0 mode 0
Event: 16.479 Thread 0x0000000923321000 DEOPT PACKING pc=0x00000001236dd1b8 sp=0x0000000171c91b40
Event: 16.479 Thread 0x0000000923321000 DEOPT UNPACKING pc=0x000000012a379ebc sp=0x0000000171c917e0 mode 0
Event: 17.377 Thread 0x00000009243cb800 Uncommon trap: trap_request=0xffffff6e fr.pc=0x000000012aa15194 relative=0x0000000000000854
Event: 17.377 Thread 0x00000009243cb800 Uncommon trap: reason=loop_limit_check action=maybe_recompile pc=0x000000012aa15194 method=javafx.scene.Parent.pickChildrenNode(Lcom/sun/javafx/geom/PickRay;Lcom/sun/javafx/scene/input/PickResultChooser;)Z @ 17 c2
Event: 17.377 Thread 0x00000009243cb800 DEOPT PACKING pc=0x000000012aa15194 sp=0x000000016d20edf0
Event: 17.377 Thread 0x00000009243cb800 DEOPT UNPACKING pc=0x000000012a446b1c sp=0x000000016d20eb30 mode 2
Event: 18.876 Thread 0x00000009243cb800 DEOPT PACKING pc=0x00000001234a5318 sp=0x000000016d20f380
Event: 18.876 Thread 0x00000009243cb800 DEOPT UNPACKING pc=0x000000012a379ebc sp=0x000000016d20f060 mode 3
Event: 22.901 Thread 0x00000009243cb800 Uncommon trap: trap_request=0xffffff76 fr.pc=0x000000012aa1d170 relative=0x0000000000000470
Event: 22.901 Thread 0x00000009243cb800 Uncommon trap: reason=predicate action=maybe_recompile pc=0x000000012aa1d170 method=java.util.ArrayList.remove(Ljava/lang/Object;)Z @ 42 c2
Event: 22.901 Thread 0x00000009243cb800 DEOPT PACKING pc=0x000000012aa1d170 sp=0x000000016d20eeb0
Event: 22.901 Thread 0x00000009243cb800 DEOPT UNPACKING pc=0x000000012a446b1c sp=0x000000016d20ee60 mode 2
Event: 22.937 Thread 0x00000009243cb800 Uncommon trap: trap_request=0xffffffc6 fr.pc=0x000000012a9bae80 relative=0x00000000000006c0
Event: 22.937 Thread 0x00000009243cb800 Uncommon trap: reason=bimorphic_or_optimized_type_check action=maybe_recompile pc=0x000000012a9bae80 method=javafx.scene.Node.getLocalBounds(Lcom/sun/javafx/geom/BaseBounds;Lcom/sun/javafx/geom/transform/BaseTransform;)Lcom/sun/javafx/geom/BaseBounds; @ 4
Event: 22.937 Thread 0x00000009243cb800 DEOPT PACKING pc=0x000000012a9bae80 sp=0x000000016d20ea70
Event: 22.937 Thread 0x00000009243cb800 DEOPT UNPACKING pc=0x000000012a446b1c sp=0x000000016d20e9b0 mode 2

Classes loaded (20 events):
Event: 16.377 Loading class javax/imageio/ImageReadParam done
Event: 16.377 Loading class javax/imageio/plugins/jpeg/JPEGImageReadParam done
Event: 16.379 Loading class com/sun/imageio/plugins/jpeg/ImageTypeProducer
Event: 16.379 Loading class com/sun/imageio/plugins/jpeg/ImageTypeProducer done
Event: 16.379 Loading class com/sun/imageio/plugins/jpeg/ImageTypeIterator
Event: 16.379 Loading class com/sun/imageio/plugins/jpeg/ImageTypeIterator done
Event: 16.379 Loading class sun/awt/image/ShortComponentRaster
Event: 16.379 Loading class sun/awt/image/ShortComponentRaster done
Event: 22.873 Loading class java/net/SocketException
Event: 22.873 Loading class java/net/SocketException done
Event: 22.874 Loading class java/nio/channels/AsynchronousCloseException
Event: 22.874 Loading class java/nio/channels/ClosedChannelException
Event: 22.874 Loading class java/nio/channels/ClosedChannelException done
Event: 22.874 Loading class java/nio/channels/AsynchronousCloseException done
Event: 22.874 Loading class java/net/SocketTimeoutException
Event: 22.874 Loading class java/io/InterruptedIOException
Event: 22.874 Loading class java/io/InterruptedIOException done
Event: 22.874 Loading class java/net/SocketTimeoutException done
Event: 22.874 Loading class java/nio/channels/ClosedByInterruptException
Event: 22.874 Loading class java/nio/channels/ClosedByInterruptException done

Classes unloaded (0 events):
No events

Classes redefined (0 events):
No events

Internal exceptions (20 events):
Event: 13.927 Thread 0x0000000923320800 Exception <a 'java/lang/ClassNotFoundException'{0x00000004d8454b60}: sun/awt/resources/spi/awtProvider> (0x00000004d8454b60) 
thrown [open/src/hotspot/share/classfile/systemDictionary.cpp, line 327]
Event: 13.928 Thread 0x0000000923320800 Exception <a 'java/io/FileNotFoundException'{0x00000004d8456f40}> (0x00000004d8456f40) 
thrown [open/src/hotspot/share/prims/jni.cpp, line 518]
Event: 13.928 Thread 0x0000000923320800 Exception <a 'java/io/FileNotFoundException'{0x00000004d84578e8}> (0x00000004d84578e8) 
thrown [open/src/hotspot/share/prims/jni.cpp, line 518]
Event: 13.934 Thread 0x0000000923320800 Exception <a 'java/lang/ClassNotFoundException'{0x00000004d8458e48}: sun/awt/resources/spi/awtosxProvider> (0x00000004d8458e48) 
thrown [open/src/hotspot/share/classfile/systemDictionary.cpp, line 327]
Event: 13.949 Thread 0x0000000923320800 Exception <a 'java/lang/NoSuchMethodError'{0x00000004d8471e10}: 'int java.lang.invoke.DirectMethodHandle$Holder.invokeStaticInit(java.lang.Object, int)'> (0x00000004d8471e10) 
thrown [open/src/hotspot/share/interpreter/linkResolver.cpp, line 805]
Event: 13.951 Thread 0x0000000923320800 Exception <a 'java/lang/NoSuchMethodError'{0x00000004d8476468}: 'long java.lang.invoke.DirectMethodHandle$Holder.invokeStatic(java.lang.Object, java.lang.Object)'> (0x00000004d8476468) 
thrown [open/src/hotspot/share/interpreter/linkResolver.cpp, line 805]
Event: 13.951 Thread 0x0000000923320800 Exception <a 'java/lang/NoSuchMethodError'{0x00000004d85831e0}: 'long java.lang.invoke.DirectMethodHandle$Holder.invokeStaticInit(java.lang.Object, java.lang.Object)'> (0x00000004d85831e0) 
thrown [open/src/hotspot/share/interpreter/linkResolver.cpp, line 805]
Event: 13.952 Thread 0x0000000923320800 Exception <a 'java/lang/NoSuchMethodError'{0x00000004d858b880}: 'java.lang.Object java.lang.invoke.DirectMethodHandle$Holder.invokeStatic(java.lang.Object, long, java.lang.Object)'> (0x00000004d858b880) 
thrown [open/src/hotspot/share/interpreter/linkResolver.cpp, line 805]
Event: 13.953 Thread 0x0000000923320800 Exception <a 'java/lang/NoSuchMethodError'{0x00000004d8593978}: 'java.lang.Object java.lang.invoke.DirectMethodHandle$Holder.invokeStaticInit(java.lang.Object, long, java.lang.Object)'> (0x00000004d8593978) 
thrown [open/src/hotspot/share/interpreter/linkResolver.cpp, line 805]
Event: 13.953 Thread 0x0000000923320800 Exception <a 'java/lang/NoSuchMethodError'{0x00000004d859bc28}: 'java.lang.Object java.lang.invoke.DirectMethodHandle$Holder.invokeStatic(java.lang.Object, long)'> (0x00000004d859bc28) 
thrown [open/src/hotspot/share/interpreter/linkResolver.cpp, line 805]
Event: 13.953 Thread 0x0000000923320800 Exception <a 'java/lang/NoSuchMethodError'{0x00000004d85a3c28}: 'java.lang.Object java.lang.invoke.DirectMethodHandle$Holder.invokeStaticInit(java.lang.Object, long)'> (0x00000004d85a3c28) 
thrown [open/src/hotspot/share/interpreter/linkResolver.cpp, line 805]
Event: 13.964 Thread 0x0000000923320800 Exception <a 'java/lang/NoSuchMethodError'{0x00000004d85bfee0}: 'long java.lang.invoke.DirectMethodHandle$Holder.invokeStaticInit(java.lang.Object, long, long, long, long)'> (0x00000004d85bfee0) 
thrown [open/src/hotspot/share/interpreter/linkResolver.cpp, line 805]
Event: 13.964 Thread 0x0000000923320800 Exception <a 'java/lang/NoSuchMethodError'{0x00000004d85c87f8}: 'java.lang.Object java.lang.invoke.DirectMethodHandle$Holder.invokeInterface(java.lang.Object, java.lang.Object, long, long)'> (0x00000004d85c87f8) 
thrown [open/src/hotspot/share/interpreter/linkResolver.cpp, line 805]
Event: 13.965 Thread 0x0000000923320800 Exception <a 'java/lang/NoSuchMethodError'{0x00000004d85e0c08}: 'void java.lang.invoke.DirectMethodHandle$Holder.invokeStaticInit(java.lang.Object, java.lang.Object, long, java.lang.Object)'> (0x00000004d85e0c08) 
thrown [open/src/hotspot/share/interpreter/linkResolver.cpp, line 805]
Event: 13.965 Thread 0x0000000923320800 Exception <a 'java/lang/NoSuchMethodError'{0x00000004d85e92e8}: 'long java.lang.invoke.DirectMethodHandle$Holder.invokeStatic(java.lang.Object, long, long)'> (0x00000004d85e92e8) 
thrown [open/src/hotspot/share/interpreter/linkResolver.cpp, line 805]
Event: 13.968 Thread 0x0000000923320800 Exception <a 'java/lang/NoSuchMethodError'{0x00000004d82f4068}: 'java.lang.Object java.lang.invoke.DirectMethodHandle$Holder.newInvokeSpecial(java.lang.Object, int, java.lang.Object)'> (0x00000004d82f4068) 
thrown [open/src/hotspot/share/interpreter/linkResolver.cpp, line 805]
Event: 13.970 Thread 0x0000000923320800 Exception <a 'java/lang/NoSuchMethodError'{0x00000004d830e190}: 'void java.lang.invoke.DelegatingMethodHandle$Holder.reinvoke_L(java.lang.Object, java.lang.Object, java.lang.Object, java.lang.Object, long, long, int)'> (0x00000004d830e190) 
thrown [open/src/hotspot/share/interpreter/linkResolver.cpp, line 805]
Event: 13.972 Thread 0x0000000923320800 Exception <a 'java/lang/NoSuchMethodError'{0x00000004d832dd48}: 'java.lang.Object java.lang.invoke.DirectMethodHandle$Holder.invokeStatic(java.lang.Object, java.lang.Object, java.lang.Object, java.lang.Object, java.lang.Object, long)'> (0x00000004d832dd48) 
thrown [open/src/hotspot/share/interpreter/linkResolver.cpp, line 805]
Event: 13.975 Thread 0x0000000923320800 Exception <a 'java/lang/NoSuchMethodError'{0x00000004d8351e30}: 'void java.lang.invoke.DelegatingMethodHandle$Holder.reinvoke_L(java.lang.Object, java.lang.Object, java.lang.Object, java.lang.Object, long, long, long)'> (0x00000004d8351e30) 
thrown [open/src/hotspot/share/interpreter/linkResolver.cpp, line 805]
Event: 22.873 Thread 0x0000000923321000 Exception <a 'java/net/SocketException'{0x00000004e4c67388}> (0x00000004e4c67388) 
thrown [open/src/hotspot/share/prims/jni.cpp, line 518]

VM Operations (20 events):
Event: 20.292 Executing VM operation: G1TryInitiateConcMark (G1 Humongous Allocation)
Event: 20.293 Executing VM operation: G1TryInitiateConcMark (G1 Humongous Allocation) done
Event: 20.558 Executing VM operation: G1TryInitiateConcMark (G1 Humongous Allocation)
Event: 20.559 Executing VM operation: G1TryInitiateConcMark (G1 Humongous Allocation) done
Event: 20.827 Executing VM operation: G1TryInitiateConcMark (G1 Humongous Allocation)
Event: 20.828 Executing VM operation: G1TryInitiateConcMark (G1 Humongous Allocation) done
Event: 21.093 Executing VM operation: G1TryInitiateConcMark (G1 Humongous Allocation)
Event: 21.094 Executing VM operation: G1TryInitiateConcMark (G1 Humongous Allocation) done
Event: 21.360 Executing VM operation: G1TryInitiateConcMark (G1 Humongous Allocation)
Event: 21.361 Executing VM operation: G1TryInitiateConcMark (G1 Humongous Allocation) done
Event: 21.625 Executing VM operation: G1TryInitiateConcMark (G1 Humongous Allocation)
Event: 21.626 Executing VM operation: G1TryInitiateConcMark (G1 Humongous Allocation) done
Event: 21.891 Executing VM operation: G1TryInitiateConcMark (G1 Humongous Allocation)
Event: 21.892 Executing VM operation: G1TryInitiateConcMark (G1 Humongous Allocation) done
Event: 22.159 Executing VM operation: G1TryInitiateConcMark (G1 Humongous Allocation)
Event: 22.160 Executing VM operation: G1TryInitiateConcMark (G1 Humongous Allocation) done
Event: 22.425 Executing VM operation: G1TryInitiateConcMark (G1 Humongous Allocation)
Event: 22.426 Executing VM operation: G1TryInitiateConcMark (G1 Humongous Allocation) done
Event: 22.692 Executing VM operation: G1TryInitiateConcMark (G1 Humongous Allocation)
Event: 22.693 Executing VM operation: G1TryInitiateConcMark (G1 Humongous Allocation) done

Memory protections (20 events):
Event: 0.018 Protecting memory [0x000000016f064000,0x000000016f070000] with protection modes 0
Event: 0.045 Protecting memory [0x000000016f270000,0x000000016f27c000] with protection modes 0
Event: 0.132 Protecting memory [0x000000016f47c000,0x000000016f488000] with protection modes 0
Event: 0.132 Protecting memory [0x000000016f688000,0x000000016f694000] with protection modes 0
Event: 0.138 Protecting memory [0x000000016f894000,0x000000016f8a0000] with protection modes 0
Event: 0.188 Protecting memory [0x000000016faa0000,0x000000016faac000] with protection modes 0
Event: 0.285 Protecting memory [0x000000016fcac000,0x000000016fcb8000] with protection modes 0
Event: 0.286 Protecting memory [0x000000016ca1c000,0x000000016ca28000] with protection modes 0
Event: 0.354 Protecting memory [0x000000016ff44000,0x000000016ff50000] with protection modes 0
Event: 0.693 Protecting memory [0x000000017005c000,0x0000000170068000] with protection modes 0
Event: 0.914 Protecting memory [0x0000000171260000,0x000000017126c000] with protection modes 0
Event: 7.475 Protecting memory [0x000000017146c000,0x0000000171478000] with protection modes 0
Event: 11.834 Protecting memory [0x0000000171678000,0x0000000171684000] with protection modes 0
Event: 11.834 Protecting memory [0x0000000171884000,0x0000000171890000] with protection modes 0
Event: 11.834 Protecting memory [0x0000000171a90000,0x0000000171a9c000] with protection modes 0
Event: 11.949 Protecting memory [0x0000000172070000,0x000000017207c000] with protection modes 0
Event: 12.356 Protecting memory [0x0000000171678000,0x0000000171684000] with protection modes 3
Event: 13.956 Protecting memory [0x0000000300c7c000,0x0000000300c88000] with protection modes 0
Event: 13.977 Protecting memory [0x0000000301a8c000,0x0000000301a98000] with protection modes 0
Event: 22.874 Protecting memory [0x0000000171a90000,0x0000000171a9c000] with protection modes 3

Nmethod flushes (0 events):
No events

Events (20 events):
Event: 0.018 Thread 0x00000001031742b0 Thread added: 0x0000000924da2800
Event: 0.045 Thread 0x00000001031742b0 Thread added: 0x0000000924da3000
Event: 0.132 Thread 0x00000001031742b0 Thread added: 0x0000000924f68000
Event: 0.132 Thread 0x00000001031742b0 Thread added: 0x0000000924f69800
Event: 0.138 Thread 0x00000001031742b0 Thread added: 0x0000000924f6a800
Event: 0.188 Thread 0x0000000924f6a800 Thread added: 0x00000009243c8800
Event: 0.285 Thread 0x0000000924f6a800 Thread added: 0x00000009243cb000
Event: 0.286 Thread 0x00000009243cb800 Thread added: 0x00000009243cb800
Event: 0.354 Thread 0x0000000923c66800 Thread added: 0x0000000923c66800
Event: 0.693 Thread 0x00000009243cb800 Thread added: 0x0000000923dff000
Event: 0.914 Thread 0x00000009243c8800 Thread added: 0x0000000923882800
Event: 7.475 Thread 0x00000009243cb800 Thread added: 0x0000000923b4d000
Event: 11.834 Thread 0x00000009243cb800 Thread added: 0x0000000923320000
Event: 11.834 Thread 0x00000009243cb800 Thread added: 0x0000000923320800
Event: 11.834 Thread 0x00000009243cb800 Thread added: 0x0000000923321000
Event: 11.948 Thread 0x0000000923320800 Thread added: 0x0000000923bf8800
Event: 12.356 Thread 0x0000000923320000 Thread exited: 0x0000000923320000
Event: 13.956 Thread 0x0000000923320800 Thread added: 0x0000000923323000
Event: 13.977 Thread 0x0000000923320800 Thread added: 0x00000009233e1000
Event: 22.874 Thread 0x0000000923321000 Thread exited: 0x0000000923321000


Dynamic libraries:
0x0000000102c28000 	/Users/blueonion/Library/Java/JavaVirtualMachines/openjdk-24.0.1/Contents/Home/lib/libjli.dylib
0x00000001a52db000 	/System/Library/Frameworks/ApplicationServices.framework/Versions/A/ApplicationServices
0x000000018fb48000 	/System/Library/Frameworks/CoreGraphics.framework/Versions/A/CoreGraphics
0x000000018bc83000 	/System/Library/Frameworks/CoreText.framework/Versions/A/CoreText
0x0000000195c44000 	/System/Library/Frameworks/ImageIO.framework/Versions/A/ImageIO
0x00000001902a2000 	/System/Library/Frameworks/ColorSync.framework/Versions/A/ColorSync
0x000000019cb10000 	/System/Library/Frameworks/ApplicationServices.framework/Versions/A/Frameworks/ATS.framework/Versions/A/ATS
0x00000001a0d3c000 	/System/Library/Frameworks/CoreServices.framework/Versions/A/CoreServices
0x000000019044e000 	/System/Library/Frameworks/ApplicationServices.framework/Versions/A/Frameworks/HIServices.framework/Versions/A/HIServices
0x000000019b1c1000 	/System/Library/Frameworks/ApplicationServices.framework/Versions/A/Frameworks/PrintCore.framework/Versions/A/PrintCore
0x000000019ced2000 	/System/Library/Frameworks/ApplicationServices.framework/Versions/A/Frameworks/QD.framework/Versions/A/QD
0x000000019cecd000 	/System/Library/Frameworks/ApplicationServices.framework/Versions/A/Frameworks/ColorSyncLegacy.framework/Versions/A/ColorSyncLegacy
0x000000019cae2000 	/System/Library/Frameworks/ApplicationServices.framework/Versions/A/Frameworks/SpeechSynthesis.framework/Versions/A/SpeechSynthesis
0x000000019886f000 	/usr/lib/libSystem.B.dylib
0x000000018f581000 	/System/Library/PrivateFrameworks/SkyLight.framework/Versions/A/SkyLight
0x0000000190c97000 	/System/Library/PrivateFrameworks/ProtocolBuffer.framework/Versions/A/ProtocolBuffer
0x0000000198874000 	/System/Library/PrivateFrameworks/SoftLinking.framework/Versions/A/SoftLinking
0x000000018ca87000 	/usr/lib/libicucore.A.dylib
0x00000001925ff000 	/System/Library/PrivateFrameworks/CoreAnalytics.framework/Versions/A/CoreAnalytics
0x0000000195615000 	/System/Library/PrivateFrameworks/FontServices.framework/libFontParser.dylib
0x00000001a0fb3000 	/System/Library/Frameworks/Accelerate.framework/Versions/A/Accelerate
0x0000000195123000 	/System/Library/Frameworks/IOSurface.framework/Versions/A/IOSurface
0x0000000193358000 	/usr/lib/libxml2.2.dylib
0x000000018f0ea000 	/System/Library/Frameworks/CFNetwork.framework/Versions/A/CFNetwork
0x0000000188ddf000 	/System/Library/Frameworks/CoreFoundation.framework/Versions/A/CoreFoundation
0x000000018a632000 	/System/Library/Frameworks/Foundation.framework/Versions/C/Foundation
0x00000001987b8000 	/usr/lib/libz.1.dylib
0x0000000188948000 	/usr/lib/libobjc.A.dylib
0x0000000188cae000 	/usr/lib/libc++.1.dylib
0x000000018c662000 	/System/Library/Frameworks/Security.framework/Versions/A/Security
0x00000002426a2000 	/System/Library/PrivateFrameworks/CollectionsInternal.framework/Versions/A/CollectionsInternal
0x000000019c1d7000 	/usr/lib/swift/libswiftCore.dylib
0x00000001b57a7000 	/usr/lib/swift/libswiftCoreFoundation.dylib
0x00000001a2a66000 	/usr/lib/swift/libswiftDispatch.dylib
0x00000001b5801000 	/usr/lib/swift/libswiftIOKit.dylib
0x00000001a592c000 	/usr/lib/swift/libswiftObjectiveC.dylib
0x00000001b57b9000 	/usr/lib/swift/libswiftXPC.dylib
0x00000002881a3000 	/usr/lib/swift/libswift_Builtin_float.dylib
0x000000023f488000 	/System/Library/PrivateFrameworks/BiomeLibrary.framework/Versions/A/BiomeLibrary
0x0000000190f3c000 	/System/Library/PrivateFrameworks/BaseBoard.framework/Versions/A/BaseBoard
0x00000001a2dca000 	/System/Library/PrivateFrameworks/BoardServices.framework/Versions/A/BoardServices
0x00000001a4b9d000 	/System/Library/PrivateFrameworks/BackBoardServices.framework/Versions/A/BackBoardServices
0x000000023f3a1000 	/System/Library/PrivateFrameworks/BackBoardHIDEventFoundation.framework/Versions/A/BackBoardHIDEventFoundation
0x000000019343f000 	/System/Library/Frameworks/CoreVideo.framework/Versions/A/CoreVideo
0x000000019262f000 	/usr/lib/libDiagnosticMessagesClient.dylib
0x000000018b794000 	/System/Library/Frameworks/CoreDisplay.framework/Versions/A/CoreDisplay
0x0000000197b06000 	/usr/lib/libbsm.0.dylib
0x000000019aaf8000 	/System/Library/Frameworks/VideoToolbox.framework/Versions/A/VideoToolbox
0x0000000198a92000 	/System/Library/Frameworks/MetalPerformanceShaders.framework/Versions/A/MetalPerformanceShaders
0x00000001977d6000 	/System/Library/PrivateFrameworks/IOMobileFramebuffer.framework/Versions/A/IOMobileFramebuffer
0x000000026888d000 	/System/Library/PrivateFrameworks/ProDisplayLibrary.framework/Versions/A/ProDisplayLibrary
0x00000001a897d000 	/System/Library/PrivateFrameworks/IOSurfaceAccelerator.framework/Versions/A/IOSurfaceAccelerator
0x000000019102d000 	/System/Library/PrivateFrameworks/RunningBoardServices.framework/Versions/A/RunningBoardServices
0x000000018a291000 	/System/Library/Frameworks/SystemConfiguration.framework/Versions/A/SystemConfiguration
0x000000019514b000 	/System/Library/Frameworks/Metal.framework/Versions/A/Metal
0x0000000195140000 	/System/Library/PrivateFrameworks/IOAccelerator.framework/Versions/A/IOAccelerator
0x0000000195458000 	/System/Library/Frameworks/CoreMedia.framework/Versions/A/CoreMedia
0x000000018f55c000 	/System/Library/PrivateFrameworks/TCC.framework/Versions/A/TCC
0x000000018f4c3000 	/usr/lib/libMobileGestalt.dylib
0x000000019aab0000 	/System/Library/PrivateFrameworks/WatchdogClient.framework/Versions/A/WatchdogClient
0x0000000192b64000 	/System/Library/Frameworks/QuartzCore.framework/Versions/A/QuartzCore
0x000000018d0df000 	/System/Library/Frameworks/IOKit.framework/Versions/A/IOKit
0x0000000198a9b000 	/usr/lib/libcompression.dylib
0x000000019aab2000 	/System/Library/PrivateFrameworks/MultitouchSupport.framework/Versions/A/MultitouchSupport
0x00000001ccf9f000 	/usr/lib/swift/libswiftAccelerate.dylib
0x00000001b5787000 	/usr/lib/swift/libswiftCoreAudio.dylib
0x00000001d0fe7000 	/usr/lib/swift/libswiftCoreMedia.dylib
0x00000001c3409000 	/usr/lib/swift/libswiftMetal.dylib
0x00000001d278e000 	/usr/lib/swift/libswiftOSLog.dylib
0x00000001c8722000 	/usr/lib/swift/libswiftQuartzCore.dylib
0x00000001ccf90000 	/usr/lib/swift/libswiftUniformTypeIdentifiers.dylib
0x000000028818b000 	/usr/lib/swift/libswiftVideoToolbox.dylib
0x00000001a5930000 	/usr/lib/swift/libswiftos.dylib
0x00000001b9266000 	/usr/lib/swift/libswiftsimd.dylib
0x00000001c4429000 	/System/Library/PrivateFrameworks/BiomeStreams.framework/Versions/A/BiomeStreams
0x00000001ca548000 	/System/Library/PrivateFrameworks/BiomeStorage.framework/Versions/A/BiomeStorage
0x00000001c05f4000 	/System/Library/PrivateFrameworks/BiomeFoundation.framework/Versions/A/BiomeFoundation
0x0000000259d53000 	/System/Library/PrivateFrameworks/IntelligencePlatformLibrary.framework/Versions/A/IntelligencePlatformLibrary
0x0000000190cb3000 	/usr/lib/libsqlite3.dylib
0x0000000267b8c000 	/System/Library/PrivateFrameworks/PoirotSchematizer.framework/Versions/A/PoirotSchematizer
0x000000023fcd0000 	/System/Library/PrivateFrameworks/BiomeSync.framework/Versions/A/BiomeSync
0x000000023f46e000 	/System/Library/PrivateFrameworks/BiomeDSL.framework/Versions/A/BiomeDSL
0x00000001ca4ea000 	/System/Library/PrivateFrameworks/BiomePubSub.framework/Versions/A/BiomePubSub
0x00000001b566d000 	/System/Library/PrivateFrameworks/LoggingSupport.framework/Versions/A/LoggingSupport
0x00000001a68e6000 	/System/Library/PrivateFrameworks/ProactiveSupport.framework/Versions/A/ProactiveSupport
0x00000001e2eba000 	/System/Library/PrivateFrameworks/FeatureFlags.framework/Versions/A/FeatureFlags
0x00000001db01a000 	/System/Library/PrivateFrameworks/InternalSwiftProtobuf.framework/Versions/A/InternalSwiftProtobuf
0x0000000267bf6000 	/System/Library/PrivateFrameworks/PoirotUDFs.framework/Versions/A/PoirotUDFs
0x0000000288311000 	/usr/lib/swift/libswift_StringProcessing.dylib
0x0000000198869000 	/usr/lib/system/libcache.dylib
0x0000000198824000 	/usr/lib/system/libcommonCrypto.dylib
0x000000019884f000 	/usr/lib/system/libcompiler_rt.dylib
0x0000000198844000 	/usr/lib/system/libcopyfile.dylib
0x0000000188ae8000 	/usr/lib/system/libcorecrypto.dylib
0x0000000188be1000 	/usr/lib/system/libdispatch.dylib
0x000000018899c000 	/usr/lib/system/libdyld.dylib
0x000000019885f000 	/usr/lib/system/libkeymgr.dylib
0x0000000198807000 	/usr/lib/system/libmacho.dylib
0x0000000197ade000 	/usr/lib/system/libquarantine.dylib
0x000000019885c000 	/usr/lib/system/libremovefile.dylib
0x000000018f544000 	/usr/lib/system/libsystem_asl.dylib
0x0000000188a6d000 	/usr/lib/system/libsystem_blocks.dylib
0x0000000188c2b000 	/usr/lib/system/libsystem_c.dylib
0x0000000198853000 	/usr/lib/system/libsystem_collections.dylib
0x0000000196540000 	/usr/lib/system/libsystem_configuration.dylib
0x00000001950ea000 	/usr/lib/system/libsystem_containermanager.dylib
0x000000019826e000 	/usr/lib/system/libsystem_coreservices.dylib
0x000000018cd59000 	/usr/lib/system/libsystem_darwin.dylib
0x00000002884f9000 	/usr/lib/system/libsystem_darwindirectory.dylib
0x0000000198860000 	/usr/lib/system/libsystem_dnssd.dylib
0x00000002884fd000 	/usr/lib/system/libsystem_eligibility.dylib
0x0000000188c28000 	/usr/lib/system/libsystem_featureflags.dylib
0x0000000188daf000 	/usr/lib/system/libsystem_info.dylib
0x00000001987c8000 	/usr/lib/system/libsystem_m.dylib
0x0000000188b95000 	/usr/lib/system/libsystem_malloc.dylib
0x000000018f4a6000 	/usr/lib/system/libsystem_networkextension.dylib
0x000000018d1ca000 	/usr/lib/system/libsystem_notify.dylib
0x0000000196545000 	/usr/lib/system/libsystem_sandbox.dylib
0x0000000288507000 	/usr/lib/system/libsystem_sanitizers.dylib
0x0000000198858000 	/usr/lib/system/libsystem_secinit.dylib
0x0000000188d5c000 	/usr/lib/system/libsystem_kernel.dylib
0x0000000188da6000 	/usr/lib/system/libsystem_platform.dylib
0x0000000188d99000 	/usr/lib/system/libsystem_pthread.dylib
0x0000000191120000 	/usr/lib/system/libsystem_symptoms.dylib
0x0000000188ac7000 	/usr/lib/system/libsystem_trace.dylib
0x000000028850f000 	/usr/lib/system/libsystem_trial.dylib
0x0000000198832000 	/usr/lib/system/libunwind.dylib
0x0000000188a71000 	/usr/lib/system/libxpc.dylib
0x0000000188d41000 	/usr/lib/libc++abi.dylib
0x0000000286de9000 	/usr/lib/libRosetta.dylib
0x0000000287d3a000 	/usr/lib/libswiftPrespecialized.dylib
0x000000019330e000 	/System/Library/PrivateFrameworks/CoreAutoLayout.framework/Versions/A/CoreAutoLayout
0x0000000198871000 	/usr/lib/libfakelink.dylib
0x0000000192723000 	/System/Library/Frameworks/DiskArbitration.framework/Versions/A/DiskArbitration
0x00000001988c5000 	/usr/lib/libarchive.2.dylib
0x0000000196553000 	/usr/lib/liblangid.dylib
0x000000019ea47000 	/System/Library/Frameworks/Combine.framework/Versions/A/Combine
0x0000000269821000 	/System/Library/PrivateFrameworks/ReflectionInternal.framework/Versions/A/ReflectionInternal
0x000000026a6ad000 	/System/Library/PrivateFrameworks/RuntimeInternal.framework/Versions/A/RuntimeInternal
0x00000001b264e000 	/usr/lib/swift/libswiftDarwin.dylib
0x0000000288171000 	/usr/lib/swift/libswiftSystem.dylib
0x00000002881a6000 	/usr/lib/swift/libswift_Concurrency.dylib
0x0000000288230000 	/usr/lib/swift/libswift_DarwinFoundation1.dylib
0x000000018d05e000 	/System/Library/PrivateFrameworks/CoreServicesInternal.framework/Versions/A/CoreServicesInternal
0x000000019883c000 	/usr/lib/liboah.dylib
0x00000001a4d79000 	/System/Library/PrivateFrameworks/DiskImages.framework/Versions/A/DiskImages
0x00000001b2110000 	/System/Library/Frameworks/NetFS.framework/Versions/A/NetFS
0x00000001932d2000 	/System/Library/Frameworks/CoreServices.framework/Versions/A/Frameworks/FSEvents.framework/Versions/A/FSEvents
0x000000018cd64000 	/System/Library/Frameworks/CoreServices.framework/Versions/A/Frameworks/CarbonCore.framework/Versions/A/CarbonCore
0x0000000192697000 	/System/Library/Frameworks/CoreServices.framework/Versions/A/Frameworks/Metadata.framework/Versions/A/Metadata
0x0000000198276000 	/System/Library/Frameworks/CoreServices.framework/Versions/A/Frameworks/OSServices.framework/Versions/A/OSServices
0x00000001989bd000 	/System/Library/Frameworks/CoreServices.framework/Versions/A/Frameworks/SearchKit.framework/Versions/A/SearchKit
0x0000000191099000 	/System/Library/Frameworks/CoreServices.framework/Versions/A/Frameworks/AE.framework/Versions/A/AE
0x0000000189329000 	/System/Library/Frameworks/CoreServices.framework/Versions/A/Frameworks/LaunchServices.framework/Versions/A/LaunchServices
0x0000000199dde000 	/System/Library/Frameworks/CoreServices.framework/Versions/A/Frameworks/DictionaryServices.framework/Versions/A/DictionaryServices
0x00000001932e0000 	/System/Library/Frameworks/CoreServices.framework/Versions/A/Frameworks/SharedFileList.framework/Versions/A/SharedFileList
0x0000000198a52000 	/usr/lib/libapple_nghttp2.dylib
0x00000001a4fc1000 	/System/Library/PrivateFrameworks/AppSupport.framework/Versions/A/AppSupport
0x000000019cf09000 	/System/Library/Frameworks/GSS.framework/Versions/A/GSS
0x000000019b2d8000 	/System/Library/PrivateFrameworks/InternationalSupport.framework/Versions/A/InternationalSupport
0x00000001a58ba000 	/System/Library/PrivateFrameworks/StreamingZip.framework/Versions/A/StreamingZip
0x000000018f4c1000 	/usr/lib/libenergytrace.dylib
0x0000000191129000 	/System/Library/Frameworks/Network.framework/Versions/A/Network
0x000000019880b000 	/usr/lib/system/libkxld.dylib
0x000000023df03000 	/System/Library/PrivateFrameworks/AppleKeyStore.framework/Versions/A/AppleKeyStore
0x0000000286acc000 	/usr/lib/libCoreEntitlements.dylib
0x000000025f6f3000 	/System/Library/PrivateFrameworks/MessageSecurity.framework/Versions/A/MessageSecurity
0x00000001a1e67000 	/System/Library/PrivateFrameworks/SymptomDiagnosticReporter.framework/Versions/A/SymptomDiagnosticReporter
0x000000019a022000 	/System/Library/PrivateFrameworks/CrashReporterSupport.framework/Versions/A/CrashReporterSupport
0x0000000198255000 	/System/Library/PrivateFrameworks/AppleFSCompression.framework/Versions/A/AppleFSCompression
0x0000000197aee000 	/usr/lib/libcoretls.dylib
0x0000000199e55000 	/usr/lib/libcoretls_cfhelpers.dylib
0x0000000198a94000 	/usr/lib/libpam.2.dylib
0x0000000199ec7000 	/usr/lib/libxar.1.dylib
0x0000000199e57000 	/System/Library/PrivateFrameworks/APFS.framework/Versions/A/APFS
0x0000000275159000 	/System/Library/PrivateFrameworks/SwiftASN1Internal.framework/Versions/A/SwiftASN1Internal
0x0000000199ed6000 	/usr/lib/libutil.dylib
0x000000019654e000 	/System/Library/PrivateFrameworks/AppleSystemInfo.framework/Versions/A/AppleSystemInfo
0x000000019cf6c000 	/System/Library/PrivateFrameworks/MobileAsset.framework/Versions/A/MobileAsset
0x00000001a1e77000 	/System/Library/PrivateFrameworks/PowerLog.framework/Versions/A/PowerLog
0x0000000237418000 	/System/Library/Frameworks/SwiftData.framework/Versions/A/SwiftData
0x000000018eb20000 	/System/Library/Frameworks/UniformTypeIdentifiers.framework/Versions/A/UniformTypeIdentifiers
0x0000000193505000 	/System/Library/PrivateFrameworks/UserManagement.framework/Versions/A/UserManagement
0x000000018f015000 	/usr/lib/libboringssl.dylib
0x000000019110e000 	/usr/lib/libdns_services.dylib
0x00000001b46a4000 	/usr/lib/libquic.dylib
0x000000019c167000 	/usr/lib/libusrtcp.dylib
0x000000023ecf5000 	/System/Library/PrivateFrameworks/AtomicsInternal.framework/Versions/A/AtomicsInternal
0x0000000288001000 	/usr/lib/swift/libswiftDistributed.dylib
0x000000028802a000 	/usr/lib/swift/libswiftObservation.dylib
0x0000000288169000 	/usr/lib/swift/libswiftSynchronization.dylib
0x000000019654c000 	/System/Library/PrivateFrameworks/AggregateDictionary.framework/Versions/A/AggregateDictionary
0x00000001908ac000 	/System/Library/Frameworks/CoreData.framework/Versions/A/CoreData
0x0000000199e36000 	/usr/lib/liblzma.5.dylib
0x00000001979e7000 	/System/Library/PrivateFrameworks/MobileKeyBag.framework/Versions/A/MobileKeyBag
0x00000001a52dc000 	/System/Library/PrivateFrameworks/InternationalTextSearch.framework/Versions/A/InternationalTextSearch
0x00000001bcaf8000 	/System/Library/PrivateFrameworks/SoftwareUpdateCoreSupport.framework/Versions/A/SoftwareUpdateCoreSupport
0x00000001c4ead000 	/System/Library/PrivateFrameworks/SoftwareUpdateCoreConnect.framework/Versions/A/SoftwareUpdateCoreConnect
0x00000001a4e77000 	/System/Library/PrivateFrameworks/RemoteServiceDiscovery.framework/Versions/A/RemoteServiceDiscovery
0x00000001bc6ef000 	/System/Library/PrivateFrameworks/MSUDataAccessor.framework/Versions/A/MSUDataAccessor
0x00000001b77c9000 	/usr/lib/libbootpolicy.dylib
0x00000001a4e8e000 	/System/Library/PrivateFrameworks/RemoteXPC.framework/Versions/A/RemoteXPC
0x00000001c42f5000 	/usr/lib/libFDR.dylib
0x00000001ca10b000 	/usr/lib/libamsupport.dylib
0x0000000286de1000 	/usr/lib/libReverseProxyDevice.dylib
0x000000023d82c000 	/System/Library/PrivateFrameworks/AppleDeviceQuerySupport.framework/Versions/A/AppleDeviceQuerySupport
0x00000001cd19f000 	/usr/lib/libpartition2_dynamic.dylib
0x0000000198a2e000 	/System/Library/PrivateFrameworks/AppleSauce.framework/Versions/A/AppleSauce
0x000000028696d000 	/usr/lib/libAppleArchive.dylib
0x0000000198261000 	/usr/lib/libbz2.1.0.dylib
0x000000019272d000 	/System/Library/Frameworks/Accelerate.framework/Versions/A/Frameworks/vImage.framework/Versions/A/vImage
0x00000001a0d16000 	/System/Library/Frameworks/Accelerate.framework/Versions/A/Frameworks/vecLib.framework/Versions/A/vecLib
0x0000000199f0d000 	/System/Library/Frameworks/Accelerate.framework/Versions/A/Frameworks/vecLib.framework/Versions/A/libvMisc.dylib
0x0000000189829000 	/System/Library/Frameworks/Accelerate.framework/Versions/A/Frameworks/vecLib.framework/Versions/A/libBLAS.dylib
0x000000022cf70000 	/System/Library/Frameworks/OpenGL.framework/Versions/A/OpenGL
0x0000000250531000 	/System/Library/PrivateFrameworks/GPUCompiler.framework/Versions/32023/Libraries/libllvm-flatbuffers.dylib
0x000000024ae3d000 	/System/Library/PrivateFrameworks/FramePacing.framework/Versions/A/FramePacing
0x000000022cf62000 	/System/Library/Frameworks/OpenGL.framework/Versions/A/Libraries/libCoreFSCache.dylib
0x000000024bf7e000 	/System/Library/PrivateFrameworks/GPUCompiler.framework/Versions/32023/Libraries/libGPUCompilerUtils.dylib
0x000000022cfc1000 	/System/Library/Frameworks/OpenGL.framework/Versions/A/Libraries/libGLU.dylib
0x000000022cf84000 	/System/Library/Frameworks/OpenGL.framework/Versions/A/Libraries/libGFXShared.dylib
0x000000022d150000 	/System/Library/Frameworks/OpenGL.framework/Versions/A/Libraries/libGL.dylib
0x000000022cf8d000 	/System/Library/Frameworks/OpenGL.framework/Versions/A/Libraries/libGLImage.dylib
0x000000022cf81000 	/System/Library/Frameworks/OpenGL.framework/Versions/A/Libraries/libCVMSPluginSupport.dylib
0x000000022cf6a000 	/System/Library/Frameworks/OpenGL.framework/Versions/A/Libraries/libCoreVMClient.dylib
0x0000000197666000 	/System/Library/Frameworks/Accelerate.framework/Versions/A/Frameworks/vecLib.framework/Versions/A/libvDSP.dylib
0x0000000198b72000 	/System/Library/Frameworks/Accelerate.framework/Versions/A/Frameworks/vecLib.framework/Versions/A/libLAPACK.dylib
0x0000000197b7c000 	/System/Library/Frameworks/Accelerate.framework/Versions/A/Frameworks/vecLib.framework/Versions/A/libLinearAlgebra.dylib
0x0000000198a6b000 	/System/Library/Frameworks/Accelerate.framework/Versions/A/Frameworks/vecLib.framework/Versions/A/libSparseBLAS.dylib
0x0000000198b6d000 	/System/Library/Frameworks/Accelerate.framework/Versions/A/Frameworks/vecLib.framework/Versions/A/libQuadrature.dylib
0x000000019667e000 	/System/Library/Frameworks/Accelerate.framework/Versions/A/Frameworks/vecLib.framework/Versions/A/libBNNS.dylib
0x000000018a11e000 	/System/Library/Frameworks/Accelerate.framework/Versions/A/Frameworks/vecLib.framework/Versions/A/libSparse.dylib
0x000000025be7a000 	/System/Library/PrivateFrameworks/MIL.framework/Versions/A/MIL
0x00000001c737e000 	/System/Library/PrivateFrameworks/OSAnalytics.framework/Versions/A/OSAnalytics
0x0000000248c35000 	/System/Library/PrivateFrameworks/DeviceRecovery.framework/Versions/A/DeviceRecovery
0x00000001a31d0000 	/System/Library/PrivateFrameworks/CoreSymbolication.framework/Versions/A/CoreSymbolication
0x00000001d67e9000 	/System/Library/PrivateFrameworks/Symbolication.framework/Versions/A/Symbolication
0x00000001a31ad000 	/System/Library/PrivateFrameworks/DebugSymbols.framework/Versions/A/DebugSymbols
0x00000001b56fa000 	/System/Library/PrivateFrameworks/MallocStackLogging.framework/Versions/A/MallocStackLogging
0x0000000288271000 	/usr/lib/swift/libswift_RegexParser.dylib
0x00000001a1d61000 	/System/Library/Frameworks/CoreBluetooth.framework/Versions/A/CoreBluetooth
0x000000019d0dc000 	/System/Library/PrivateFrameworks/CorePhoneNumbers.framework/Versions/A/CorePhoneNumbers
0x00000001988aa000 	/usr/lib/libiconv.2.dylib
0x0000000198806000 	/usr/lib/libcharset.1.dylib
0x000000022ef10000 	/System/Library/Frameworks/ExtensionFoundation.framework/Versions/A/ExtensionFoundation
0x000000019a4fd000 	/System/Library/PrivateFrameworks/AppServerSupport.framework/Versions/A/AppServerSupport
0x000000019a2ff000 	/System/Library/PrivateFrameworks/IconServices.framework/Versions/A/IconServices
0x0000000230278000 	/System/Library/Frameworks/LightweightCodeRequirements.framework/Versions/A/LightweightCodeRequirements
0x000000019a179000 	/System/Library/PrivateFrameworks/PlugInKit.framework/Versions/A/PlugInKit
0x00000001979ff000 	/System/Library/PrivateFrameworks/AssertionServices.framework/Versions/A/AssertionServices
0x000000019a898000 	/System/Library/PrivateFrameworks/AppleJPEG.framework/Versions/A/AppleJPEG
0x000000019a27a000 	/usr/lib/libexpat.1.dylib
0x000000019b094000 	/System/Library/Frameworks/ImageIO.framework/Versions/A/Resources/libPng.dylib
0x000000019b0c0000 	/System/Library/Frameworks/ImageIO.framework/Versions/A/Resources/libTIFF.dylib
0x000000019b1aa000 	/System/Library/Frameworks/ImageIO.framework/Versions/A/Resources/libGIF.dylib
0x000000019a8dd000 	/System/Library/Frameworks/ImageIO.framework/Versions/A/Resources/libJP2.dylib
0x0000000199f88000 	/usr/lib/libate.dylib
0x000000019b150000 	/System/Library/Frameworks/ImageIO.framework/Versions/A/Resources/libJPEG.dylib
0x000000019b147000 	/System/Library/Frameworks/ImageIO.framework/Versions/A/Resources/libRadiance.dylib
0x000000019a29f000 	/System/Library/PrivateFrameworks/IconFoundation.framework/Versions/A/IconFoundation
0x0000000256c55000 	/System/Library/PrivateFrameworks/IconRendering.framework/Versions/A/IconRendering
0x0000000192fd9000 	/System/Library/PrivateFrameworks/CoreUI.framework/Versions/A/CoreUI
0x0000000195f93000 	/System/Library/Frameworks/CoreImage.framework/Versions/A/CoreImage
0x000000026a85e000 	/System/Library/PrivateFrameworks/SFSymbols.framework/Versions/A/SFSymbols
0x000000022edcb000 	/System/Library/Frameworks/DeveloperToolsSupport.framework/Versions/A/DeveloperToolsSupport
0x00000001ac9ba000 	/System/Library/PrivateFrameworks/RenderBox.framework/Versions/A/RenderBox
0x0000000195c06000 	/System/Library/PrivateFrameworks/CoreSVG.framework/Versions/A/CoreSVG
0x000000019b238000 	/System/Library/PrivateFrameworks/TextureIO.framework/Versions/A/TextureIO
0x00000001b5800000 	/usr/lib/swift/libswiftCoreImage.dylib
0x000000019a4ac000 	/System/Library/PrivateFrameworks/GraphVisualizer.framework/Versions/A/GraphVisualizer
0x000000024ad48000 	/System/Library/PrivateFrameworks/FontServices.framework/Versions/A/FontServices
0x000000019a4bc000 	/System/Library/PrivateFrameworks/OTSVG.framework/Versions/A/OTSVG
0x0000000192f86000 	/System/Library/Frameworks/ApplicationServices.framework/Versions/A/Frameworks/ATS.framework/Versions/A/Resources/libFontRegistry.dylib
0x00000002872f1000 	/usr/lib/libhvf.dylib
0x00000002645b0000 	/System/Library/PrivateFrameworks/ParsingInternal.framework/Versions/A/ParsingInternal
0x000000024ad4c000 	/System/Library/PrivateFrameworks/FontServices.framework/libXTFontStaticRegistryData.dylib
0x000000019648b000 	/System/Library/Frameworks/MetalPerformanceShaders.framework/Versions/A/Frameworks/MPSCore.framework/Versions/A/MPSCore
0x00000001981c0000 	/System/Library/Frameworks/MetalPerformanceShaders.framework/Versions/A/Frameworks/MPSImage.framework/Versions/A/MPSImage
0x0000000197b91000 	/System/Library/Frameworks/MetalPerformanceShaders.framework/Versions/A/Frameworks/MPSNeuralNetwork.framework/Versions/A/MPSNeuralNetwork
0x0000000197fc9000 	/System/Library/Frameworks/MetalPerformanceShaders.framework/Versions/A/Frameworks/MPSMatrix.framework/Versions/A/MPSMatrix
0x0000000197dde000 	/System/Library/Frameworks/MetalPerformanceShaders.framework/Versions/A/Frameworks/MPSRayIntersector.framework/Versions/A/MPSRayIntersector
0x0000000197ffb000 	/System/Library/Frameworks/MetalPerformanceShaders.framework/Versions/A/Frameworks/MPSNDArray.framework/Versions/A/MPSNDArray
0x00000002310f9000 	/System/Library/Frameworks/MetalPerformanceShaders.framework/Versions/A/Frameworks/MPSFunctions.framework/Versions/A/MPSFunctions
0x00000002310da000 	/System/Library/Frameworks/MetalPerformanceShaders.framework/Versions/A/Frameworks/MPSBenchmarkLoop.framework/Versions/A/MPSBenchmarkLoop
0x000000023110e000 	/System/Library/Frameworks/MetalPerformanceShaders.framework/Versions/A/Frameworks/MPSHost.framework/Versions/A/MPSHost
0x0000000189645000 	/System/Library/PrivateFrameworks/MetalTools.framework/Versions/A/MetalTools
0x00000001ba912000 	/System/Library/PrivateFrameworks/IOAccelMemoryInfo.framework/Versions/A/IOAccelMemoryInfo
0x00000001c8b18000 	/System/Library/PrivateFrameworks/kperf.framework/Versions/A/kperf
0x00000001b5783000 	/System/Library/PrivateFrameworks/GPURawCounter.framework/Versions/A/GPURawCounter
0x00000001a6a72000 	/System/Library/PrivateFrameworks/ASEProcessing.framework/Versions/A/ASEProcessing
0x0000000267778000 	/System/Library/PrivateFrameworks/PhotosensitivityProcessing.framework/Versions/A/PhotosensitivityProcessing
0x000000026a8e6000 	/System/Library/PrivateFrameworks/SILManager.framework/Versions/A/SILManager
0x0000000278734000 	/System/Library/PrivateFrameworks/Tightbeam.framework/Versions/A/Tightbeam
0x00000001c3416000 	/usr/lib/swift/libswiftCompression.dylib
0x00000001cd6f2000 	/System/Library/PrivateFrameworks/AFKUser.framework/Versions/A/AFKUser
0x000000019b17c000 	/System/Library/Frameworks/ApplicationServices.framework/Versions/A/Frameworks/ATSUI.framework/Versions/A/ATSUI
0x000000019c86f000 	/System/Library/Frameworks/AudioToolbox.framework/Versions/A/AudioToolbox
0x000000018b8b8000 	/System/Library/PrivateFrameworks/AudioToolboxCore.framework/Versions/A/AudioToolboxCore
0x000000019ca4a000 	/System/Library/PrivateFrameworks/AudioSession.framework/Versions/A/AudioSession
0x00000001a7cbe000 	/System/Library/Frameworks/CoreMIDI.framework/Versions/A/CoreMIDI
0x000000019cac9000 	/usr/lib/libAudioStatistics.dylib
0x000000019542f000 	/System/Library/PrivateFrameworks/caulk.framework/Versions/A/caulk
0x000000018beb0000 	/System/Library/Frameworks/CoreAudio.framework/Versions/A/CoreAudio
0x000000019b06e000 	/usr/lib/libAudioToolboxUtility.dylib
0x00000001bbf38000 	/usr/lib/swift/libswiftCoreMIDI.dylib
0x000000019cedb000 	/System/Library/PrivateFrameworks/perfdata.framework/Versions/A/perfdata
0x00000001b47a1000 	/System/Library/PrivateFrameworks/SystemPolicy.framework/Versions/A/SystemPolicy
0x000000019cd80000 	/usr/lib/libSMC.dylib
0x000000019cee9000 	/usr/lib/libperfcheck.dylib
0x000000023edb5000 	/System/Library/PrivateFrameworks/AudioAnalytics.framework/Versions/A/AudioAnalytics
0x0000000288234000 	/usr/lib/swift/libswift_DarwinFoundation2.dylib
0x0000000288235000 	/usr/lib/swift/libswift_DarwinFoundation3.dylib
0x00000001dad17000 	/System/Library/Frameworks/OSLog.framework/Versions/A/OSLog
0x00000001b572c000 	/usr/lib/libmis.dylib
0x00000001a32e7000 	/System/Library/PrivateFrameworks/CoreTime.framework/Versions/A/CoreTime
0x000000019a3bd000 	/System/Library/PrivateFrameworks/MediaExperience.framework/Versions/A/MediaExperience
0x000000019c818000 	/System/Library/PrivateFrameworks/AudioSession.framework/libSessionUtility.dylib
0x000000019b1b0000 	/System/Library/PrivateFrameworks/CMCaptureCore.framework/Versions/A/CMCaptureCore
0x000000019a50a000 	/usr/lib/libspindump.dylib
0x000000019786b000 	/System/Library/PrivateFrameworks/CoreUtils.framework/Versions/A/CoreUtils
0x00000001ad6e1000 	/System/Library/PrivateFrameworks/HID.framework/Versions/A/HID
0x0000000248032000 	/System/Library/PrivateFrameworks/CoreUtilsExtras.framework/Versions/A/CoreUtilsExtras
0x0000000256baa000 	/System/Library/PrivateFrameworks/IO80211.framework/Versions/A/IO80211
0x000000019e79a000 	/System/Library/Frameworks/IOBluetooth.framework/Versions/A/IOBluetooth
0x000000023e9a3000 	/System/Library/PrivateFrameworks/ArgumentParserInternal.framework/Versions/A/ArgumentParserInternal
0x000000019a019000 	/usr/lib/libIOReport.dylib
0x0000000197a0e000 	/System/Library/Frameworks/SecurityFoundation.framework/Versions/A/SecurityFoundation
0x000000018a009000 	/System/Library/PrivateFrameworks/Lexicon.framework/Versions/A/Lexicon
0x00000001a2ceb000 	/System/Library/PrivateFrameworks/FrontBoardServices.framework/Versions/A/FrontBoardServices
0x0000000197b79000 	/usr/lib/libgermantok.dylib
0x0000000196677000 	/System/Library/PrivateFrameworks/LinguisticData.framework/Versions/A/LinguisticData
0x00000001a2e97000 	/System/Library/PrivateFrameworks/GraphicsServices.framework/Versions/A/GraphicsServices
0x00000001a1f69000 	/System/Library/PrivateFrameworks/MediaKit.framework/Versions/A/MediaKit
0x00000001a1eb4000 	/System/Library/Frameworks/DiscRecording.framework/Versions/A/DiscRecording
0x000000019a295000 	/usr/lib/libheimdal-asn1.dylib
0x00000001a5890000 	/System/Library/Frameworks/AudioUnit.framework/Versions/A/AudioUnit
0x00000001932a5000 	/System/Library/Frameworks/OpenDirectory.framework/Versions/A/OpenDirectory
0x00000001932b3000 	/System/Library/Frameworks/OpenDirectory.framework/Versions/A/Frameworks/CFOpenDirectory.framework/Versions/A/CFOpenDirectory
0x000000022d4d4000 	/System/Library/Frameworks/AVFAudio.framework/Versions/A/AVFAudio
0x00000001ae6b2000 	/usr/lib/libAccessibility.dylib
0x000000025a8fa000 	/System/Library/PrivateFrameworks/IsolatedCoreAudioClient.framework/Versions/A/IsolatedCoreAudioClient
0x0000000243f30000 	/System/Library/PrivateFrameworks/CoreAudioOrchestration.framework/Versions/A/CoreAudioOrchestration
0x00000001a1003000 	/System/Library/Frameworks/MediaAccessibility.framework/Versions/A/MediaAccessibility
0x000000027c953000 	/System/Library/PrivateFrameworks/VideoToolboxParavirtualizationSupport.framework/Versions/A/VideoToolboxParavirtualizationSupport
0x000000019a231000 	/System/Library/PrivateFrameworks/AppleVA.framework/Versions/A/AppleVA
0x000000019b142000 	/System/Library/PrivateFrameworks/GPUWrangler.framework/Versions/A/GPUWrangler
0x000000019b122000 	/System/Library/PrivateFrameworks/IOPresentment.framework/Versions/A/IOPresentment
0x000000019b14a000 	/System/Library/PrivateFrameworks/DSExternalDisplay.framework/Versions/A/DSExternalDisplay
0x000000023e7fa000 	/System/Library/PrivateFrameworks/AppleMobileFileIntegrity.framework/Versions/A/AppleMobileFileIntegrity
0x0000000286e6e000 	/usr/lib/libTLE.dylib
0x00000001ec01d000 	/System/Library/PrivateFrameworks/ConfigProfileHelper.framework/Versions/A/ConfigProfileHelper
0x00000001e0e2a000 	/usr/lib/libedit.3.dylib
0x00000001ba8d5000 	/usr/lib/libncurses.5.4.dylib
0x00000002412e1000 	/System/Library/PrivateFrameworks/CascadeSets.framework/Versions/A/CascadeSets
0x00000001977a0000 	/System/Library/PrivateFrameworks/CoreEmoji.framework/Versions/A/CoreEmoji
0x000000018a325000 	/usr/lib/libCRFSuite.dylib
0x0000000196555000 	/System/Library/PrivateFrameworks/CoreNLP.framework/Versions/A/CoreNLP
0x0000000197b18000 	/usr/lib/libmecab.dylib
0x0000000198a25000 	/usr/lib/libThaiTokenizer.dylib
0x000000019b5e0000 	/System/Library/PrivateFrameworks/DataDetectorsCore.framework/Versions/A/DataDetectorsCore
0x000000022edb6000 	/System/Library/Frameworks/DataDetection.framework/Versions/A/DataDetection
0x00000001b94d6000 	/System/Library/PrivateFrameworks/TextInput.framework/Versions/A/TextInput
0x000000022e87a000 	/System/Library/Frameworks/CoreTransferable.framework/Versions/A/CoreTransferable
0x000000019cec0000 	/System/Library/PrivateFrameworks/NetAuth.framework/Versions/A/NetAuth
0x00000001934c4000 	/System/Library/PrivateFrameworks/login.framework/Versions/A/Frameworks/loginsupport.framework/Versions/A/loginsupport
0x000000018e965000 	/System/Library/PrivateFrameworks/UIFoundation.framework/Versions/A/UIFoundation
0x000000019a511000 	/System/Library/PrivateFrameworks/Heimdal.framework/Versions/A/Heimdal
0x000000019cb58000 	/usr/lib/libresolv.9.dylib
0x000000019cf5b000 	/System/Library/PrivateFrameworks/CommonAuth.framework/Versions/A/CommonAuth
0x0000000197ae2000 	/usr/lib/libCheckFix.dylib
0x0000000192631000 	/System/Library/PrivateFrameworks/MetadataUtilities.framework/Versions/A/MetadataUtilities
0x0000000257672000 	/System/Library/PrivateFrameworks/InstalledContentLibrary.framework/Versions/A/InstalledContentLibrary
0x000000018d09f000 	/System/Library/PrivateFrameworks/CoreServicesStore.framework/Versions/A/CoreServicesStore
0x000000019330a000 	/usr/lib/libapp_launch_measurement.dylib
0x00000001c8c1f000 	/System/Library/PrivateFrameworks/MobileSystemServices.framework/Versions/A/MobileSystemServices
0x0000000199eda000 	/usr/lib/libxslt.1.dylib
0x0000000197aa1000 	/System/Library/PrivateFrameworks/BackgroundTaskManagement.framework/Versions/A/BackgroundTaskManagement
0x00000001a4f39000 	/usr/lib/libcurl.4.dylib
0x00000002870a7000 	/usr/lib/libcrypto.46.dylib
0x0000000287cc7000 	/usr/lib/libssl.48.dylib
0x00000001a4c0f000 	/System/Library/Frameworks/LDAP.framework/Versions/A/LDAP
0x000000019cef7000 	/System/Library/Frameworks/Kerberos.framework/Versions/A/Kerberos
0x00000001a4c4b000 	/System/Library/PrivateFrameworks/TrustEvaluationAgent.framework/Versions/A/TrustEvaluationAgent
0x000000019cb75000 	/usr/lib/libsasl2.2.dylib
0x00000001a588f000 	/System/Library/Frameworks/Kerberos.framework/Versions/A/Libraries/libHeimdalProxy.dylib
0x0000000267b5b000 	/System/Library/PrivateFrameworks/PoirotSQLite.framework/Versions/A/PoirotSQLite
0x00000001db1e2000 	/System/Library/PrivateFrameworks/HIDDisplay.framework/Versions/A/HIDDisplay
0x000000019ce61000 	/usr/lib/libcups.2.dylib
0x00000001ae5ad000 	/System/Library/PrivateFrameworks/AXCoreUtilities.framework/Versions/A/AXCoreUtilities
0x00000001be6fb000 	/System/Library/PrivateFrameworks/AttributeGraph.framework/Versions/A/AttributeGraph
0x0000000286887000 	/usr/lib/libAXSafeCategoryBundle.dylib
0x00000001a7eab000 	/System/Library/Frameworks/Cocoa.framework/Versions/A/Cocoa
0x000000018d238000 	/System/Library/Frameworks/AppKit.framework/Versions/C/AppKit
0x000000024267d000 	/System/Library/PrivateFrameworks/CollectionViewCore.framework/Versions/A/CollectionViewCore
0x0000000195c00000 	/System/Library/PrivateFrameworks/XCTTargetBootstrap.framework/Versions/A/XCTTargetBootstrap
0x000000019b632000 	/System/Library/PrivateFrameworks/UserActivity.framework/Versions/A/UserActivity
0x000000024ae4a000 	/System/Library/PrivateFrameworks/FrontBoard.framework/Versions/A/FrontBoard
0x000000027a69e000 	/System/Library/PrivateFrameworks/UIIntelligenceSupport.framework/Versions/A/UIIntelligenceSupport
0x0000000237586000 	/System/Library/Frameworks/SwiftUICore.framework/Versions/A/SwiftUICore
0x0000000280c52000 	/System/Library/PrivateFrameworks/WritingTools.framework/Versions/A/WritingTools
0x000000027faa3000 	/System/Library/PrivateFrameworks/WindowManagement.framework/Versions/A/WindowManagement
0x000000024ab83000 	/System/Library/PrivateFrameworks/FocusEngine.framework/Versions/A/FocusEngine
0x000000024877e000 	/System/Library/PrivateFrameworks/DesignLibrary.framework/Versions/A/DesignLibrary
0x0000000195beb000 	/System/Library/PrivateFrameworks/DFRFoundation.framework/Versions/A/DFRFoundation
0x000000027b2b1000 	/System/Library/PrivateFrameworks/UpdateCycle.framework/Versions/A/UpdateCycle
0x00000001958e7000 	/System/Library/Frameworks/Carbon.framework/Versions/A/Frameworks/HIToolbox.framework/Versions/A/HIToolbox
0x00000001a0932000 	/System/Library/Frameworks/Carbon.framework/Versions/A/Frameworks/SpeechRecognition.framework/Versions/A/SpeechRecognition
0x000000019329b000 	/System/Library/PrivateFrameworks/PerformanceAnalysis.framework/Versions/A/PerformanceAnalysis
0x00000001a0cb9000 	/System/Library/Frameworks/Accessibility.framework/Versions/A/Accessibility
0x00000002384fb000 	/System/Library/Frameworks/Symbols.framework/Versions/A/Symbols
0x0000000253dc3000 	/System/Library/PrivateFrameworks/Gestures.framework/Versions/A/Gestures
0x00000001b264d000 	/usr/lib/swift/libswiftCoreGraphics.dylib
0x00000001a16ff000 	/usr/lib/swift/libswiftFoundation.dylib
0x00000001eb9d9000 	/usr/lib/swift/libswiftSwiftOnoneSupport.dylib
0x00000002883a6000 	/usr/lib/swift/libswiftsys_time.dylib
0x00000001d6fa6000 	/System/Library/PrivateFrameworks/CoreMaterial.framework/Versions/A/CoreMaterial
0x00000002880ec000 	/usr/lib/swift/libswiftSpatial.dylib
0x0000000286e6b000 	/usr/lib/libSpatial.dylib
0x00000002867a5000 	/System/Library/SubFrameworks/UIUtilities.framework/Versions/A/UIUtilities
0x000000010a688000 	/Users/blueonion/Library/Java/JavaVirtualMachines/openjdk-24.0.1/Contents/Home/lib/server/libjvm.dylib
0x0000000102c50000 	/Users/blueonion/Library/Java/JavaVirtualMachines/openjdk-24.0.1/Contents/Home/lib/libjimage.dylib
0x0000000102c7c000 	/Users/blueonion/Library/Java/JavaVirtualMachines/openjdk-24.0.1/Contents/Home/lib/libinstrument.dylib
0x0000000102e24000 	/Users/blueonion/Library/Java/JavaVirtualMachines/openjdk-24.0.1/Contents/Home/lib/libjava.dylib
0x000000010a240000 	/Users/blueonion/Library/Java/JavaVirtualMachines/openjdk-24.0.1/Contents/Home/lib/libzip.dylib
0x000000010a268000 	/Users/blueonion/Library/Java/JavaVirtualMachines/openjdk-24.0.1/Contents/Home/lib/libnio.dylib
0x000000010a288000 	/Users/blueonion/Library/Java/JavaVirtualMachines/openjdk-24.0.1/Contents/Home/lib/libnet.dylib
0x000000010a22c000 	/Users/blueonion/Library/Java/JavaVirtualMachines/openjdk-24.0.1/Contents/Home/lib/libextnet.dylib
0x000000010a2b8000 	/Users/blueonion/.openjfx/cache/23.0.1+4/aarch64/libprism_es2.dylib
0x00000001b4172000 	/System/Library/Frameworks/Carbon.framework/Versions/A/Carbon
0x00000001aa4a9000 	/System/Library/Frameworks/Carbon.framework/Versions/A/Frameworks/CommonPanels.framework/Versions/A/CommonPanels
0x00000001a4f24000 	/System/Library/Frameworks/Carbon.framework/Versions/A/Frameworks/Help.framework/Versions/A/Help
0x00000001aa4ad000 	/System/Library/Frameworks/Carbon.framework/Versions/A/Frameworks/ImageCapture.framework/Versions/A/ImageCapture
0x00000001aa488000 	/System/Library/Frameworks/Carbon.framework/Versions/A/Frameworks/OpenScripting.framework/Versions/A/OpenScripting
0x00000001aa4a8000 	/System/Library/Frameworks/Carbon.framework/Versions/A/Frameworks/Ink.framework/Versions/A/Ink
0x00000001aa4a5000 	/System/Library/Frameworks/Carbon.framework/Versions/A/Frameworks/SecurityHI.framework/Versions/A/SecurityHI
0x0000000286cc9000 	/usr/lib/libInterpreterSecurity.dylib
0x00000001ca858000 	/System/Library/PrivateFrameworks/XprotectFramework.framework/Versions/A/XprotectFramework
0x00000001ad9f6000 	/System/Library/PrivateFrameworks/yara.framework/Versions/A/yara
0x0000000286c45000 	/usr/lib/libEndpointSecuritySystem.dylib
0x000000022d15a000 	/System/Library/Frameworks/OpenGL.framework/Versions/A/Resources/GLEngine.bundle/GLEngine
0x000000022cffc000 	/System/Library/Frameworks/OpenGL.framework/Versions/A/Libraries/libGLProgrammability.dylib
0x000000010a4b8000 	/System/Library/Extensions/AppleMetalOpenGLRenderer.bundle/Contents/MacOS/AppleMetalOpenGLRenderer
0x000000022d2bb000 	/System/Library/Frameworks/OpenGL.framework/Versions/A/Resources/GLRendererFloat.bundle/GLRendererFloat
0x0000000120460000 	/System/Library/Extensions/AGXMetal13_3.bundle/Contents/MacOS/AGXMetal13_3
0x00000001ad6f4000 	/System/Library/PrivateFrameworks/IOGPU.framework/Versions/A/IOGPU
0x000000010a550000 	/Users/blueonion/.openjfx/cache/23.0.1+4/aarch64/libglass.dylib
0x000000022d7a4000 	/System/Library/Frameworks/AppIntents.framework/Versions/A/AppIntents
0x0000000236c8f000 	/System/Library/Frameworks/RelevanceKit.framework/Versions/A/RelevanceKit
0x000000019866a000 	/System/Library/Frameworks/CoreSpotlight.framework/Versions/A/CoreSpotlight
0x000000025b98d000 	/System/Library/PrivateFrameworks/LinkServices.framework/Versions/A/LinkServices
0x0000000249150000 	/System/Library/PrivateFrameworks/DoNotDisturb.framework/Versions/A/DoNotDisturb
0x000000025b7e8000 	/System/Library/PrivateFrameworks/LinkMetadata.framework/Versions/A/LinkMetadata
0x00000001b57ae000 	/usr/lib/swift/libswiftIntents.dylib
0x00000001baa2f000 	/System/Library/PrivateFrameworks/IntentsCore.framework/Versions/A/IntentsCore
0x000000023f28f000 	/System/Library/PrivateFrameworks/AvailabilityKit.framework/Versions/A/AvailabilityKit
0x000000023c5d1000 	/System/Library/PrivateFrameworks/AppIntentSchemas.framework/Versions/A/AppIntentSchemas
0x0000000250a9f000 	/System/Library/PrivateFrameworks/GRDBInternal.framework/Versions/A/GRDBInternal
0x000000027490c000 	/System/Library/PrivateFrameworks/StatusKit.framework/Versions/A/StatusKit
0x00000001a2298000 	/System/Library/PrivateFrameworks/GenerationalStorage.framework/Versions/A/GenerationalStorage
0x00000001a20c0000 	/System/Library/Frameworks/FileProvider.framework/Versions/A/FileProvider
0x000000018eb37000 	/System/Library/PrivateFrameworks/DesktopServicesPriv.framework/Versions/A/DesktopServicesPriv
0x0000000190e9b000 	/System/Library/Frameworks/Accounts.framework/Versions/A/Accounts
0x00000001b521a000 	/System/Library/PrivateFrameworks/FTServices.framework/Versions/A/FTServices
0x00000001ad69f000 	/System/Library/PrivateFrameworks/CloudServices.framework/Versions/A/CloudServices
0x00000001a4759000 	/System/Library/PrivateFrameworks/CoreWiFi.framework/Versions/A/CoreWiFi
0x0000000194e6a000 	/System/Library/Frameworks/CoreLocation.framework/Versions/A/CoreLocation
0x00000001a40ef000 	/System/Library/Frameworks/Intents.framework/Versions/A/Intents
0x0000000239456000 	/System/Library/Frameworks/_LocationEssentials.framework/Versions/A/_LocationEssentials
0x000000019eb3e000 	/System/Library/PrivateFrameworks/GeoServices.framework/Versions/A/GeoServices
0x000000019c7df000 	/System/Library/PrivateFrameworks/LocationSupport.framework/Versions/A/LocationSupport
0x0000000253c1d000 	/System/Library/PrivateFrameworks/GeoServicesCore.framework/Versions/A/GeoServicesCore
0x00000001ae5a1000 	/System/Library/PrivateFrameworks/PhoneNumbers.framework/Versions/A/PhoneNumbers
0x0000000198619000 	/System/Library/Frameworks/UserNotifications.framework/Versions/A/UserNotifications
0x00000001982a9000 	/System/Library/PrivateFrameworks/AuthKit.framework/Versions/A/AuthKit
0x000000019e3a5000 	/System/Library/PrivateFrameworks/Sharing.framework/Versions/A/Sharing
0x000000019df24000 	/System/Library/PrivateFrameworks/IDSFoundation.framework/Versions/A/IDSFoundation
0x00000001a4758000 	/System/Library/PrivateFrameworks/Apple80211.framework/Versions/A/Apple80211
0x00000001977e8000 	/System/Library/Frameworks/CoreWLAN.framework/Versions/A/CoreWLAN
0x00000001bbf19000 	/usr/lib/swift/libswiftCoreLocation.dylib
0x000000019c766000 	/System/Library/PrivateFrameworks/IMFoundation.framework/Versions/A/IMFoundation
0x00000001ad9f5000 	/System/Library/PrivateFrameworks/Marco.framework/Versions/A/Marco
0x0000000190f25000 	/System/Library/PrivateFrameworks/CommonUtilities.framework/Versions/A/CommonUtilities
0x00000001aa470000 	/System/Library/PrivateFrameworks/Engram.framework/Versions/A/Engram
0x000000028804b000 	/usr/lib/swift/libswiftRegexBuilder.dylib
0x00000001aa40e000 	/usr/lib/libtidy.A.dylib
0x000000019a822000 	/System/Library/PrivateFrameworks/Bom.framework/Versions/A/Bom
0x000000019cb96000 	/usr/lib/libParallelCompression.dylib
0x00000001e2f3f000 	/System/Library/PrivateFrameworks/WiFiPeerToPeer.framework/Versions/A/WiFiPeerToPeer
0x0000000241381000 	/System/Library/PrivateFrameworks/Centauri.framework/Versions/A/Centauri
0x00000002877db000 	/usr/lib/libmrc.dylib
0x0000000256c14000 	/System/Library/PrivateFrameworks/IPConfiguration.framework/Versions/A/IPConfiguration
0x00000001d6f68000 	/System/Library/PrivateFrameworks/Netrb.framework/Versions/A/Netrb
0x000000019cb88000 	/System/Library/PrivateFrameworks/MultiverseSupport.framework/Versions/A/MultiverseSupport
0x00000001a1f9b000 	/System/Library/PrivateFrameworks/DiskManagement.framework/Versions/A/DiskManagement
0x00000001a1ea7000 	/System/Library/PrivateFrameworks/AppleIDAuthSupport.framework/Versions/A/AppleIDAuthSupport
0x0000000239d36000 	/System/Library/PrivateFrameworks/AAAFoundation.framework/Versions/A/AAAFoundation
0x000000019d09a000 	/System/Library/PrivateFrameworks/KeychainCircle.framework/Versions/A/KeychainCircle
0x00000001ae5a3000 	/System/Library/PrivateFrameworks/URLFormatting.framework/Versions/A/URLFormatting
0x00000001a4f2d000 	/usr/lib/libcsfde.dylib
0x000000019a1c3000 	/usr/lib/libCoreStorage.dylib
0x000000019e871000 	/System/Library/PrivateFrameworks/ProtectedCloudStorage.framework/Versions/A/ProtectedCloudStorage
0x00000001a4f28000 	/System/Library/PrivateFrameworks/EFILogin.framework/Versions/A/EFILogin
0x00000001a22bf000 	/System/Library/PrivateFrameworks/OctagonTrust.framework/Versions/A/OctagonTrust
0x000000019dd43000 	/System/Library/PrivateFrameworks/IDS.framework/Versions/A/IDS
0x00000001ddbfa000 	/System/Library/Frameworks/CryptoKit.framework/Versions/A/CryptoKit
0x00000001a588b000 	/System/Library/PrivateFrameworks/CryptoKitCBridging.framework/Versions/A/CryptoKitCBridging
0x00000001a2ea9000 	/System/Library/Frameworks/CryptoTokenKit.framework/Versions/A/CryptoTokenKit
0x00000001c3e42000 	/System/Library/PrivateFrameworks/FTAWD.framework/Versions/A/FTAWD
0x000000018d1dc000 	/usr/lib/libsandbox.1.dylib
0x000000019a1bb000 	/usr/lib/libMatch.1.dylib
0x000000025bd6b000 	/System/Library/PrivateFrameworks/LocationLogEncryption.framework/Versions/A/LocationLogEncryption
0x00000001a594e000 	/System/Library/PrivateFrameworks/IntentsFoundation.framework/Versions/A/IntentsFoundation
0x0000000193162000 	/System/Library/PrivateFrameworks/ViewBridge.framework/Versions/A/ViewBridge
0x0000000239360000 	/System/Library/Frameworks/_AppIntents_AppKit.framework/Versions/A/_AppIntents_AppKit
0x00000001bf4d2000 	/System/Library/CoreServices/RawCamera.bundle/Contents/MacOS/RawCamera
0x000000019b6a0000 	/System/Library/Frameworks/MediaToolbox.framework/Versions/A/MediaToolbox
0x00000001a2091000 	/System/Library/PrivateFrameworks/CoreAVCHD.framework/Versions/A/CoreAVCHD
0x00000001a208d000 	/System/Library/PrivateFrameworks/Mangrove.framework/Versions/A/Mangrove
0x00000002409fd000 	/System/Library/PrivateFrameworks/CMPhoto.framework/Versions/A/CMPhoto
0x00000001a2877000 	/System/Library/Frameworks/CoreTelephony.framework/Versions/A/CoreTelephony
0x00000001a2080000 	/System/Library/PrivateFrameworks/CoreAUC.framework/Versions/A/CoreAUC
0x000000023dd2e000 	/System/Library/PrivateFrameworks/AppleJPEGXL.framework/Versions/A/AppleJPEGXL
0x000000019d0ec000 	/usr/lib/libTelephonyUtilDynamic.dylib
0x000000028688b000 	/usr/lib/libAccessibilityBaseImplementations.dylib
0x00000001bbefe000 	/System/Library/Frameworks/Accelerate.framework/Versions/A/Frameworks/vImage.framework/Versions/A/Libraries/libCGInterfaces.dylib
0x000000010a610000 	/usr/lib/libobjc-trampolines.dylib
0x0000000280c57000 	/System/Library/PrivateFrameworks/WritingToolsUI.framework/Versions/A/WritingToolsUI
0x00000002535ff000 	/System/Library/PrivateFrameworks/GenerativeAssistantSettings.framework/Versions/A/GenerativeAssistantSettings
0x00000002766b2000 	/System/Library/PrivateFrameworks/TextComposer.framework/Versions/A/TextComposer
0x00000002535d5000 	/System/Library/PrivateFrameworks/GenerativeAssistantCommon.framework/Versions/A/GenerativeAssistantCommon
0x00000001bcfb4000 	/System/Library/Frameworks/SwiftUI.framework/Versions/A/SwiftUI
0x000000023939f000 	/System/Library/Frameworks/_AuthenticationServices_SwiftUI.framework/Versions/A/_AuthenticationServices_SwiftUI
0x000000023c306000 	/System/Library/PrivateFrameworks/Anvil.framework/Versions/A/Anvil
0x00000001bc561000 	/System/Library/PrivateFrameworks/AppStoreDaemon.framework/Versions/A/AppStoreDaemon
0x00000001a7f01000 	/System/Library/PrivateFrameworks/AppleMediaServices.framework/Versions/A/AppleMediaServices
0x0000000253aa8000 	/System/Library/PrivateFrameworks/GenerativePartnerServiceUI.framework/Versions/A/GenerativePartnerServiceUI
0x00000001eaf43000 	/System/Library/PrivateFrameworks/JetEngine.framework/Versions/A/JetEngine
0x0000000253a85000 	/System/Library/PrivateFrameworks/GenerativePartnerService.framework/Versions/A/GenerativePartnerService
0x00000001b53b0000 	/System/Library/Frameworks/SafariServices.framework/Versions/A/SafariServices
0x00000001b272d000 	/System/Library/Frameworks/WebKit.framework/Versions/A/WebKit
0x00000001b88f9000 	/System/Library/PrivateFrameworks/AppleMediaServicesUI.framework/Versions/A/AppleMediaServicesUI
0x00000001b6091000 	/System/Library/PrivateFrameworks/OnBoardingKit.framework/Versions/A/OnBoardingKit
0x000000026c2ac000 	/System/Library/PrivateFrameworks/Settings.framework/Versions/A/Settings
0x000000022f046000 	/System/Library/Frameworks/ExtensionKit.framework/Versions/A/ExtensionKit
0x000000022f08a000 	/System/Library/Frameworks/FSKit.framework/Versions/A/FSKit
0x000000025bb1c000 	/System/Library/PrivateFrameworks/LiveFS.framework/Versions/A/LiveFS
0x000000027658f000 	/System/Library/PrivateFrameworks/TextAnimationSupport.framework/Versions/A/TextAnimationSupport
0x0000000269794000 	/System/Library/PrivateFrameworks/RecapPerformanceTesting.framework/Versions/A/RecapPerformanceTesting
0x00000001b6081000 	/System/Library/PrivateFrameworks/SignpostCollection.framework/Versions/A/SignpostCollection
0x00000001a7892000 	/System/Library/Frameworks/WebKit.framework/Versions/A/Frameworks/WebKitLegacy.framework/Versions/A/WebKitLegacy
0x00000001a566e000 	/System/Library/PrivateFrameworks/CorePrediction.framework/Versions/A/CorePrediction
0x0000000194253000 	/System/Library/Frameworks/WebKit.framework/Versions/A/Frameworks/WebCore.framework/Versions/A/Frameworks/libwebrtc.dylib
0x00000001b26b7000 	/System/Library/PrivateFrameworks/SafariSafeBrowsing.framework/Versions/A/SafariSafeBrowsing
0x000000019cbfe000 	/System/Library/Frameworks/SecurityInterface.framework/Versions/A/SecurityInterface
0x00000001b6090000 	/System/Library/PrivateFrameworks/WebInspectorUI.framework/Versions/A/WebInspectorUI
0x00000001aa4b0000 	/System/Library/Frameworks/JavaScriptCore.framework/Versions/A/JavaScriptCore
0x00000001ae6e8000 	/System/Library/Frameworks/WebKit.framework/Versions/A/Frameworks/WebCore.framework/Versions/A/WebCore
0x000000022e218000 	/System/Library/Frameworks/BrowserEngineCore.framework/Versions/A/BrowserEngineCore
0x0000000238f1d000 	/System/Library/Frameworks/WebKit.framework/Versions/A/Frameworks/WebCore.framework/Versions/A/Frameworks/libANGLE-shared.dylib
0x000000027f4f9000 	/System/Library/PrivateFrameworks/WebGPU.framework/Versions/A/WebGPU
0x00000001b7f6c000 	/System/Library/Frameworks/SceneKit.framework/Versions/A/SceneKit
0x00000001c9478000 	/System/Library/Frameworks/ModelIO.framework/Versions/A/ModelIO
0x000000019e968000 	/System/Library/Frameworks/MetalKit.framework/Versions/A/MetalKit
0x00000001a0c3c000 	/System/Library/Frameworks/GLKit.framework/Versions/A/GLKit
0x00000002886e6000 	/usr/lib/usd/libusd_ms.dylib
0x000000027a95f000 	/System/Library/PrivateFrameworks/USDLib_FormatLoaderProxy.framework/Versions/A/USDLib_FormatLoaderProxy
0x00000002883a1000 	/usr/lib/swift/libswift_errno.dylib
0x00000001b51fb000 	/System/Library/PrivateFrameworks/CoreOptimization.framework/Versions/A/CoreOptimization
0x000000023f147000 	/System/Library/PrivateFrameworks/AuthenticationServicesCore.framework/Versions/A/AuthenticationServicesCore
0x00000001bf958000 	/System/Library/Frameworks/AuthenticationServices.framework/Versions/A/AuthenticationServices
0x000000019a155000 	/System/Library/PrivateFrameworks/SharedWebCredentials.framework/Versions/A/SharedWebCredentials
0x00000001b6f1f000 	/System/Library/PrivateFrameworks/SafariCore.framework/Versions/A/SafariCore
0x00000001bf47c000 	/System/Library/PrivateFrameworks/SafariFoundation.framework/Versions/A/SafariFoundation
0x00000001a19bf000 	/System/Library/Frameworks/Contacts.framework/Versions/A/Contacts
0x0000000240398000 	/System/Library/PrivateFrameworks/CBORLibrary.framework/Versions/A/CBORLibrary
0x00000002413c0000 	/System/Library/PrivateFrameworks/Chirp.framework/Versions/A/Chirp
0x0000000241fbd000 	/System/Library/PrivateFrameworks/CloudSubscriptionFeatures.framework/Versions/A/CloudSubscriptionFeatures
0x00000001a1700000 	/System/Library/PrivateFrameworks/ContactsFoundation.framework/Versions/A/ContactsFoundation
0x00000001ec34d000 	/System/Library/PrivateFrameworks/RemoteManagement.framework/Versions/A/RemoteManagement
0x0000000269b22000 	/System/Library/PrivateFrameworks/RemoteManagementModel.framework/Versions/A/RemoteManagementModel
0x0000000269bb3000 	/System/Library/PrivateFrameworks/RemoteManagementStore.framework/Versions/A/RemoteManagementStore
0x000000019e986000 	/usr/lib/libxcselect.dylib
0x00000001bf3ea000 	/System/Library/PrivateFrameworks/DifferentialPrivacy.framework/Versions/A/DifferentialPrivacy
0x000000025e5f7000 	/System/Library/PrivateFrameworks/ManagedSettingsObjC.framework/Versions/A/ManagedSettingsObjC
0x000000025bd70000 	/System/Library/PrivateFrameworks/LockdownMode.framework/Versions/A/LockdownMode
0x000000027b5a7000 	/System/Library/PrivateFrameworks/VDAF.framework/Versions/A/VDAF
0x00000001a17d8000 	/System/Library/PrivateFrameworks/ContactsPersistence.framework/Versions/A/ContactsPersistence
0x00000001a0936000 	/System/Library/PrivateFrameworks/AppleLDAP.framework/Versions/A/AppleLDAP
0x00000001a52df000 	/System/Library/Frameworks/ClassKit.framework/Versions/A/ClassKit
0x00000001a7590000 	/System/Library/PrivateFrameworks/CoreSuggestions.framework/Versions/A/CoreSuggestions
0x00000001a2e57000 	/System/Library/PrivateFrameworks/vCard.framework/Versions/A/vCard
0x0000000242c47000 	/System/Library/PrivateFrameworks/ContactsMetrics.framework/Versions/A/ContactsMetrics
0x000000019a5d2000 	/System/Library/PrivateFrameworks/login.framework/Versions/A/login
0x000000025e5f1000 	/System/Library/PrivateFrameworks/ManagedOrganizationContacts.framework/Versions/A/ManagedOrganizationContacts
0x0000000193948000 	/System/Library/PrivateFrameworks/CloudDocs.framework/Versions/A/CloudDocs
0x00000001adf63000 	/System/Library/PrivateFrameworks/ProactiveEventTracker.framework/Versions/A/ProactiveEventTracker
0x000000019cc38000 	/System/Library/PrivateFrameworks/CoreFollowUp.framework/Versions/A/CoreFollowUp
0x00000001a6aae000 	/System/Library/PrivateFrameworks/ConfigurationProfiles.framework/Versions/A/ConfigurationProfiles
0x00000002482b6000 	/System/Library/PrivateFrameworks/DMCUtilities.framework/Versions/A/DMCUtilities
0x000000025bdf1000 	/System/Library/PrivateFrameworks/MDMClientLibrary.framework/Versions/A/MDMClientLibrary
0x0000000269ba7000 	/System/Library/PrivateFrameworks/RemoteManagementProtocol.framework/Versions/A/RemoteManagementProtocol
0x00000001a101b000 	/System/Library/PrivateFrameworks/SystemAdministration.framework/Versions/A/SystemAdministration
0x00000001abee3000 	/System/Library/PrivateFrameworks/PowerlogControl.framework/Versions/A/PowerlogControl
0x00000001abee5000 	/usr/lib/libUniversalAccess.dylib
0x00000001a8988000 	/System/Library/PrivateFrameworks/FamilyControls.framework/Versions/A/FamilyControls
0x00000001a090b000 	/System/Library/Frameworks/DirectoryService.framework/Versions/A/DirectoryService
0x00000001a4fbb000 	/System/Library/PrivateFrameworks/LoginUIKit.framework/Versions/A/Frameworks/LoginUICore.framework/Versions/A/LoginUICore
0x000000019a820000 	/usr/lib/libodfde.dylib
0x00000001a8982000 	/System/Library/PrivateFrameworks/UniversalAccess.framework/Versions/A/Libraries/libUAPreferences.dylib
0x00000001a89ac000 	/System/Library/PrivateFrameworks/CommerceKit.framework/Versions/A/Frameworks/CommerceCore.framework/Versions/A/CommerceCore
0x0000000248222000 	/System/Library/PrivateFrameworks/DEPClientLibrary.framework/Versions/A/DEPClientLibrary
0x000000024824b000 	/System/Library/PrivateFrameworks/DMCEnrollmentLibrary.framework/Versions/A/DMCEnrollmentLibrary
0x00000001abfcc000 	/System/Library/PrivateFrameworks/SetupAssistantFramework.framework/Versions/A/SetupAssistantFramework
0x00000001a56c6000 	/System/Library/PrivateFrameworks/AuthKitUI.framework/Versions/A/AuthKitUI
0x00000001a5005000 	/System/Library/PrivateFrameworks/AppSSO.framework/Versions/A/AppSSO
0x00000001bc2bd000 	/System/Library/PrivateFrameworks/LocalAuthenticationUI.framework/Versions/A/LocalAuthenticationUI
0x00000002677d4000 	/System/Library/PrivateFrameworks/PlatformSSO.framework/Versions/A/PlatformSSO
0x00000002678c2000 	/System/Library/PrivateFrameworks/PlatformSSOCore.framework/Versions/A/PlatformSSOCore
0x00000002302fe000 	/System/Library/Frameworks/LocalAuthenticationEmbeddedUI.framework/Versions/A/LocalAuthenticationEmbeddedUI
0x00000001bcd79000 	/System/Library/PrivateFrameworks/AOSUI.framework/Versions/A/AOSUI
0x00000001add2b000 	/System/Library/Frameworks/ContactsUI.framework/Versions/A/ContactsUI
0x00000001a1c50000 	/System/Library/PrivateFrameworks/FamilyCircle.framework/Versions/A/FamilyCircle
0x00000001cac42000 	/System/Library/Frameworks/LinkPresentation.framework/Versions/A/LinkPresentation
0x00000001ad8dc000 	/System/Library/PrivateFrameworks/IASUtilities.framework/Versions/A/IASUtilities
0x0000000256add000 	/System/Library/PrivateFrameworks/IASUtilitiesCore.framework/Versions/A/IASUtilitiesCore
0x0000000269c1d000 	/System/Library/PrivateFrameworks/RemoteUI.framework/Versions/A/RemoteUI
0x000000025b17f000 	/System/Library/PrivateFrameworks/LiftUI.framework/Versions/A/LiftUI
0x0000000281265000 	/System/Library/PrivateFrameworks/_IconServices_SwiftUI.framework/Versions/A/_IconServices_SwiftUI
0x0000000241efc000 	/System/Library/PrivateFrameworks/CloudSettings.framework/Versions/A/CloudSettings
0x00000001a7661000 	/System/Library/Frameworks/EventKit.framework/Versions/A/EventKit
0x00000001b62a5000 	/System/Library/PrivateFrameworks/SearchFoundation.framework/Versions/A/SearchFoundation
0x00000001ccd0d000 	/System/Library/PrivateFrameworks/Email.framework/Versions/A/Email
0x00000001b4dfd000 	/System/Library/PrivateFrameworks/CoreRoutine.framework/Versions/A/CoreRoutine
0x00000001ebcba000 	/System/Library/PrivateFrameworks/VoiceShortcutClient.framework/Versions/A/VoiceShortcutClient
0x00000001c49dd000 	/System/Library/PrivateFrameworks/Categories.framework/Versions/A/Categories
0x00000001bcc28000 	/System/Library/PrivateFrameworks/ChronoServices.framework/Versions/A/ChronoServices
0x0000000240e41000 	/System/Library/PrivateFrameworks/CalendarDatabase.framework/Versions/A/CalendarDatabase
0x0000000240d8a000 	/System/Library/PrivateFrameworks/CalendarDaemon.framework/Versions/A/CalendarDaemon
0x00000001a69d1000 	/System/Library/PrivateFrameworks/CalendarFoundation.framework/Versions/A/CalendarFoundation
0x00000001a698d000 	/System/Library/PrivateFrameworks/iCalendar.framework/Versions/A/iCalendar
0x00000002484b5000 	/System/Library/PrivateFrameworks/DataAccessExpress.framework/Versions/A/DataAccessExpress
0x00000001ade8d000 	/System/Library/PrivateFrameworks/ContactsAutocomplete.framework/Versions/A/ContactsAutocomplete
0x00000001bcb75000 	/System/Library/PrivateFrameworks/FTClientServices.framework/Versions/A/FTClientServices
0x0000000263c1b000 	/System/Library/PrivateFrameworks/OSEligibility.framework/Versions/A/OSEligibility
0x0000000274ee7000 	/System/Library/PrivateFrameworks/StorageContainersPrivate.framework/Versions/A/StorageContainersPrivate
0x0000000287ffc000 	/usr/lib/swift/libswiftCoreMediaIO.dylib
0x00000001ad766000 	/System/Library/PrivateFrameworks/CoreDAV.framework/Versions/A/CoreDAV
0x00000001a7531000 	/System/Library/PrivateFrameworks/CalDAV.framework/Versions/A/CalDAV
0x00000001b23b3000 	/System/Library/PrivateFrameworks/TelephonyUtilities.framework/Versions/A/TelephonyUtilities
0x00000002302bb000 	/System/Library/Frameworks/LiveCommunicationKit.framework/Versions/A/LiveCommunicationKit
0x00000002427f9000 	/System/Library/PrivateFrameworks/CommunicationTrust.framework/Versions/A/CommunicationTrust
0x00000001b6d31000 	/System/Library/Frameworks/CallKit.framework/Versions/A/CallKit
0x00000001a1c48000 	/System/Library/PrivateFrameworks/CommunicationsFilter.framework/Versions/A/CommunicationsFilter
0x00000001e0f65000 	/System/Library/PrivateFrameworks/IMTransferServices.framework/Versions/A/IMTransferServices
0x00000001b5214000 	/System/Library/PrivateFrameworks/IncomingCallFilter.framework/Versions/A/IncomingCallFilter
0x000000026236a000 	/System/Library/PrivateFrameworks/NeighborhoodActivityConduit.framework/Versions/A/NeighborhoodActivityConduit
0x00000001b927e000 	/System/Library/PrivateFrameworks/CallHistory.framework/Versions/A/CallHistory
0x0000000286ab8000 	/usr/lib/libBASupport.dylib
0x000000024125a000 	/System/Library/PrivateFrameworks/CallsUtilities.framework/Versions/A/CallsUtilities
0x0000000241265000 	/System/Library/PrivateFrameworks/CallsXPC.framework/Versions/A/CallsXPC
0x00000001ec4ae000 	/usr/lib/swift/libswiftCallKit.dylib
0x000000024124d000 	/System/Library/PrivateFrameworks/CallsPersistence.framework/Versions/A/CallsPersistence
0x0000000236f66000 	/System/Library/Frameworks/SensitiveContentAnalysis.framework/Versions/A/SensitiveContentAnalysis
0x00000001ba2bb000 	/System/Library/PrivateFrameworks/PeopleSuggester.framework/Versions/A/PeopleSuggester
0x00000001c379a000 	/System/Library/PrivateFrameworks/SpotlightReceiver.framework/Versions/A/SpotlightReceiver
0x000000028122b000 	/System/Library/PrivateFrameworks/_AppIntentsServices_AppIntents.framework/Versions/A/_AppIntentsServices_AppIntents
0x000000023c63a000 	/System/Library/PrivateFrameworks/AppIntentsServices.framework/Versions/A/AppIntentsServices
0x00000001a6975000 	/System/Library/PrivateFrameworks/CoreRecents.framework/Versions/A/CoreRecents
0x000000022f790000 	/System/Library/Frameworks/GeoToolbox.framework/Versions/A/GeoToolbox
0x0000000239422000 	/System/Library/Frameworks/_GeoToolbox_AppIntents.framework/Versions/A/_GeoToolbox_AppIntents
0x00000001d699b000 	/System/Library/PrivateFrameworks/DiagnosticRequest.framework/Versions/A/DiagnosticRequest
0x000000028116f000 	/System/Library/PrivateFrameworks/XPCDistributed.framework/Versions/A/XPCDistributed
0x000000026982a000 	/System/Library/PrivateFrameworks/RegulatoryDomain.framework/Versions/A/RegulatoryDomain
0x00000001a0d14000 	/usr/lib/libCTGreenTeaLogger.dylib
0x000000025bd42000 	/System/Library/PrivateFrameworks/LocalStatusKit.framework/Versions/A/LocalStatusKit
0x00000001b229f000 	/System/Library/PrivateFrameworks/CoreParsec.framework/Versions/A/CoreParsec
0x00000001ccd01000 	/System/Library/PrivateFrameworks/EmailAddressing.framework/Versions/A/EmailAddressing
0x00000001c8ce7000 	/System/Library/PrivateFrameworks/EmailCore.framework/Versions/A/EmailCore
0x00000001c9d15000 	/System/Library/PrivateFrameworks/EmailFoundation.framework/Versions/A/EmailFoundation
0x000000026535c000 	/System/Library/PrivateFrameworks/PegasusAPI.framework/Versions/A/PegasusAPI
0x0000000265ead000 	/System/Library/PrivateFrameworks/PegasusConfiguration.framework/Versions/A/PegasusConfiguration
0x00000002791c8000 	/System/Library/PrivateFrameworks/ToolKit.framework/Versions/A/ToolKit
0x0000000269fb2000 	/System/Library/PrivateFrameworks/ReplicatorEngine.framework/Versions/A/ReplicatorEngine
0x000000026a154000 	/System/Library/PrivateFrameworks/ReplicatorServices.framework/Versions/A/ReplicatorServices
0x0000000275e83000 	/System/Library/PrivateFrameworks/SystemWake.framework/Versions/A/SystemWake
0x00000001b6f05000 	/System/Library/PrivateFrameworks/ContextKit.framework/Versions/A/ContextKit
0x0000000242d94000 	/System/Library/PrivateFrameworks/ContextKitCore.framework/Versions/A/ContextKitCore
0x00000001b549a000 	/System/Library/Frameworks/LocalAuthentication.framework/Support/DaemonUtils.framework/Versions/A/DaemonUtils
0x000000025bcd7000 	/System/Library/PrivateFrameworks/LocalAuthenticationCoreUI.framework/Versions/A/LocalAuthenticationCoreUI
0x00000001b88c0000 	/System/Library/PrivateFrameworks/BridgeXPC.framework/Versions/A/BridgeXPC
0x00000001b616d000 	/System/Library/PrivateFrameworks/CoreKDL.framework/Versions/A/CoreKDL
0x00000001b479a000 	/System/Library/PrivateFrameworks/EmbeddedOSSupportHost.framework/Versions/A/EmbeddedOSSupportHost
0x00000001a9487000 	/System/Library/PrivateFrameworks/LoginUIKit.framework/Versions/A/LoginUIKit
0x00000001c4eda000 	/System/Library/PrivateFrameworks/StorageKit.framework/Versions/A/StorageKit
0x00000001edcc3000 	/System/Library/Frameworks/DeviceCheck.framework/Versions/A/DeviceCheck
0x00000001c4f54000 	/System/Library/PrivateFrameworks/CoreWLANKit.framework/Versions/A/CoreWLANKit
0x000000027e881000 	/System/Library/PrivateFrameworks/Wallpaper.framework/Versions/A/Wallpaper
0x0000000288017000 	/usr/lib/swift/libswiftGLKit.dylib
0x0000000288022000 	/usr/lib/swift/libswiftMetalKit.dylib
0x0000000288026000 	/usr/lib/swift/libswiftModelIO.dylib
0x00000002880e9000 	/usr/lib/swift/libswiftSceneKit.dylib
0x0000000248e20000 	/System/Library/PrivateFrameworks/DiskImages2.framework/Versions/A/DiskImages2
0x00000001cdc43000 	/System/Library/PrivateFrameworks/DynamicDesktop.framework/Versions/A/DynamicDesktop
0x000000027ea10000 	/System/Library/PrivateFrameworks/WallpaperFoundation.framework/Versions/A/WallpaperFoundation
0x000000027ea6e000 	/System/Library/PrivateFrameworks/WallpaperTypes.framework/Versions/A/WallpaperTypes
0x00000001e2cc2000 	/System/Library/PrivateFrameworks/SystemDesktopAppearance.framework/Versions/A/SystemDesktopAppearance
0x000000028431f000 	/System/Library/PrivateFrameworks/icloudMCCKit.framework/Versions/A/icloudMCCKit
0x000000023d594000 	/System/Library/PrivateFrameworks/AppleAccountUI.framework/Versions/A/AppleAccountUI
0x00000001d6f72000 	/System/Library/PrivateFrameworks/PreferencePanesSupport.framework/Versions/A/PreferencePanesSupport
0x00000001bcf2b000 	/System/Library/PrivateFrameworks/FindMyDeviceUI.framework/Versions/A/FindMyDeviceUI
0x0000000281f65000 	/System/Library/PrivateFrameworks/iCloudQuotaUI.framework/Versions/A/iCloudQuotaUI
0x00000001d7126000 	/System/Library/PrivateFrameworks/CoreCDPUI.framework/Versions/A/CoreCDPUI
0x00000001b6c60000 	/System/Library/PrivateFrameworks/CoreFollowUpUI.framework/Versions/A/CoreFollowUpUI
0x00000001c3a18000 	/System/Library/PrivateFrameworks/IMCore.framework/Versions/A/IMCore
0x00000001abf4c000 	/System/Library/PrivateFrameworks/CoreCDP.framework/Versions/A/CoreCDP
0x00000001a7eec000 	/System/Library/PrivateFrameworks/AskPermission.framework/Versions/A/AskPermission
0x00000001ba9a0000 	/System/Library/Frameworks/Quartz.framework/Versions/A/Quartz
0x00000001c74b9000 	/System/Library/PrivateFrameworks/CloudPhotoServicesConfiguration.framework/Versions/A/CloudPhotoServicesConfiguration
0x00000001b90a3000 	/System/Library/PrivateFrameworks/CommerceKit.framework/Versions/A/CommerceKit
0x00000001c8db7000 	/System/Library/PrivateFrameworks/FindMyMac.framework/Versions/A/FindMyMac
0x00000001c8c8a000 	/System/Library/Frameworks/PreferencePanes.framework/Versions/A/PreferencePanes
0x00000001bc3a8000 	/System/Library/Frameworks/AddressBook.framework/Versions/A/AddressBook
0x00000001a6dcf000 	/System/Library/PrivateFrameworks/AOSAccounts.framework/Versions/A/AOSAccounts
0x00000001a1015000 	/System/Library/PrivateFrameworks/AppleSRP.framework/Versions/A/AppleSRP
0x00000001a589f000 	/System/Library/PrivateFrameworks/NetFSServer.framework/Versions/A/NetFSServer
0x00000001b7e46000 	/System/Library/Frameworks/PDFKit.framework/Versions/A/PDFKit
0x0000000238515000 	/System/Library/Frameworks/TabularData.framework/Versions/A/TabularData
0x000000028803d000 	/usr/lib/swift/libswiftPassKit.dylib
0x00000001db11e000 	/System/Library/Frameworks/PassKit.framework/Versions/A/PassKit
0x00000001a9592000 	/System/Library/PrivateFrameworks/PassKitCore.framework/Versions/A/PassKitCore
0x0000000264c7e000 	/System/Library/PrivateFrameworks/PassKitMacHelperTemp.framework/Versions/A/PassKitMacHelperTemp
0x0000000286a08000 	/usr/lib/libAppleSSE.dylib
0x00000001b54e6000 	/System/Library/PrivateFrameworks/BiometricKit.framework/Versions/A/BiometricKit
0x000000026a758000 	/System/Library/PrivateFrameworks/SEService.framework/Versions/A/SEService
0x000000022f14f000 	/System/Library/Frameworks/FinanceKit.framework/Versions/A/FinanceKit
0x00000001baa4f000 	/System/Library/PrivateFrameworks/NearField.framework/Versions/A/NearField
0x0000000286e08000 	/usr/lib/libSESShared.dylib
0x000000026a9c0000 	/System/Library/PrivateFrameworks/STSXPCHelperClient.framework/Versions/A/STSXPCHelperClient
0x00000001bc7b4000 	/usr/lib/libnfshared.dylib
0x0000000275c0b000 	/System/Library/PrivateFrameworks/Symptoms.framework/Versions/A/Frameworks/SymptomPresentationFeed.framework/Versions/A/SymptomPresentationFeed
0x000000023dfaa000 	/System/Library/PrivateFrameworks/AppleMediaServicesKitInternal.framework/Versions/A/AppleMediaServicesKitInternal
0x000000023ec4d000 	/System/Library/PrivateFrameworks/AsyncAlgorithmsInternal.framework/Versions/A/AsyncAlgorithmsInternal
0x000000027594d000 	/System/Library/PrivateFrameworks/SymptomShared.framework/Versions/A/SymptomShared
0x00000001dde67000 	/System/Library/PrivateFrameworks/PassKitUIFoundation.framework/Versions/A/PassKitUIFoundation
0x00000001a0948000 	/System/Library/Frameworks/MapKit.framework/Versions/A/MapKit
0x0000000253b53000 	/System/Library/PrivateFrameworks/GeoAnalytics.framework/Versions/A/GeoAnalytics
0x00000001bc7e2000 	/System/Library/PrivateFrameworks/Navigation.framework/Versions/A/Navigation
0x00000001c6501000 	/System/Library/PrivateFrameworks/VectorKit.framework/Versions/A/VectorKit
0x00000001ad9a7000 	/System/Library/PrivateFrameworks/VirtualGarage.framework/Versions/A/VirtualGarage
0x00000001bc9c1000 	/System/Library/Frameworks/ExternalAccessory.framework/ExternalAccessory
0x00000001bc9dc000 	/System/Library/PrivateFrameworks/IAP.framework/Versions/A/IAP
0x00000001a0c04000 	/System/Library/PrivateFrameworks/IOPlatformPluginFamily.framework/Versions/A/IOPlatformPluginFamily
0x000000023f292000 	/System/Library/PrivateFrameworks/AvatarKit.framework/Versions/A/AvatarKit
0x000000023f351000 	/System/Library/PrivateFrameworks/AvatarPersistence.framework/Versions/A/AvatarPersistence
0x000000023889c000 	/System/Library/Frameworks/TipKit.framework/Versions/A/TipKit
0x00000001a9079000 	/System/Library/PrivateFrameworks/IMSharedUtilities.framework/Versions/A/IMSharedUtilities
0x0000000287fdc000 	/usr/lib/swift/libswiftAppleArchive.dylib
0x000000027b6a7000 	/System/Library/PrivateFrameworks/VFX.framework/Versions/A/VFX
0x00000001d8cd4000 	/System/Library/PrivateFrameworks/AppleCVA.framework/Versions/A/AppleCVA
0x000000023f350000 	/System/Library/PrivateFrameworks/AvatarKitContent.framework/Versions/A/AvatarKitContent
0x0000000231067000 	/System/Library/Frameworks/MetalFX.framework/Versions/A/MetalFX
0x000000024290f000 	/System/Library/PrivateFrameworks/CompositorNonUI.framework/Versions/A/CompositorNonUI
0x000000022d4d3000 	/System/Library/Frameworks/ARKit.framework/Versions/A/ARKit
0x000000023af8e000 	/System/Library/PrivateFrameworks/ARKitCore.framework/Versions/A/ARKitCore
0x0000000286b02000 	/usr/lib/libDisplayWarpSupport.dylib
0x000000024406a000 	/System/Library/PrivateFrameworks/CoreComposite.framework/Versions/A/CoreComposite
0x0000000286f3c000 	/usr/lib/libchannel.dylib
0x0000000287c39000 	/usr/lib/librealtime_safety.dylib
0x000000023b01b000 	/System/Library/PrivateFrameworks/ARKitFoundation.framework/Versions/A/ARKitFoundation
0x000000023d632000 	/System/Library/PrivateFrameworks/AppleDepth.framework/Versions/A/AppleDepth
0x000000023d7a8000 	/System/Library/PrivateFrameworks/AppleDepthCore.framework/Versions/A/AppleDepthCore
0x00000001a0d3d000 	/System/Library/PrivateFrameworks/CoreAppleCVA.framework/Versions/A/CoreAppleCVA
0x00000001adad5000 	/System/Library/PrivateFrameworks/ContactsUICore.framework/Versions/A/ContactsUICore
0x00000001b531c000 	/System/Library/PrivateFrameworks/ContactsDonation.framework/Versions/A/ContactsDonation
0x00000001b4bd3000 	/System/Library/PrivateFrameworks/DataDetectors.framework/Versions/A/DataDetectors
0x00000001a751d000 	/System/Library/Frameworks/MediaLibrary.framework/Versions/A/MediaLibrary
0x00000001a1c37000 	/System/Library/PrivateFrameworks/PersonaKit.framework/Versions/A/PersonaKit
0x00000001adac3000 	/System/Library/PrivateFrameworks/PersonaUI.framework/Versions/A/PersonaUI
0x00000001c86ac000 	/System/Library/PrivateFrameworks/Transparency.framework/Versions/A/Transparency
0x000000024a883000 	/System/Library/PrivateFrameworks/FindMyLocate.framework/Versions/A/FindMyLocate
0x00000001b6bdf000 	/System/Library/PrivateFrameworks/IntlPreferences.framework/Versions/A/IntlPreferences
0x000000024a75c000 	/System/Library/PrivateFrameworks/FindMyCommon.framework/Versions/A/FindMyCommon
0x000000024a54b000 	/System/Library/PrivateFrameworks/FindMyBase.framework/Versions/A/FindMyBase
0x0000000235be6000 	/System/Library/Frameworks/NearbyInteraction.framework/Versions/A/NearbyInteraction
0x00000001a1856000 	/System/Library/PrivateFrameworks/AddressBookCore.framework/Versions/A/AddressBookCore
0x00000001bc53f000 	/System/Library/PrivateFrameworks/ToneKit.framework/Versions/A/ToneKit
0x00000001b6c26000 	/System/Library/PrivateFrameworks/ToneLibrary.framework/Versions/A/ToneLibrary
0x0000000242c14000 	/System/Library/PrivateFrameworks/ContactsAccounts.framework/Versions/A/ContactsAccounts
0x00000001ba8bb000 	/System/Library/PrivateFrameworks/Lookup.framework/Versions/A/Lookup
0x00000002364cb000 	/System/Library/Frameworks/QuickLookUI.framework/Versions/A/QuickLookUI
0x0000000236ee0000 	/System/Library/Frameworks/ScreenCaptureKit.framework/Versions/A/ScreenCaptureKit
0x00000001b795a000 	/System/Library/Frameworks/Quartz.framework/Versions/A/Frameworks/QuartzComposer.framework/Versions/A/QuartzComposer
0x00000001b6bb6000 	/System/Library/Frameworks/Quartz.framework/Versions/A/Frameworks/QuartzFilters.framework/Versions/A/QuartzFilters
0x00000001b5c62000 	/System/Library/Frameworks/Quartz.framework/Versions/A/Frameworks/ImageKit.framework/Versions/A/ImageKit
0x000000022d2e0000 	/System/Library/Frameworks/OpenCL.framework/Versions/A/OpenCL
0x00000001b4171000 	/System/Library/PrivateFrameworks/CorePDF.framework/Versions/A/CorePDF
0x000000019e8ff000 	/System/Library/Frameworks/QuickLook.framework/Versions/A/QuickLook
0x00000001a9482000 	/System/Library/PrivateFrameworks/DisplayServices.framework/Versions/A/DisplayServices
0x00000001b6b3b000 	/System/Library/Frameworks/ImageCaptureCore.framework/Versions/A/ImageCaptureCore
0x000000027d6b6000 	/System/Library/PrivateFrameworks/VisionKitCore.framework/Versions/A/VisionKitCore
0x00000001b226f000 	/System/Library/PrivateFrameworks/QuickLookSupport.framework/Versions/A/QuickLookSupport
0x000000025eedb000 	/System/Library/PrivateFrameworks/MediaAnalysisServices.framework/Versions/A/MediaAnalysisServices
0x00000001b98a6000 	/System/Library/PrivateFrameworks/PhotoLibraryServices.framework/Versions/A/PhotoLibraryServices
0x00000001b6753000 	/System/Library/Frameworks/Photos.framework/Versions/A/Photos
0x00000001cb039000 	/System/Library/PrivateFrameworks/PhotosFormats.framework/Versions/A/PhotosFormats
0x00000001c74e4000 	/System/Library/PrivateFrameworks/CloudPhotoLibrary.framework/Versions/A/CloudPhotoLibrary
0x00000001d08de000 	/System/Library/PrivateFrameworks/CloudPhotoServices.framework/Versions/A/CloudPhotoServices
0x00000001cce72000 	/System/Library/PrivateFrameworks/CoreMediaStream.framework/Versions/A/CoreMediaStream
0x00000001a22f0000 	/System/Library/PrivateFrameworks/CPAnalytics.framework/Versions/A/CPAnalytics
0x00000001c93b0000 	/System/Library/PrivateFrameworks/MediaConversionService.framework/Versions/A/MediaConversionService
0x00000001a9065000 	/System/Library/PrivateFrameworks/PhotoFoundation.framework/Versions/A/PhotoFoundation
0x0000000266495000 	/System/Library/PrivateFrameworks/PhotoLibraryServicesCore.framework/Versions/A/PhotoLibraryServicesCore
0x00000001c3126000 	/System/Library/PrivateFrameworks/MMCS.framework/Versions/A/MMCS
0x00000001a7376000 	/System/Library/PrivateFrameworks/ChunkingLibrary.framework/Versions/A/ChunkingLibrary
0x00000001a0fe2000 	/System/Library/PrivateFrameworks/AssetCacheServices.framework/Versions/A/AssetCacheServices
0x00000001a2fa8000 	/System/Library/PrivateFrameworks/AVFoundationCF.framework/Versions/A/AVFoundationCF
0x00000001e0e60000 	/usr/lib/swift/libswiftDemangle.dylib
0x0000000256cce000 	/System/Library/PrivateFrameworks/ImageCaptureDevices.framework/Versions/A/ImageCaptureDevices
0x00000001b4e90000 	/System/Library/PrivateFrameworks/MediaStream.framework/Versions/A/MediaStream
0x00000001c9852000 	/System/Library/PrivateFrameworks/NeutrinoCore.framework/Versions/A/NeutrinoCore
0x00000001907b4000 	/System/Library/PrivateFrameworks/NLP.framework/Versions/A/NLP
0x00000001cf671000 	/System/Library/PrivateFrameworks/PhotoImaging.framework/Versions/A/PhotoImaging
0x00000001d089f000 	/System/Library/PrivateFrameworks/PhotosImagingFoundation.framework/Versions/A/PhotosImagingFoundation
0x0000000267042000 	/System/Library/PrivateFrameworks/PhotosIntelligenceCore.framework/Versions/A/PhotosIntelligenceCore
0x00000001a33e4000 	/System/Library/PrivateFrameworks/EmbeddedAcousticRecognition.framework/Versions/A/EmbeddedAcousticRecognition
0x00000001be743000 	/System/Library/PrivateFrameworks/EmojiFoundation.framework/Versions/A/EmojiFoundation
0x00000001c775d000 	/System/Library/PrivateFrameworks/SDAPI.framework/Versions/A/SDAPI
0x00000001d08ed000 	/System/Library/PrivateFrameworks/AutoLoop.framework/Versions/A/AutoLoop
0x0000000267c23000 	/System/Library/PrivateFrameworks/Portrait.framework/Versions/A/Portrait
0x000000024af13000 	/System/Library/PrivateFrameworks/FusionTracker.framework/Versions/A/FusionTracker
0x00000001b73f4000 	/System/Library/PrivateFrameworks/iTunesCloud.framework/Versions/A/iTunesCloud
0x00000001c064b000 	/System/Library/PrivateFrameworks/DAAPKit.framework/Versions/A/DAAPKit
0x00000001b25ec000 	/System/Library/PrivateFrameworks/DeviceManagement.framework/Versions/A/DeviceManagement
0x00000001d68ec000 	/System/Library/PrivateFrameworks/ScreenTimeUI.framework/Versions/A/ScreenTimeUI
0x00000001b4bcd000 	/System/Library/PrivateFrameworks/QuickLookNonBaseSystem.framework/Versions/A/QuickLookNonBaseSystem
0x00000001b53f2000 	/System/Library/PrivateFrameworks/Catalyst.framework/Versions/A/Catalyst
0x00000001b6dd8000 	/System/Library/PrivateFrameworks/ScreenTimeCore.framework/Versions/A/ScreenTimeCore
0x00000001ca4e3000 	/System/Library/PrivateFrameworks/ScreenTimeServiceUI.framework/Versions/A/ScreenTimeServiceUI
0x00000001c32b6000 	/System/Library/PrivateFrameworks/ConfigurationEngineModel.framework/Versions/A/ConfigurationEngineModel
0x00000001c64ba000 	/System/Library/PrivateFrameworks/UsageTracking.framework/Versions/A/UsageTracking
0x000000022ede1000 	/System/Library/Frameworks/DeviceActivity.framework/Versions/A/DeviceActivity
0x00000001c648a000 	/System/Library/PrivateFrameworks/KnowledgeMonitor.framework/Versions/A/KnowledgeMonitor
0x00000001dde0d000 	/System/Library/PrivateFrameworks/BluetoothManager.framework/Versions/A/BluetoothManager
0x00000002303ec000 	/System/Library/Frameworks/ManagedSettings.framework/Versions/A/ManagedSettings
0x000000025e638000 	/System/Library/PrivateFrameworks/ManagedSettingsSupport.framework/Versions/A/ManagedSettingsSupport
0x00000001db1ee000 	/System/Library/Frameworks/ReplayKit.framework/Versions/A/ReplayKit
0x00000001aa442000 	/System/Library/PrivateFrameworks/MarkupUI.framework/Versions/A/MarkupUI
0x00000001b4ba5000 	/System/Library/PrivateFrameworks/SidecarCore.framework/Versions/A/SidecarCore
0x00000001b780f000 	/System/Library/PrivateFrameworks/AnnotationKit.framework/Versions/A/AnnotationKit
0x00000001b5ea7000 	/System/Library/Frameworks/PencilKit.framework/Versions/A/PencilKit
0x00000001b606c000 	/System/Library/PrivateFrameworks/SidecarUI.framework/Versions/A/SidecarUI
0x00000001b5802000 	/System/Library/PrivateFrameworks/CoreHandwriting.framework/Versions/A/CoreHandwriting
0x000000018a35a000 	/usr/lib/libmecabra.dylib
0x00000001ae09b000 	/System/Library/PrivateFrameworks/Calculate.framework/Versions/A/Calculate
0x0000000199f05000 	/usr/lib/libChineseTokenizer.dylib
0x00000001ec272000 	/System/Library/PrivateFrameworks/ScreenReaderCore.framework/Versions/A/ScreenReaderCore
0x0000000274e79000 	/System/Library/PrivateFrameworks/StocksKit.framework/Versions/A/StocksKit
0x00000001ad090000 	/System/Library/PrivateFrameworks/OAuth.framework/Versions/A/OAuth
0x0000000274b6a000 	/System/Library/PrivateFrameworks/StocksCore.framework/Versions/A/StocksCore
0x000000027617b000 	/System/Library/PrivateFrameworks/TeaFoundation.framework/Versions/A/TeaFoundation
0x000000027635d000 	/System/Library/PrivateFrameworks/TeaSettings.framework/Versions/A/TeaSettings
0x00000001e2528000 	/System/Library/PrivateFrameworks/NewsCore.framework/Versions/A/NewsCore
0x0000000276117000 	/System/Library/PrivateFrameworks/TeaDB.framework/Versions/A/TeaDB
0x00000001def24000 	/System/Library/PrivateFrameworks/RemoteConfiguration.framework/Versions/A/RemoteConfiguration
0x00000001e2133000 	/System/Library/PrivateFrameworks/NewsTransport.framework/Versions/A/NewsTransport
0x00000001e2518000 	/System/Library/PrivateFrameworks/NewsFoundation.framework/Versions/A/NewsFoundation
0x0000000262970000 	/System/Library/PrivateFrameworks/NewsURLBucket.framework/Versions/A/NewsURLBucket
0x00000001b949d000 	/System/Library/PrivateFrameworks/MobileInstallation.framework/Versions/A/MobileInstallation
0x0000000238a09000 	/System/Library/Frameworks/Translation.framework/Versions/A/Translation
0x00000001d22f1000 	/System/Library/PrivateFrameworks/RevealCore.framework/Versions/A/RevealCore
0x00000001d22e5000 	/System/Library/PrivateFrameworks/Reveal.framework/Versions/A/Reveal
0x00000001ca1ad000 	/System/Library/Frameworks/Speech.framework/Versions/A/Speech
0x0000000239e6e000 	/System/Library/PrivateFrameworks/AIMLExperimentationAnalytics.framework/Versions/A/AIMLExperimentationAnalytics
0x000000023c1e9000 	/System/Library/PrivateFrameworks/AlgorithmsInternal.framework/Versions/A/AlgorithmsInternal
0x00000002799b1000 	/System/Library/PrivateFrameworks/TranslationUIServices.framework/Versions/A/TranslationUIServices
0x000000027889c000 	/System/Library/PrivateFrameworks/TipKitCore.framework/Versions/A/TipKitCore
0x00000001be7c7000 	/System/Library/PrivateFrameworks/CoreCDPInternal.framework/Versions/A/CoreCDPInternal
0x00000002574ab000 	/System/Library/PrivateFrameworks/InputAnalytics.framework/Versions/A/InputAnalytics
0x00000001c42e4000 	/System/Library/Frameworks/InstantMessage.framework/Versions/A/InstantMessage
0x00000001bc2b6000 	/System/Library/PrivateFrameworks/IDSKVStore.framework/Versions/A/IDSKVStore
0x00000001bbf7c000 	/System/Library/PrivateFrameworks/IMDPersistence.framework/Versions/A/IMDPersistence
0x000000027b59d000 	/System/Library/PrivateFrameworks/UserSafety.framework/Versions/A/UserSafety
0x00000001dd01d000 	/System/Library/PrivateFrameworks/BlastDoor.framework/Versions/A/BlastDoor
0x000000025b95d000 	/System/Library/PrivateFrameworks/LinkPresentationStyleSheetParsing.framework/Versions/A/LinkPresentationStyleSheetParsing
0x0000000267dd4000 	/System/Library/PrivateFrameworks/PosterFoundation.framework/Versions/A/PosterFoundation
0x0000000267e63000 	/System/Library/PrivateFrameworks/PosterModel.framework/Versions/A/PosterModel
0x0000000267e3e000 	/System/Library/PrivateFrameworks/PosterFuturesKit.framework/Versions/A/PosterFuturesKit
0x000000024a33a000 	/System/Library/PrivateFrameworks/FeedbackService.framework/Versions/A/FeedbackService
0x00000001b5273000 	/System/Library/PrivateFrameworks/CoreSDB.framework/Versions/A/CoreSDB
0x000000023ea36000 	/System/Library/PrivateFrameworks/AskToCore.framework/Versions/A/AskToCore
0x00000001d7123000 	/System/Library/PrivateFrameworks/MachineSettings.framework/Versions/A/MachineSettings
0x00000001c8c0c000 	/System/Library/PrivateFrameworks/BezelServices.framework/Versions/A/BezelServices
0x00000001c06d7000 	/System/Library/PrivateFrameworks/SPOwner.framework/Versions/A/SPOwner
0x00000001b9108000 	/System/Library/PrivateFrameworks/FMCore.framework/Versions/A/FMCore
0x0000000281ebd000 	/System/Library/PrivateFrameworks/iCloudQuota.framework/Versions/A/iCloudQuota
0x00000001ada40000 	/System/Library/PrivateFrameworks/CoreRecognition.framework/Versions/A/CoreRecognition
0x00000001c8cc2000 	/System/Library/PrivateFrameworks/InAppMessages.framework/Versions/A/InAppMessages
0x00000001eae5b000 	/System/Library/PrivateFrameworks/JetUI.framework/Versions/A/JetUI
0x000000025ac3e000 	/System/Library/PrivateFrameworks/JetPack.framework/Versions/A/JetPack
0x00000001c8cb9000 	/System/Library/PrivateFrameworks/InAppMessagesCore.framework/Versions/A/InAppMessagesCore
0x0000000281275000 	/System/Library/PrivateFrameworks/_JetEngine_SwiftUI.framework/Versions/A/_JetEngine_SwiftUI
0x0000000275c34000 	/System/Library/PrivateFrameworks/Synapse.framework/Versions/A/Synapse
0x0000000240be1000 	/System/Library/PrivateFrameworks/CSExattrCrypto.framework/Versions/A/CSExattrCrypto
0x00000001ba5a4000 	/System/Library/PrivateFrameworks/StoreFoundation.framework/Versions/A/StoreFoundation
0x00000001b9102000 	/System/Library/PrivateFrameworks/ServerInformation.framework/Versions/A/ServerInformation
0x00000001b8b33000 	/System/Library/PrivateFrameworks/Install.framework/Frameworks/DistributionKit.framework/Versions/A/DistributionKit
0x00000001b2043000 	/System/Library/PrivateFrameworks/PackageKit.framework/Versions/A/PackageKit
0x00000001b8b56000 	/System/Library/PrivateFrameworks/OSPersonalization.framework/Versions/A/OSPersonalization
0x00000001bab2e000 	/System/Library/PrivateFrameworks/BridgeOSSoftwareUpdate.framework/Versions/A/BridgeOSSoftwareUpdate
0x00000001b570a000 	/System/Library/PrivateFrameworks/StorageManagement.framework/Versions/A/StorageManagement
0x00000001ca030000 	/usr/lib/libauthinstall.dylib
0x00000001bab37000 	/System/Library/PrivateFrameworks/InstallerDiagnostics.framework/Versions/A/InstallerDiagnostics
0x00000001ca6af000 	/usr/lib/libcrypto.42.dylib
0x0000000288543000 	/usr/lib/updaters/libAppleTconUARPUpdater.dylib
0x00000002886cd000 	/usr/lib/updaters/libT200Updater.dylib
0x00000001bab1c000 	/System/Library/PrivateFrameworks/GPUInfo.framework/Versions/A/GPUInfo
0x00000001c8dbd000 	/System/Library/PrivateFrameworks/MobileActivationMacOS.framework/Versions/A/MobileActivationMacOS
0x00000001acfd2000 	/System/Library/PrivateFrameworks/AccountsDaemon.framework/Versions/A/AccountsDaemon
0x000000019d04b000 	/System/Library/PrivateFrameworks/CacheDelete.framework/Versions/A/CacheDelete
0x00000001a59c3000 	/System/Library/Frameworks/QuickLookThumbnailing.framework/Versions/A/QuickLookThumbnailing
0x00000001bab7b000 	/System/Library/PrivateFrameworks/AOSKit.framework/Versions/A/AOSKit
0x000000019a036000 	/System/Library/PrivateFrameworks/AppSSOCore.framework/Versions/A/AppSSOCore
0x00000001b457b000 	/System/Library/Frameworks/AVFoundation.framework/Versions/A/AVFoundation
0x000000023f3ea000 	/System/Library/PrivateFrameworks/BackgroundSystemTasks.framework/Versions/A/BackgroundSystemTasks
0x00000001a58d9000 	/System/Library/PrivateFrameworks/DuetActivityScheduler.framework/Versions/A/DuetActivityScheduler
0x00000001c7413000 	/System/Library/PrivateFrameworks/NetworkServiceProxy.framework/Versions/A/NetworkServiceProxy
0x00000001a0c76000 	/usr/lib/libnetworkextension.dylib
0x00000001a32f2000 	/System/Library/PrivateFrameworks/Rapport.framework/Versions/A/Rapport
0x000000027595d000 	/System/Library/PrivateFrameworks/Symptoms.framework/Versions/A/Frameworks/SymptomAnalytics.framework/Versions/A/SymptomAnalytics
0x000000019da7f000 	/System/Library/Frameworks/NetworkExtension.framework/Versions/A/NetworkExtension
0x00000001a4099000 	/System/Library/PrivateFrameworks/CoreDuetContext.framework/Versions/A/CoreDuetContext
0x000000018ede1000 	/System/Library/PrivateFrameworks/CoreDuet.framework/Versions/A/CoreDuet
0x00000001a8dbe000 	/System/Library/PrivateFrameworks/AssistantServices.framework/Versions/A/AssistantServices
0x00000001a30ec000 	/System/Library/PrivateFrameworks/SAObjects.framework/Versions/A/SAObjects
0x00000001a89b9000 	/System/Library/PrivateFrameworks/MediaRemote.framework/Versions/A/MediaRemote
0x00000001bb06f000 	/System/Library/PrivateFrameworks/SiriInstrumentation.framework/Versions/A/SiriInstrumentation
0x000000026c8bc000 	/System/Library/PrivateFrameworks/SiriAnalytics.framework/Versions/A/SiriAnalytics
0x0000000272763000 	/System/Library/PrivateFrameworks/SiriTTSService.framework/Versions/A/SiriTTSService
0x000000026d1f8000 	/System/Library/PrivateFrameworks/SiriCrossDeviceArbitration.framework/Versions/A/SiriCrossDeviceArbitration
0x00000001b88cb000 	/System/Library/PrivateFrameworks/FeedbackLogger.framework/Versions/A/FeedbackLogger
0x0000000249ee2000 	/System/Library/PrivateFrameworks/FaceTimeNameUtility.framework/Versions/A/FaceTimeNameUtility
0x000000026d24c000 	/System/Library/PrivateFrameworks/SiriCrossDeviceArbitrationFeedback.framework/Versions/A/SiriCrossDeviceArbitrationFeedback
0x000000025393d000 	/System/Library/PrivateFrameworks/GenerativeModels.framework/Versions/A/GenerativeModels
0x000000022d619000 	/System/Library/Frameworks/AVRouting.framework/Versions/A/AVRouting
0x00000001ad853000 	/System/Library/PrivateFrameworks/MediaServices.framework/Versions/A/MediaServices
0x00000001a2f2a000 	/System/Library/Frameworks/LocalAuthentication.framework/Versions/A/LocalAuthentication
0x000000025bb93000 	/System/Library/PrivateFrameworks/LocalAuthenticationCore.framework/Versions/A/LocalAuthenticationCore
0x000000025bd18000 	/System/Library/PrivateFrameworks/LocalAuthenticationCredentialServices.framework/Versions/A/LocalAuthenticationCredentialServices
0x00000001a2f96000 	/System/Library/Frameworks/LocalAuthentication.framework/Support/SharedUtils.framework/Versions/A/SharedUtils
0x000000019a480000 	/System/Library/PrivateFrameworks/PersistentConnection.framework/Versions/A/PersistentConnection
0x0000000273f78000 	/System/Library/PrivateFrameworks/SonicFoundation.framework/Versions/A/SonicFoundation
0x0000000248740000 	/System/Library/PrivateFrameworks/Dendrite.framework/Versions/A/Dendrite
0x00000001bcf7e000 	/usr/lib/libtailspin.dylib
0x00000001d09fd000 	/System/Library/PrivateFrameworks/Osprey.framework/Versions/A/Osprey
0x0000000271dbd000 	/System/Library/PrivateFrameworks/SiriTTS.framework/Versions/A/SiriTTS
0x00000001b5339000 	/System/Library/Frameworks/NaturalLanguage.framework/Versions/A/NaturalLanguage
0x0000000270ba3000 	/System/Library/PrivateFrameworks/SiriPowerInstrumentation.framework/Versions/A/SiriPowerInstrumentation
0x00000001b61fc000 	/System/Library/PrivateFrameworks/Trial.framework/Versions/A/Trial
0x00000001b617e000 	/System/Library/PrivateFrameworks/TrialProto.framework/Versions/A/TrialProto
0x000000027ac62000 	/System/Library/PrivateFrameworks/UnifiedAssetFramework.framework/Versions/A/UnifiedAssetFramework
0x00000001d2a25000 	/usr/lib/swift/libswiftAVFoundation.dylib
0x00000001e2ec6000 	/usr/lib/swift/libswiftNaturalLanguage.dylib
0x0000000276115000 	/System/Library/PrivateFrameworks/TailspinSymbolication.framework/Versions/A/TailspinSymbolication
0x000000024837f000 	/System/Library/PrivateFrameworks/Darwinup.framework/Versions/A/Darwinup
0x00000001c93eb000 	/System/Library/PrivateFrameworks/SignpostSupport.framework/Versions/A/SignpostSupport
0x00000001b5200000 	/System/Library/PrivateFrameworks/FeatureFlagsSupport.framework/Versions/A/FeatureFlagsSupport
0x00000001c8b1e000 	/System/Library/PrivateFrameworks/ktrace.framework/Versions/A/ktrace
0x00000001c961a000 	/System/Library/PrivateFrameworks/SampleAnalysis.framework/Versions/A/SampleAnalysis
0x00000001d22bf000 	/System/Library/PrivateFrameworks/kperfdata.framework/Versions/A/kperfdata
0x000000019ea40000 	/usr/lib/libdscsym.dylib
0x00000001d277b000 	/System/Library/PrivateFrameworks/BulkSymbolication.framework/Versions/A/BulkSymbolication
0x00000001a5a0f000 	/System/Library/PrivateFrameworks/Espresso.framework/Versions/A/Espresso
0x0000000193a29000 	/System/Library/Frameworks/CoreML.framework/Versions/A/CoreML
0x00000001ec619000 	/System/Library/PrivateFrameworks/ANECompiler.framework/Versions/A/ANECompiler
0x00000001a7b08000 	/System/Library/PrivateFrameworks/AppleNeuralEngine.framework/Versions/A/AppleNeuralEngine
0x0000000231113000 	/System/Library/Frameworks/MetalPerformanceShadersGraph.framework/Versions/A/MetalPerformanceShadersGraph
0x000000025c61f000 	/System/Library/PrivateFrameworks/MLCompilerServices.framework/Versions/A/MLCompilerServices
0x00000001a68b3000 	/System/Library/PrivateFrameworks/ANEServices.framework/Versions/A/ANEServices
0x00000002639cc000 	/System/Library/PrivateFrameworks/ODIE.framework/Versions/A/ODIE
0x000000025c5c3000 	/System/Library/PrivateFrameworks/MLCompilerRuntime.framework/Versions/A/MLCompilerRuntime
0x0000000197e33000 	/System/Library/Frameworks/MLCompute.framework/Versions/A/MLCompute
0x000000025c545000 	/System/Library/PrivateFrameworks/MLAssetIO.framework/Versions/A/MLAssetIO
0x000000028801b000 	/usr/lib/swift/libswiftMLCompute.dylib
0x00000001a2a7d000 	/System/Library/PrivateFrameworks/AVFCore.framework/Versions/A/AVFCore
0x00000001abfdd000 	/System/Library/PrivateFrameworks/AVFCapture.framework/Versions/A/AVFCapture
0x00000002407e6000 	/System/Library/PrivateFrameworks/CMImaging.framework/Versions/A/CMImaging
0x00000001ac227000 	/System/Library/PrivateFrameworks/Quagga.framework/Versions/A/Quagga
0x00000001ac35b000 	/System/Library/PrivateFrameworks/CMCapture.framework/Versions/A/CMCapture
0x000000019cc6f000 	/System/Library/Frameworks/CoreMediaIO.framework/Versions/A/CoreMediaIO
0x0000000240722000 	/System/Library/PrivateFrameworks/CMCaptureDevice.framework/Versions/A/CMCaptureDevice
0x000000019a5f6000 	/System/Library/PrivateFrameworks/CoreBrightness.framework/Versions/A/CoreBrightness
0x0000000241838000 	/System/Library/PrivateFrameworks/CinematicFraming.framework/Versions/A/CinematicFraming
0x0000000260682000 	/System/Library/PrivateFrameworks/ModelManagerServices.framework/Versions/A/ModelManagerServices
0x00000001cfabb000 	/System/Library/PrivateFrameworks/CPMS.framework/Versions/A/CPMS
0x0000000275e0b000 	/System/Library/PrivateFrameworks/SystemStatus.framework/Versions/A/SystemStatus
0x00000001b4173000 	/System/Library/Frameworks/CoreMotion.framework/Versions/A/CoreMotion
0x00000001c43a2000 	/System/Library/PrivateFrameworks/TimeSync.framework/Versions/A/TimeSync
0x0000000249062000 	/System/Library/PrivateFrameworks/DistributedSensing.framework/Versions/A/DistributedSensing
0x00000001bf916000 	/System/Library/PrivateFrameworks/MobileBluetooth.framework/Versions/A/MobileBluetooth
0x00000001c60a2000 	/System/Library/PrivateFrameworks/IOKitten.framework/Versions/A/IOKitten
0x000000023dc31000 	/System/Library/PrivateFrameworks/AppleIntelligenceReporting.framework/Versions/A/AppleIntelligenceReporting
0x000000018b5d6000 	/System/Library/PrivateFrameworks/LanguageModeling.framework/Versions/A/LanguageModeling
0x00000001905bb000 	/System/Library/PrivateFrameworks/Montreal.framework/Versions/A/Montreal
0x00000001988b2000 	/usr/lib/libcmph.dylib
0x0000000253a1a000 	/System/Library/PrivateFrameworks/GenerativeModelsFoundation.framework/Versions/A/GenerativeModelsFoundation
0x0000000278c05000 	/System/Library/PrivateFrameworks/TokenGeneration.framework/Versions/A/TokenGeneration
0x00000002537f9000 	/System/Library/PrivateFrameworks/GenerativeFunctions.framework/Versions/A/GenerativeFunctions
0x0000000253845000 	/System/Library/PrivateFrameworks/GenerativeFunctionsFoundation.framework/Versions/A/GenerativeFunctionsFoundation
0x000000026029f000 	/System/Library/PrivateFrameworks/ModelCatalog.framework/Versions/A/ModelCatalog
0x000000026bd68000 	/System/Library/PrivateFrameworks/SensitiveContentAnalysisML.framework/Versions/A/SensitiveContentAnalysisML
0x00000002538da000 	/System/Library/PrivateFrameworks/GenerativeFunctionsInstrumentation.framework/Versions/A/GenerativeFunctionsInstrumentation
0x0000000268f64000 	/System/Library/PrivateFrameworks/PromptKit.framework/Versions/A/PromptKit
0x0000000268a35000 	/System/Library/PrivateFrameworks/ProactiveDaemonSupport.framework/Versions/A/ProactiveDaemonSupport
0x0000000278e53000 	/System/Library/PrivateFrameworks/TokenGenerationCore.framework/Versions/A/TokenGenerationCore
0x000000023d892000 	/System/Library/PrivateFrameworks/AppleFlatBuffers.framework/Versions/A/AppleFlatBuffers
0x000000026bfa1000 	/System/Library/PrivateFrameworks/SentencePieceInternal.framework/Versions/A/SentencePieceInternal
0x00000001a105a000 	/System/Library/Frameworks/Vision.framework/Versions/A/Vision
0x0000000247d56000 	/System/Library/PrivateFrameworks/CoreSceneUnderstanding.framework/Versions/A/CoreSceneUnderstanding
0x000000027d66a000 	/System/Library/PrivateFrameworks/VisionCore.framework/Versions/A/VisionCore
0x00000001be8af000 	/System/Library/Frameworks/Vision.framework/libfaceCore.dylib
0x00000001bf3d2000 	/System/Library/PrivateFrameworks/Futhark.framework/Versions/A/Futhark
0x00000001c31d2000 	/System/Library/PrivateFrameworks/InertiaCam.framework/Versions/A/InertiaCam
0x00000001bf15a000 	/System/Library/PrivateFrameworks/TextRecognition.framework/Versions/A/TextRecognition
0x000000019a057000 	/System/Library/PrivateFrameworks/CVNLP.framework/Versions/A/CVNLP
0x00000001934c7000 	/System/Library/PrivateFrameworks/ApplePushService.framework/Versions/A/ApplePushService
0x0000000193532000 	/System/Library/Frameworks/CloudKit.framework/Versions/A/CloudKit
0x00000001a6a71000 	/System/Library/PrivateFrameworks/CoreDuetDaemonProtocol.framework/Versions/A/CoreDuetDaemonProtocol
0x00000001cbc02000 	/System/Library/PrivateFrameworks/DeviceIdentity.framework/Versions/A/DeviceIdentity
0x00000002370f7000 	/System/Library/Frameworks/SharedWithYouCore.framework/Versions/A/SharedWithYouCore
0x00000002420e0000 	/System/Library/PrivateFrameworks/CloudTelemetry.framework/Versions/A/CloudTelemetry
0x00000001a53a6000 	/System/Library/PrivateFrameworks/AppleAccount.framework/Versions/A/AppleAccount
0x00000001a5968000 	/System/Library/PrivateFrameworks/C2.framework/Versions/A/C2
0x0000000241d52000 	/System/Library/PrivateFrameworks/CloudCoreInternal.framework/Versions/A/CloudCoreInternal
0x0000000241af7000 	/System/Library/PrivateFrameworks/CloudAsset.framework/Versions/A/CloudAsset
0x00000001a595f000 	/System/Library/Frameworks/PushKit.framework/Versions/A/PushKit
0x0000000242100000 	/System/Library/PrivateFrameworks/CloudTelemetryTools.framework/Versions/A/CloudTelemetryTools
0x00000001a7863000 	/System/Library/PrivateFrameworks/RTCReporting.framework/Versions/A/RTCReporting
0x0000000239d53000 	/System/Library/PrivateFrameworks/AAAFoundationSwift.framework/Versions/A/AAAFoundationSwift
0x00000001a5631000 	/System/Library/PrivateFrameworks/AppleIDSSOAuthentication.framework/Versions/A/AppleIDSSOAuthentication
0x00000001ba44f000 	/System/Library/PrivateFrameworks/CaptiveNetwork.framework/Versions/A/CaptiveNetwork
0x00000001a4e37000 	/System/Library/PrivateFrameworks/EAP8021X.framework/Versions/A/EAP8021X
0x0000000248165000 	/System/Library/PrivateFrameworks/CryptoKitPrivate.framework/Versions/A/CryptoKitPrivate
0x00000001b47ca000 	/System/Library/PrivateFrameworks/FindMyDevice.framework/Versions/A/FindMyDevice
0x00000001a9572000 	/System/Library/PrivateFrameworks/FMCoreLite.framework/Versions/A/FMCoreLite
0x0000000197ad3000 	/System/Library/Frameworks/ServiceManagement.framework/Versions/A/ServiceManagement
0x000000011afe4000 	/Users/blueonion/.openjfx/cache/23.0.1+4/aarch64/libjavafx_font.dylib
0x00000001c95e3000 	/System/Library/PrivateFrameworks/UIKitServices.framework/Versions/A/UIKitServices
0x0000000276926000 	/System/Library/PrivateFrameworks/TextInputUI.framework/Versions/A/TextInputUI
0x000000027695b000 	/System/Library/PrivateFrameworks/TextInputUIMacHelper.framework/Versions/A/TextInputUIMacHelper
0x00000001bf4c2000 	/System/Library/PrivateFrameworks/SafariPlatformSupport.framework/Versions/A/SafariPlatformSupport
0x0000000274599000 	/System/Library/PrivateFrameworks/SpotlightKnowledge.framework/Versions/A/SpotlightKnowledge
0x0000000274580000 	/System/Library/PrivateFrameworks/SpotlightEmbedding.framework/Versions/A/SpotlightEmbedding
0x000000018ed84000 	/System/Library/PrivateFrameworks/SpotlightLinguistics.framework/Versions/A/SpotlightLinguistics
0x000000027474d000 	/System/Library/PrivateFrameworks/SpotlightResources.framework/Versions/A/SpotlightResources
0x00000001ba413000 	/System/Library/PrivateFrameworks/DataDeliveryServices.framework/Versions/A/DataDeliveryServices
0x0000000151b3c000 	/Users/blueonion/.javacpp/cache/openblas-0.3.26-1.5.10-macosx-arm64.jar/org/bytedeco/openblas/macosx-arm64/libopenblas_nolapack.0.dylib
0x00000001224f0000 	/Users/blueonion/.javacpp/cache/openblas-0.3.26-1.5.10-macosx-arm64.jar/org/bytedeco/openblas/macosx-arm64/libjniopenblas_nolapack.dylib
0x00000001224a4000 	/Users/blueonion/.javacpp/cache/javacpp-1.5.10-macosx-arm64.jar/org/bytedeco/javacpp/macosx-arm64/libjnijavacpp.dylib
0x000000016047c000 	/Users/blueonion/.javacpp/cache/openblas-0.3.26-1.5.10-macosx-arm64.jar/org/bytedeco/openblas/macosx-arm64/libopenblas.0.dylib
0x0000000173ecc000 	/Users/blueonion/.javacpp/cache/openblas-0.3.26-1.5.10-macosx-arm64.jar/org/bytedeco/openblas/macosx-arm64/libjniopenblas.dylib
0x000000013c6f4000 	/Users/blueonion/.javacpp/cache/opencv-4.9.0-1.5.10-macosx-arm64.jar/org/bytedeco/opencv/macosx-arm64/libopencv_core.409.dylib
0x000000013cad8000 	/Users/blueonion/.javacpp/cache/opencv-4.9.0-1.5.10-macosx-arm64.jar/org/bytedeco/opencv/macosx-arm64/libopencv_imgproc.409.dylib
0x0000000151208000 	/Users/blueonion/.javacpp/cache/opencv-4.9.0-1.5.10-macosx-arm64.jar/org/bytedeco/opencv/macosx-arm64/libjniopencv_core.dylib
0x000000013b8bc000 	/Users/blueonion/.javacpp/cache/opencv-4.9.0-1.5.10-macosx-arm64.jar/org/bytedeco/opencv/macosx-arm64/libjniopencv_imgproc.dylib
0x00000001515b0000 	/Users/blueonion/.javacpp/cache/opencv-4.9.0-1.5.10-macosx-arm64.jar/org/bytedeco/opencv/macosx-arm64/libopencv_imgcodecs.409.dylib
0x0000000122580000 	/Users/blueonion/.javacpp/cache/opencv-4.9.0-1.5.10-macosx-arm64.jar/org/bytedeco/opencv/macosx-arm64/libjniopencv_imgcodecs.dylib
0x000000013b78c000 	/Users/blueonion/.javacpp/cache/opencv-4.9.0-1.5.10-macosx-arm64.jar/org/bytedeco/opencv/macosx-arm64/libopencv_videoio.409.dylib
0x000000012253c000 	/Users/blueonion/.javacpp/cache/opencv-4.9.0-1.5.10-macosx-arm64.jar/org/bytedeco/opencv/macosx-arm64/libjniopencv_videoio.dylib
0x000000013d5d0000 	/System/Library/Frameworks/CoreMediaIO.framework/Versions/A/Resources/BaseUnits/CMIOBaseUnits.bundle/Contents/MacOS/CMIOBaseUnits
0x000000013b7dc000 	/System/Library/Frameworks/CoreMediaIO.framework/Versions/A/Resources/CMIOUnits.bundle/Contents/MacOS/CMIOUnits
0x00000001c871c000 	/System/Library/PrivateFrameworks/FWAVC.framework/Versions/A/FWAVC
0x0000000172970000 	/System/Library/Components/AudioCodecs.component/Contents/MacOS/AudioCodecs
0x000000024219e000 	/System/Library/PrivateFrameworks/Coherence.framework/Versions/A/Coherence
0x000000025e9a3000 	/System/Library/PrivateFrameworks/MediaAnalysis.framework/Versions/A/MediaAnalysis
0x000000023a92d000 	/System/Library/PrivateFrameworks/ANSTKit.framework/Versions/A/ANSTKit
0x00000001ec09b000 	/System/Library/PrivateFrameworks/AXMediaUtilities.framework/Versions/A/AXMediaUtilities
0x000000025eed7000 	/System/Library/PrivateFrameworks/MediaAnalysisPhotosServices.framework/Versions/A/MediaAnalysisPhotosServices
0x0000000266932000 	/System/Library/PrivateFrameworks/PhotosIntelligence.framework/Versions/A/PhotosIntelligence
0x00000001c3432000 	/System/Library/Frameworks/SoundAnalysis.framework/Versions/A/SoundAnalysis
0x0000000274ad3000 	/System/Library/PrivateFrameworks/Stickers.framework/Versions/A/Stickers
0x000000027c6fe000 	/System/Library/PrivateFrameworks/VectorSearch.framework/Versions/A/VectorSearch
0x000000027dcb0000 	/System/Library/PrivateFrameworks/VisualLookUp.framework/Versions/A/VisualLookUp
0x000000027e0ae000 	/System/Library/PrivateFrameworks/VisualUnderstanding.framework/Versions/A/VisualUnderstanding
0x00000001c9b5f000 	/System/Library/PrivateFrameworks/AXAssetLoader.framework/Versions/A/AXAssetLoader
0x0000000267108000 	/System/Library/PrivateFrameworks/PhotosSpatialMediaCore.framework/Versions/A/PhotosSpatialMediaCore
0x00000002355d0000 	/System/Library/Frameworks/MusicKit.framework/Versions/A/MusicKit
0x000000024ab16000 	/System/Library/PrivateFrameworks/FlexMusicKit.framework/Versions/A/FlexMusicKit
0x00000002613bb000 	/System/Library/PrivateFrameworks/MusicKitInternal.framework/Versions/A/MusicKitInternal
0x000000025e1a0000 	/System/Library/PrivateFrameworks/MXI.framework/Versions/A/MXI
0x000000027a8de000 	/System/Library/PrivateFrameworks/USDKit.framework/Versions/A/USDKit
0x00000001b85c0000 	/System/Library/PrivateFrameworks/MusicLibrary.framework/Versions/A/MusicLibrary
0x0000000237115000 	/System/Library/Frameworks/ShazamKit.framework/Versions/A/ShazamKit
0x000000026c705000 	/System/Library/PrivateFrameworks/ShazamCore.framework/Versions/A/ShazamCore
0x0000000274aa2000 	/System/Library/PrivateFrameworks/Stickers.framework/Support/RecencyService.framework/Versions/A/RecencyService
0x0000000274ad2000 	/System/Library/PrivateFrameworks/Stickers.framework/Support/ServiceShared.framework/Versions/A/ServiceShared
0x0000000241871000 	/System/Library/PrivateFrameworks/CipherML.framework/Versions/A/CipherML
0x0000000265f08000 	/System/Library/PrivateFrameworks/PegasusKit.framework/Versions/A/PegasusKit
0x000000027554e000 	/System/Library/PrivateFrameworks/SwiftSQLite.framework/Versions/A/SwiftSQLite
0x00000003008c4000 	/Users/blueonion/Library/Java/JavaVirtualMachines/openjdk-24.0.1/Contents/Home/lib/libawt.dylib
0x000000023026f000 	/System/Library/Frameworks/JavaRuntimeSupport.framework/Versions/A/JavaRuntimeSupport
0x0000000300aa8000 	/Users/blueonion/Library/Java/JavaVirtualMachines/openjdk-24.0.1/Contents/Home/lib/libawt_lwawt.dylib
0x0000000300854000 	/Users/blueonion/Library/Java/JavaVirtualMachines/openjdk-24.0.1/Contents/Home/lib/libosxapp.dylib
0x00000001b26b4000 	/System/Library/Frameworks/ExceptionHandling.framework/Versions/A/ExceptionHandling
0x0000000300ff8000 	/Users/blueonion/Library/Java/JavaVirtualMachines/openjdk-24.0.1/Contents/Home/lib/libfontmanager.dylib
0x0000000300bd8000 	/Users/blueonion/Library/Java/JavaVirtualMachines/openjdk-24.0.1/Contents/Home/lib/libfreetype.dylib
0x0000000300884000 	/Users/blueonion/Library/Java/JavaVirtualMachines/openjdk-24.0.1/Contents/Home/lib/libjavajpeg.dylib

JVMTI agents:
/Applications/IntelliJ IDEA CE.app/Contents/lib/idea_rt.jar path:none, loaded, initialized, instrumentlib options:51165


VM Arguments:
jvm_args: -javaagent:/Applications/IntelliJ IDEA CE.app/Contents/lib/idea_rt.jar=51165 -Dfile.encoding=UTF-8 -Dsun.stdout.encoding=UTF-8 -Dsun.stderr.encoding=UTF-8 
java_command: com.chatapp.AppLauncher
java_class_path (initial): /Users/blueonion/Documents/Do_an/Do_an_co_so_4/ChatRoom/workspace/client/target/classes:/Users/blueonion/.m2/repository/org/openjfx/javafx-controls/23.0.1/javafx-controls-23.0.1.jar:/Users/blueonion/.m2/repository/org/openjfx/javafx-controls/23.0.1/javafx-controls-23.0.1-mac-aarch64.jar:/Users/blueonion/.m2/repository/org/openjfx/javafx-fxml/23.0.1/javafx-fxml-23.0.1.jar:/Users/blueonion/.m2/repository/org/openjfx/javafx-fxml/23.0.1/javafx-fxml-23.0.1-mac-aarch64.jar:/Users/blueonion/.m2/repository/org/openjfx/javafx-graphics/23.0.1/javafx-graphics-23.0.1.jar:/Users/blueonion/.m2/repository/org/openjfx/javafx-graphics/23.0.1/javafx-graphics-23.0.1-mac-aarch64.jar:/Users/blueonion/.m2/repository/org/openjfx/javafx-base/23.0.1/javafx-base-23.0.1.jar:/Users/blueonion/.m2/repository/org/openjfx/javafx-base/23.0.1/javafx-base-23.0.1-mac-aarch64.jar:/Users/blueonion/.m2/repository/org/openjfx/javafx-media/23.0.1/javafx-media-23.0.1.jar:/Users/blueonion/.m2/repository/org/openjfx/javafx-media/23.0.1/javafx-media-23.0.1-mac-aarch64.jar:/Users/blueonion/.m2/repository/com/alphacephei/vosk/0.3.38/vosk-0.3.38.jar:/Users/blueonion/.m2/repository/net/java/dev/jna/jna/5.13.0/jna-5.13.0.jar:/Users/blueonion/.m2/repository/org/bytedeco/javacv-platform/1.5.10/javacv-platform-1.5.10.jar:/Users/blueonion/.m2/repository/org/bytedeco/javacv/1.5.10/javacv-1.5.10.jar:/Users/blueonion/.m2/repository/org/bytedeco/javacpp/1.5.10/javacpp-1.5.10.jar:/Users/blueonion/.m2/repository/org/bytedeco/openblas/0.3.26-1.5.10/openblas-0.3.26-1.5.10.jar:/Users/blueonion/.m2/repository/org/bytedeco/opencv/4.9.0-1.5.10/opencv-4.9.0-1.5.10.jar:/Users/blueonion/.m2/repository/org/bytedeco/ffmpeg/6.1.1-1.5.10/ffmpeg-6.1.1-1.5.10.jar:/Users/blueonion/.m2/repository/org/bytedeco/flycapture/2.13.3.31-1.5.9/flycapture-2.13.3.31-1.5.9.jar:/Users/blueonion/.m2/repository/org/bytedeco/libdc1394/2.2.6-1.5.9/libdc1394-2.2.6-1.5.9.jar:/Users/blueonion/.m2/repository/org/bytedeco/libfreenect/0.5.7-1.5.9/libfreenect-0.5.7-1.5.9.jar:/Users/blueonion/.m2/repository/org/bytedeco/libfreenect2/0.2.0-1.5.9/libfreenect2-0.2.0-1.5.9.jar:/Users/blueonion/.m2/repository/org/bytedeco/librealsense/1.12.4-1.5.9/librealsense-1.12.4-1.5.9.jar:/Users/blueonion/.m2/repository/org/bytedeco/librealsense2/2.53.1-1.5.9/librealsense2-2.53.1-1.5.9.jar:/Users/blueonion/.m2/repository/org/bytedeco/videoinput/0.200-1.5.9/videoinput-0.200-1.5.9.jar:/Users/blueonion/.m2/repository/org/bytedeco/artoolkitplus/2.3.1-1.5.9/artoolkitplus-2.3.1-1.5.9.jar:/Users/blueonion/.m2/repository/org/bytedeco/leptonica/1.84.1-1.5.10/leptonica-1.84.1-1.5.10.jar:/Users/blueonion/.m2/repository/org/bytedeco/tesseract/5.3.4-1.5.10/tesseract-5.3.4-1.5.10.jar:/Users/blueonion/.m2/repository/org/bytedeco/javacpp-platform/1.5.10/javacpp-platform-1.5.10.jar:/Users/blueonion/.m2/repository/org/bytedeco/javacpp/1.5.10/javacpp-1.5.10-android-arm64.jar:/Users/blueonion/.m2/repository/org/bytedeco/javacpp/1.5.10/javacpp-1.5.10-android-x86_64.jar:/Users/blueonion/.m2/repository/org/bytedeco/javacpp/1.5.10/javacpp-1.5.10-ios-arm64.jar:/Users/blueonion/.m2/repository/org/bytedeco/javacpp/1.5.10/javacpp-1.5.10-ios-x86_64.jar:/Users/blueonion/.m2/repository/org/bytedeco/javacpp/1.5.10/javacpp-1.5.10-linux-arm64.jar:/Users/blueonion/.m2/repository/org/bytedeco/javacpp/1.5.10/javacpp-1.5.10-linux-ppc64le.jar:/Users/blueonion/.m2/repository/org/bytedeco/javacpp/1.5.10/javacpp-1.5.10-linux-x86_64.jar:/Users/blueonion/.m2/repository/org/bytedeco/javacpp/1.5.10/javacpp-1.5.10-macosx-arm64.jar:/Users/blueonion/.m2/repository/org/bytedeco/javacpp/1.5.10/javacpp-1.5.10-macosx-x86_64.jar:/Users/blueonion/.m2/repository/org/bytedeco/javacpp/1.5.10/javacpp-1.5.10-windows-x86_64.jar:/Users/blueonion/.m2/repository/org/bytedeco/openblas-platform/0.3.26-1.5.10/openblas-platform-0.3.26-1.5.10.jar:/Users/blueonion/.m2/repository/org/bytedeco/openblas/0.3.26-1.5.10/openblas-0.3.26-1.5.10-android-arm64.jar:/Users/blueonion/.m2/repository/org/bytedeco/openblas/0.3.26-1.5.10/openblas-0.3.26-1.5.10-android-x86_64.jar:/Users/blueonion/.m2/repository/org/bytedeco/openblas/0.3.26-1.5.10/openblas-0.3.26-1.5.10-ios-arm64.jar:/Users/blueonion/.m2/repository/org/bytedeco/openblas/0.3.26-1.5.10/openblas-0.3.26-1.5.10-ios-x86_64.jar:/Users/blueonion/.m2/repository/org/bytedeco/openblas/0.3.26-1.5.10/openblas-0.3.26-1.5.10-linux-x86_64.jar:/Users/blueonion/.m2/repository/org/bytedeco/openblas/0.3.26-1.5.10/openblas-0.3.26-1.5.10-linux-arm64.jar:/Users/blueonion/.m2/repository/org/bytedeco/openblas/0.3.26-1.5.10/openblas-0.3.26-1.5.10-linux-ppc64le.jar:/Users/blueonion/.m2/repository/org/bytedeco/openblas/0.3.26-1.5.10/openblas-0.3.26-1.5.10-macosx-arm64.jar:/Users/blueonion/.m2/repository/org/bytedeco/openblas/0.3.26-1.5.10/openblas-0.3.26-1.5.10-macosx-x86_64.jar:/Users/blueonion/.m2/repository/org/bytedeco/openblas/0.3.26-1.5.10/openblas-0.3.26-1.5.10-windows-x86_64.jar:/Users/blueonion/.m2/repository/org/bytedeco/opencv-platform/4.9.0-1.5.10/opencv-platform-4.9.0-1.5.10.jar:/Users/blueonion/.m2/repository/org/bytedeco/opencv/4.9.0-1.5.10/opencv-4.9.0-1.5.10-android-arm64.jar:/Users/blueonion/.m2/repository/org/bytedeco/opencv/4.9.0-1.5.10/opencv-4.9.0-1.5.10-android-x86_64.jar:/Users/blueonion/.m2/repository/org/bytedeco/opencv/4.9.0-1.5.10/opencv-4.9.0-1.5.10-ios-arm64.jar:/Users/blueonion/.m2/repository/org/bytedeco/opencv/4.9.0-1.5.10/opencv-4.9.0-1.5.10-ios-x86_64.jar:/Users/blueonion/.m2/repository/org/bytedeco/opencv/4.9.0-1.5.10/opencv-4.9.0-1.5.10-linux-x86_64.jar:/Users/blueonion/.m2/repository/org/bytedeco/opencv/4.9.0-1.5.10/opencv-4.9.0-1.5.10-linux-arm64.jar:/Users/blueonion/.m2/repository/org/bytedeco/opencv/4.9.0-1.5.10/opencv-4.9.0-1.5.10-linux-ppc64le.jar:/Users/blueonion/.m2/repository/org/bytedeco/opencv/4.9.0-1.5.10/opencv-4.9.0-1.5.10-macosx-arm64.jar:/Users/blueonion/.m2/repository/org/bytedeco/opencv/4.9.0-1.5.10/opencv-4.9.0-1.5.10-macosx-x86_64.jar:/Users/blueonion/.m2/repository/org/bytedeco/opencv/4.9.0-1.5.10/opencv-4.9.0-1.5.10-windows-x86_64.jar:/Users/blueonion/.m2/repository/org/bytedeco/ffmpeg-platform/6.1.1-1.5.10/ffmpeg-platform-6.1.1-1.5.10.jar:/Users/blueonion/.m2/repository/org/bytedeco/ffmpeg/6.1.1-1.5.10/ffmpeg-6.1.1-1.5.10-android-arm64.jar:/Users/blueonion/.m2/repository/org/bytedeco/ffmpeg/6.1.1-1.5.10/ffmpeg-6.1.1-1.5.10-android-x86_64.jar:/Users/blueonion/.m2/repository/org/bytedeco/ffmpeg/6.1.1-1.5.10/ffmpeg-6.1.1-1.5.10-linux-x86_64.jar:/Users/blueonion/.m2/repository/org/bytedeco/ffmpeg/6.1.1-1.5.10/ffmpeg-6.1.1-1.5.10-linux-arm64.jar:/Users/blueonion/.m2/repository/org/bytedeco/ffmpeg/6.1.1-1.5.10/ffmpeg-6.1.1-1.5.10-linux-ppc64le.jar:/Users/blueonion/.m2/repository/org/bytedeco/ffmpeg/6.1.1-1.5.10/ffmpeg-6.1.1-1.5.10-macosx-arm64.jar:/Users/blueonion/.m2/repository/org/bytedeco/ffmpeg/6.1.1-1.5.10/ffmpeg-6.1.1-1.5.10-macosx-x86_64.jar:/Users/blueonion/.m2/repository/org/bytedeco/ffmpeg/6.1.1-1.5.10/ffmpeg-6.1.1-1.5.10-windows-x86_64.jar:/Users/blueonion/.m2/repository/org/bytedeco/flycapture-platform/2.13.3.31-1.5.9/flycapture-platform-2.13.3.31-1.5.9.jar:/Users/blueonion/.m2/repository/org/bytedeco/flycapture/2.13.3.31-1.5.9/flycapture-2.13.3.31-1.5.9-linux-x86.jar:/Users/blueonion/.m2/repository/org/bytedeco/flycapture/2.13.3.31-1.5.9/flycapture-2.13.3.31-1.5.9-linux-x86_64.jar:/Users/blueonion/.m2/repository/org/bytedeco/flycapture/2.13.3.31-1.5.9/flycapture-2.13.3.31-1.5.9-linux-armhf.jar:/Users/blueonion/.m2/repository/org/bytedeco/flycapture/2.13.3.31-1.5.9/flycapture-2.13.3.31-1.5.9-linux-arm64.jar:/Users/blueonion/.m2/repository/org/bytedeco/flycapture/2.13.3.31-1.5.9/flycapture-2.13.3.31-1.5.9-windows-x86.jar:/Users/blueonion/.m2/repository/org/bytedeco/flycapture/2.13.3.31-1.5.9/flycapture-2.13.3.31-1.5.9-windows-x86_64.jar:/Users/blueonion/.m2/repository/org/bytedeco/libdc1394-platform/2.2.6-1.5.9/libdc1394-platform-2.2.6-1.5.9.jar:/Users/blueonion/.m2/repository/org/bytedeco/libdc1394/2.2.6-1.5.9/libdc1394-2.2.6-1.5.9-linux-x86.jar:/Users/blueonion/.m2/repository/org/bytedeco/libdc1394/2.2.6-1.5.9/libdc1394-2.2.6-1.5.9-linux-x86_64.jar:/Users/blueonion/.m2/repository/org/bytedeco/libdc1394/2.2.6-1.5.9/libdc1394-2.2.6-1.5.9-linux-armhf.jar:/Users/blueonion/.m2/repository/org/bytedeco/libdc1394/2.2.6-1.5.9/libdc1394-2.2.6-1.5.9-linux-arm64.jar:/Users/blueonion/.m2/repository/org/bytedeco/libdc1394/2.2.6-1.5.9/libdc1394-2.2.6-1.5.9-linux-ppc64le.jar:/Users/blueonion/.m2/repository/org/bytedeco/libdc1394/2.2.6-1.5.9/libdc1394-2.2.6-1.5.9-macosx-x86_64.jar:/Users/blueonion/.m2/repository/org/bytedeco/libdc1394/2.2.6-1.5.9/libdc1394-2.2.6-1.5.9-windows-x86.jar:/Users/blueonion/.m2/repository/org/bytedeco/libdc1394/2.2.6-1.5.9/libdc1394-2.2.6-1.5.9-windows-x86_64.jar:/Users/blueonion/.m2/repository/org/bytedeco/libfreenect-platform/0.5.7-1.5.9/libfreenect-platform-0.5.7-1.5.9.jar:/Users/blueonion/.m2/repository/org/bytedeco/libfreenect/0.5.7-1.5.9/libfreenect-0.5.7-1.5.9-linux-x86.jar:/Users/blueonion/.m2/repository/org/bytedeco/libfreenect/0.5.7-1.5.9/libfreenect-0.5.7-1.5.9-linux-x86_64.jar:/Users/blueonion/.m2/repository/org/bytedeco/libfreenect/0.5.7-1.5.9/libfreenect-0.5.7-1.5.9-linux-armhf.jar:/Users/blueonion/.m2/repository/org/bytedeco/libfreenect/0.5.7-1.5.9/libfreenect-0.5.7-1.5.9-linux-arm64.jar:/Users/blueonion/.m2/repository/org/bytedeco/libfreenect/0.5.7-1.5.9/libfreenect-0.5.7-1.5.9-linux-ppc64le.jar:/Users/blueonion/.m2/repository/org/bytedeco/libfreenect/0.5.7-1.5.9/libfreenect-0.5.7-1.5.9-macosx-x86_64.jar:/Users/blueonion/.m2/repository/org/bytedeco/libfreenect/0.5.7-1.5.9/libfreenect-0.5.7-1.5.9-windows-x86.jar:/Users/blueonion/.m2/repository/org/bytedeco/libfreenect/0.5.7-1.5.9/libfreenect-0.5.7-1.5.9-windows-x86_64.jar:/Users/blueonion/.m2/repository/org/bytedeco/libfreenect2-platform/0.2.0-1.5.9/libfreenect2-platform-0.2.0-1.5.9.jar:/Users/blueonion/.m2/repository/org/bytedeco/libfreenect2/0.2.0-1.5.9/libfreenect2-0.2.0-1.5.9-linux-x86.jar:/Users/blueonion/.m2/repository/org/bytedeco/libfreenect2/0.2.0-1.5.9/libfreenect2-0.2.0-1.5.9-linux-x86_64.jar:/Users/blueonion/.m2/repository/org/bytedeco/libfreenect2/0.2.0-1.5.9/libfreenect2-0.2.0-1.5.9-macosx-x86_64.jar:/Users/blueonion/.m2/repository/org/bytedeco/libfreenect2/0.2.0-1.5.9/libfreenect2-0.2.0-1.5.9-windows-x86_64.jar:/Users/blueonion/.m2/repository/org/bytedeco/librealsense-platform/1.12.4-1.5.9/librealsense-platform-1.12.4-1.5.9.jar:/Users/blueonion/.m2/repository/org/bytedeco/librealsense/1.12.4-1.5.9/librealsense-1.12.4-1.5.9-linux-armhf.jar:/Users/blueonion/.m2/repository/org/bytedeco/librealsense/1.12.4-1.5.9/librealsense-1.12.4-1.5.9-linux-arm64.jar:/Users/blueonion/.m2/repository/org/bytedeco/librealsense/1.12.4-1.5.9/librealsense-1.12.4-1.5.9-linux-x86.jar:/Users/blueonion/.m2/repository/org/bytedeco/librealsense/1.12.4-1.5.9/librealsense-1.12.4-1.5.9-linux-x86_64.jar:/Users/blueonion/.m2/repository/org/bytedeco/librealsense/1.12.4-1.5.9/librealsense-1.12.4-1.5.9-macosx-x86_64.jar:/Users/blueonion/.m2/repository/org/bytedeco/librealsense/1.12.4-1.5.9/librealsense-1.12.4-1.5.9-windows-x86.jar:/Users/blueonion/.m2/repository/org/bytedeco/librealsense/1.12.4-1.5.9/librealsense-1.12.4-1.5.9-windows-x86_64.jar:/Users/blueonion/.m2/repository/org/bytedeco/librealsense2-platform/2.53.1-1.5.9/librealsense2-platform-2.53.1-1.5.9.jar:/Users/blueonion/.m2/repository/org/bytedeco/librealsense2/2.53.1-1.5.9/librealsense2-2.53.1-1.5.9-linux-armhf.jar:/Users/blueonion/.m2/repository/org/bytedeco/librealsense2/2.53.1-1.5.9/librealsense2-2.53.1-1.5.9-linux-arm64.jar:/Users/blueonion/.m2/repository/org/bytedeco/librealsense2/2.53.1-1.5.9/librealsense2-2.53.1-1.5.9-linux-x86.jar:/Users/blueonion/.m2/repository/org/bytedeco/librealsense2/2.53.1-1.5.9/librealsense2-2.53.1-1.5.9-linux-x86_64.jar:/Users/blueonion/.m2/repository/org/bytedeco/librealsense2/2.53.1-1.5.9/librealsense2-2.53.1-1.5.9-macosx-x86_64.jar:/Users/blueonion/.m2/repository/org/bytedeco/librealsense2/2.53.1-1.5.9/librealsense2-2.53.1-1.5.9-windows-x86.jar:/Users/blueonion/.m2/repository/org/bytedeco/librealsense2/2.53.1-1.5.9/librealsense2-2.53.1-1.5.9-windows-x86_64.jar:/Users/blueonion/.m2/repository/org/bytedeco/videoinput-platform/0.200-1.5.9/videoinput-platform-0.200-1.5.9.jar:/Users/blueonion/.m2/repository/org/bytedeco/videoinput/0.200-1.5.9/videoinput-0.200-1.5.9-windows-x86.jar:/Users/blueonion/.m2/repository/org/bytedeco/videoinput/0.200-1.5.9/videoinput-0.200-1.5.9-windows-x86_64.jar:/Users/blueonion/.m2/repository/org/bytedeco/artoolkitplus-platform/2.3.1-1.5.9/artoolkitplus-platform-2.3.1-1.5.9.jar:/Users/blueonion/.m2/repository/org/bytedeco/artoolkitplus/2.3.1-1.5.9/artoolkitplus-2.3.1-1.5.9-android-arm.jar:/Users/blueonion/.m2/repository/org/bytedeco/artoolkitplus/2.3.1-1.5.9/artoolkitplus-2.3.1-1.5.9-android-arm64.jar:/Users/blueonion/.m2/repository/org/bytedeco/artoolkitplus/2.3.1-1.5.9/artoolkitplus-2.3.1-1.5.9-android-x86.jar:/Users/blueonion/.m2/repository/org/bytedeco/artoolkitplus/2.3.1-1.5.9/artoolkitplus-2.3.1-1.5.9-android-x86_64.jar:/Users/blueonion/.m2/repository/org/bytedeco/artoolkitplus/2.3.1-1.5.9/artoolkitplus-2.3.1-1.5.9-linux-x86.jar:/Users/blueonion/.m2/repository/org/bytedeco/artoolkitplus/2.3.1-1.5.9/artoolkitplus-2.3.1-1.5.9-linux-x86_64.jar:/Users/blueonion/.m2/repository/org/bytedeco/artoolkitplus/2.3.1-1.5.9/artoolkitplus-2.3.1-1.5.9-linux-armhf.jar:/Users/blueonion/.m2/repository/org/bytedeco/artoolkitplus/2.3.1-1.5.9/artoolkitplus-2.3.1-1.5.9-linux-arm64.jar:/Users/blueonion/.m2/repository/org/bytedeco/artoolkitplus/2.3.1-1.5.9/artoolkitplus-2.3.1-1.5.9-linux-ppc64le.jar:/Users/blueonion/.m2/repository/org/bytedeco/artoolkitplus/2.3.1-1.5.9/artoolkitplus-2.3.1-1.5.9-macosx-x86_64.jar:/Users/blueonion/.m2/repository/org/bytedeco/artoolkitplus/2.3.1-1.5.9/artoolkitplus-2.3.1-1.5.9-windows-x86.jar:/Users/blueonion/.m2/repository/org/bytedeco/artoolkitplus/2.3.1-1.5.9/artoolkitplus-2.3.1-1.5.9-windows-x86_64.jar:/Users/blueonion/.m2/repository/org/bytedeco/leptonica-platform/1.84.1-1.5.10/leptonica-platform-1.84.1-1.5.10.jar:/Users/blueonion/.m2/repository/org/bytedeco/leptonica/1.84.1-1.5.10/leptonica-1.84.1-1.5.10-android-arm64.jar:/Users/blueonion/.m2/repository/org/bytedeco/leptonica/1.84.1-1.5.10/leptonica-1.84.1-1.5.10-android-x86_64.jar:/Users/blueonion/.m2/repository/org/bytedeco/leptonica/1.84.1-1.5.10/leptonica-1.84.1-1.5.10-linux-x86_64.jar:/Users/blueonion/.m2/repository/org/bytedeco/leptonica/1.84.1-1.5.10/leptonica-1.84.1-1.5.10-linux-arm64.jar:/Users/blueonion/.m2/repository/org/bytedeco/leptonica/1.84.1-1.5.10/leptonica-1.84.1-1.5.10-linux-ppc64le.jar:/Users/blueonion/.m2/repository/org/bytedeco/leptonica/1.84.1-1.5.10/leptonica-1.84.1-1.5.10-macosx-arm64.jar:/Users/blueonion/.m2/repository/org/bytedeco/leptonica/1.84.1-1.5.10/leptonica-1.84.1-1.5.10-macosx-x86_64.jar:/Users/blueonion/.m2/repository/org/bytedeco/leptonica/1.84.1-1.5.10/leptonica-1.84.1-1.5.10-windows-x86_64.jar:/Users/blueonion/.m2/repository/org/bytedeco/tesseract-platform/5.3.4-1.5.10/tesseract-platform-5.3.4-1.5.10.jar:/Users/blueonion/.m2/repository/org/bytedeco/tesseract/5.3.4-1.5.10/tesseract-5.3.4-1.5.10-android-arm64.jar:/Users/blueonion/.m2/repository/org/bytedeco/tesseract/5.3.4-1.5.10/tesseract-5.3.4-1.5.10-android-x86_64.jar:/Users/blueonion/.m2/repository/org/bytedeco/tesseract/5.3.4-1.5.10/tesseract-5.3.4-1.5.10-linux-x86_64.jar:/Users/blueonion/.m2/repository/org/bytedeco/tesseract/5.3.4-1.5.10/tesseract-5.3.4-1.5.10-linux-arm64.jar:/Users/blueonion/.m2/repository/org/bytedeco/tesseract/5.3.4-1.5.10/tesseract-5.3.4-1.5.10-linux-ppc64le.jar:/Users/blueonion/.m2/repository/org/bytedeco/tesseract/5.3.4-1.5.10/tesseract-5.3.4-1.5.10-macosx-arm64.jar:/Users/blueonion/.m2/repository/org/bytedeco/tesseract/5.3.4-1.5.10/tesseract-5.3.4-1.5.10-macosx-x86_64.jar:/Users/blueonion/.m2/repository/org/bytedeco/tesseract/5.3.4-1.5.10/tesseract-5.3.4-1.5.10-windows-x86_64.jar:/Users/blueonion/.m2/repository/org/slf4j/slf4j-simple/1.7.30/slf4j-simple-1.7.30.jar:/Users/blueonion/.m2/repository/org/slf4j/slf4j-api/1.7.30/slf4j-api-1.7.30.jar:/Users/blueonion/.m2/repository/org/openjfx/javafx-swing/17.0.6/javafx-swing-17.0.6.jar:/Users/blueonion/.m2/repository/org/openjfx/javafx-swing/17.0.6/javafx-swing-17.0.6-mac-aarch64.jar
Launcher Type: SUN_STANDARD

[Global flags]
     intx CICompilerCount                          = 4                                         {product} {ergonomic}
     uint ConcGCThreads                            = 2                                         {product} {ergonomic}
     uint G1ConcRefinementThreads                  = 8                                         {product} {ergonomic}
   size_t G1HeapRegionSize                         = 2097152                                   {product} {ergonomic}
   size_t InitialHeapSize                          = 268435456                                 {product} {ergonomic}
   size_t MarkStackSize                            = 4194304                                   {product} {ergonomic}
   size_t MarkStackSizeMax                         = 536870912                                 {product} {ergonomic}
   size_t MaxHeapSize                              = 4294967296                                {product} {ergonomic}
   size_t MaxNewSize                               = 2575302656                                {product} {ergonomic}
   size_t MinHeapDeltaBytes                        = 2097152                                   {product} {ergonomic}
   size_t MinHeapSize                              = 8388608                                   {product} {ergonomic}
    uintx NonNMethodCodeHeapSize                   = 5832704                                {pd product} {ergonomic}
    uintx NonProfiledCodeHeapSize                  = 122929152                              {pd product} {ergonomic}
    uintx ProfiledCodeHeapSize                     = 122896384                              {pd product} {ergonomic}
    uintx ReservedCodeCacheSize                    = 251658240                              {pd product} {ergonomic}
     bool SegmentedCodeCache                       = true                                      {product} {ergonomic}
   size_t SoftMaxHeapSize                          = 4294967296                             {manageable} {ergonomic}
     bool UseCompressedOops                        = true                           {product lp64_product} {ergonomic}
     bool UseG1GC                                  = true                                      {product} {ergonomic}
     bool UseNUMA                                  = false                                     {product} {ergonomic}
     bool UseNUMAInterleaving                      = false                                     {product} {ergonomic}

Logging:
Log output configuration:
 #0: stdout all=warning uptime,level,tags foldmultilines=false
 #1: stderr all=off uptime,level,tags foldmultilines=false

Environment Variables:
JAVA_HOME=/Applications/Android Studio.app/Contents/jbr/Contents/Home
PATH=/usr/local/Caskroom/miniconda/base/bin:/usr/local/Caskroom/miniconda/base/condabin:/Users/blueonion/maven/bin:/Users/blueonion/Library/Java/JavaVirtualMachines/corretto-17.0.17/Contents/Home/bin:/Users/blueonion/Library/Android/sdk/cmdline-tools/latest/bin:/Users/blueonion/Library/Android/sdk/platform-tools:/usr/local/opt/llvm/bin:/usr/local/opt/llvm/bin:/usr/local/bin:/usr/local/sbin:/usr/local/opt/openjdk/bin:/usr/local/opt/openjdk@23/bin:/System/Cryptexes/App/usr/bin:/usr/bin:/bin:/usr/sbin:/sbin:/var/run/com.apple.security.cryptexd/codex.system/bootstrap/usr/local/bin:/var/run/com.apple.security.cryptexd/codex.system/bootstrap/usr/bin:/var/run/com.apple.security.cryptexd/codex.system/bootstrap/usr/appleinternal/bin:/opt/pmk/env/global/bin:/Applications/VMware Fusion 03.04.41.app/Contents/Public
SHELL=/bin/zsh
LANG=C.UTF-8
TMPDIR=/var/folders/qd/n6yhqsp11lz7sh_w48mywvwr0000gn/T/

Active Locale:
LC_ALL=C.UTF-8
LC_COLLATE=C.UTF-8
LC_CTYPE=C.UTF-8
LC_MESSAGES=C.UTF-8
LC_MONETARY=C.UTF-8
LC_NUMERIC=C.UTF-8
LC_TIME=C.UTF-8

Signal Handlers:
   SIGSEGV: crash_handler in libjvm.dylib, mask=11100110000111110111111111111111, flags=SA_ONSTACK|SA_RESTART|SA_SIGINFO, unblocked
    SIGBUS: crash_handler in libjvm.dylib, mask=11100110000111110111111111111111, flags=SA_RESTART|SA_SIGINFO, unblocked
    SIGFPE: crash_handler in libjvm.dylib, mask=11100110000111110111111111111111, flags=SA_RESTART|SA_SIGINFO, unblocked
   SIGPIPE: javaSignalHandler in libjvm.dylib, mask=11100110000111110111111111111111, flags=SA_RESTART|SA_SIGINFO, blocked
   SIGXFSZ: javaSignalHandler in libjvm.dylib, mask=11100110000111110111111111111111, flags=SA_RESTART|SA_SIGINFO, blocked
    SIGILL: crash_handler in libjvm.dylib, mask=11100110000111110111111111111111, flags=SA_RESTART|SA_SIGINFO, unblocked
   SIGUSR2: SIG_IGN, mask=00000000000000000000000000000000, flags=none, blocked
  *** Handler was modified!
  *** Expected: SR_handler in libjvm.dylib, mask=00000000000000000000000000000000, flags=SA_RESTART|SA_SIGINFO
    SIGHUP: UserHandler in libjvm.dylib, mask=11100110000111110111111111111111, flags=SA_RESTART|SA_SIGINFO, blocked
    SIGINT: UserHandler in libjvm.dylib, mask=11100110000111110111111111111111, flags=SA_RESTART|SA_SIGINFO, blocked
   SIGTERM: UserHandler in libjvm.dylib, mask=11100110000111110111111111111111, flags=SA_RESTART|SA_SIGINFO, blocked
   SIGQUIT: UserHandler in libjvm.dylib, mask=11100110000111110111111111111111, flags=SA_RESTART|SA_SIGINFO, blocked
   SIGTRAP: crash_handler in libjvm.dylib, mask=11100110000111110111111111111111, flags=SA_RESTART|SA_SIGINFO, unblocked


Periodic native trim disabled

---------------  S Y S T E M  ---------------

OS:
uname: Darwin 25.3.0 Darwin Kernel Version 25.3.0: Wed Jan 28 20:53:31 PST 2026; root:xnu-12377.91.3~2/RELEASE_ARM64_T8103 arm64
OS uptime: 95 days 11:24 hours
rlimit (soft/hard): STACK 8176k/65520k , CORE 0k/infinity , NPROC 2666/4000 , NOFILE 1048576/infinity , AS infinity/infinity , CPU infinity/infinity , DATA infinity/infinity , FSIZE infinity/infinity , MEMLOCK infinity/infinity , RSS infinity/infinity
load average: 1.67 1.67 1.56

CPU: total 8 (initial active 8) 0x61:0x0:0x1b588bb3:0, fp, asimd, aes, pmull, sha1, sha256, crc32, lse, sha3, sha512
machdep.cpu.brand_string:Apple M1
hw.cachelinesize:128
hw.l1icachesize:131072
hw.l1dcachesize:65536
hw.l2cachesize:4194304

Memory: 16k page, physical 16777216k(693680k free), swap 2097152k(830656k free)

vm_info: OpenJDK 64-Bit Server VM (24.0.1+9-30) for bsd-aarch64 JRE (24.0.1+9-30), built on 2025-03-05T07:23:45Z with clang Apple LLVM 14.0.3 (clang-1403.0.22.14.1)

END.
