#
# A fatal error has been detected by the Java Runtime Environment:
#
#  SIGSEGV (0xb) at pc=0x0000000109db3230, pid=73010, tid=259
#
# JRE version: OpenJDK Runtime Environment (24.0.1+9) (build 24.0.1+9-30)
# Java VM: OpenJDK 64-Bit Server VM (24.0.1+9-30, mixed mode, sharing, tiered, compressed oops, compressed class ptrs, g1 gc, bsd-aarch64)
# Problematic frame:
# C  [libglass.dylib+0x2f230]  Java_com_sun_glass_ui_mac_MacWindow__1exitModal+0xa04
#
# No core dump will be written. Core dumps have been disabled. To enable core dumping, try "ulimit -c unlimited" before starting Java again
#
# If you would like to submit a bug report, please visit:
#   https://bugreport.java.com/bugreport/crash.jsp
#

---------------  S U M M A R Y ------------

Command Line: -javaagent:/Applications/IntelliJ IDEA CE.app/Contents/lib/idea_rt.jar=49178 -Dfile.encoding=UTF-8 -Dsun.stdout.encoding=UTF-8 -Dsun.stderr.encoding=UTF-8 com.chatapp.AppLauncher

Host: "MacBookPro17,1" arm64, 8 cores, 16G, Darwin 25.3.0, macOS 26.3.1 (25D2128)
Time: Tue Jun 23 05:27:27 2026 +07 elapsed time: 4600.699819 seconds (0d 1h 16m 40s)

---------------  T H R E A D  ---------------

Current thread is native thread

Stack: [0x000000016d440000,0x000000016dc3c000],  sp=0x000000016dc34230,  free space=8144k
Native frames: (J=compiled Java code, j=interpreted, Vv=VM code, C=native code)
C  [libglass.dylib+0x2f230]  Java_com_sun_glass_ui_mac_MacWindow__1exitModal+0xa04
C  [libglass.dylib+0x2facc]  Java_com_sun_glass_ui_mac_MacWindow__1exitModal+0x12a0
C  [Foundation+0x38634]  __NSFireDelayedPerform+0x174
C  [CoreFoundation+0x6e19c]  __CFRUNLOOP_IS_CALLING_OUT_TO_A_TIMER_CALLBACK_FUNCTION__+0x20
C  [CoreFoundation+0x6de5c]  __CFRunLoopDoTimer+0x3d4
C  [CoreFoundation+0x6d9d4]  __CFRunLoopDoTimers+0x118
C  [CoreFoundation+0x5e77c]  __CFRunLoopRun+0x718
C  [CoreFoundation+0x118f3c]  _CFRunLoopRunSpecificWithOptions+0x214
C  [libjli.dylib+0xcf64]  CreateExecutionEnvironment+0x19c
C  [libjli.dylib+0x8a0c]  JLI_Launch+0x230
C  [java+0x3bb4]  main+0x194
C  [dyld+0x8d54]  start+0x1c10

siginfo: si_signo: 11 (SIGSEGV), si_code: 2 (SEGV_ACCERR), si_addr: 0x0000000000000000

Registers:
 x0=0xffffffffb0000000  x1=0x0000000000000060  x2=0xfffff0007fc00000  x3=0x0000000000000001
 x4=0x000000000035608a  x5=0x000000000000000a  x6=0x000000000000000a  x7=0xfffff0003ffff800
 x8=0x0000000000000000  x9=0x00000000ffbfd5bf x10=0x0000000000000000 x11=0x0000000000000000
x12=0x0005702b00402a40 x13=0x00056028804022a0 x14=0x0000000000002800 x15=0x0000000000000081
x16=0x952d000ba962a400 x17=0x0000000056028aa0 x18=0x0000000000000000 x19=0x0000000ba962a400
x20=0x0000000000000000 x21=0x0000000109dd6508 x22=0x0000000ba962a460 x23=0x0000000109dd6508
x24=0x0000000ba9a1d458 x25=0x00000001f6685b68 x26=0x0000000ba98083e0 x27=0xffffffffffffffff
x28=0x00000001f688d438  fp=0x000000016dc34680  lr=0x0000000109db322c  sp=0x000000016dc34230
pc=0x0000000109db3230 cpsr=0x0000000000001000

Top of Stack: (sp=0x000000016dc34230)
0x000000016dc34230:   0000000109dbfafc 0000000109dbfb22   ........".......
0x000000016dc34240:   000000000000005c 0000000109db31f0   \........1......
0x000000016dc34250:   0000000109db3acc 000000018a66a634   .:......4.f.....
0x000000016dc34260:   0000000188e4d19c 0000000188e4ce5c   ........\.......
0x000000016dc34270:   0000000188e4c9d4 0000000188e3d77c   ........|.......
0x000000016dc34280:   0000000188ef7f3c 0000000102210f64   <.......d.!.....
0x000000016dc34290:   000000010220ca0c 00000001021c7bb4   .. ......{......
0x000000016dc342a0:   00000001889d5d54 0000000000000000   T]..............
0x000000016dc342b0:   000000016dc34320 0000000188a4f84c    C.m....L.......
0x000000016dc342c0:   0000002000000000 01000001f5cd2960   .... ...`)......
0x000000016dc342d0:   00000001021d0289 0000000ba5c73ec0   .........>......
0x000000016dc342e0:   0000000188ca8d8b 00000001889d5d54   ........T]......
0x000000016dc342f0:   0000000180111d54 544be8802bc800b5   T..........+..KT
0x000000016dc34300:   000000016dc34518 0000000ba5c73ed0   .E.m.....>......
0x000000016dc34310:   0000000000000000 000000000000000b   ................
0x000000016dc34320:   0000000ba5c73ed8 000000016dc3458c   .>.......E.m....
0x000000016dc34330:   0000000212cfd1dd 0000000ba5c73ec0   .........>......
0x000000016dc34340:   00000001889d5d54 000000000000000a   T]..............
0x000000016dc34350:   0000000ba9a1d7e6 0000000000000101   ................
0x000000016dc34360:   000000016dc34500 0000000188c58e94   .E.m............
0x000000016dc34370:   000000016dc34518 0000000ba9a1d82d   .E.m....-.......
0x000000016dc34380:   000000b900000000 00000000ffff0208   ................
0x000000016dc34390:   0000000ba9a1d7e6 0000000000000100   ................
0x000000016dc343a0:   0000000000000000 0000000000000000   ................
0x000000016dc343b0:   0000000000000000 0000000000000000   ................
0x000000016dc343c0:   0000000000000000 0000000000000000   ................
0x000000016dc343d0:   0000000000000000 0000000000000000   ................
0x000000016dc343e0:   000000016dc34418 0000000000000000   .D.m............
0x000000016dc343f0:   0000000000000000 0000000000000000   ................
0x000000016dc34400:   0000000000000000 0000000000000000   ................
0x000000016dc34410:   00000001889cd920 0000000000000000    ...............
0x000000016dc34420:   0000000032aaaba2 0000000000000000   ...2............

Instructions: (pc=0x0000000109db3230)
  0x0000000109db3130:   68 02 40 f9 00 fb ff 35 08 55 40 f9 e0 03 13 aa
  0x0000000109db3140:   e1 03 14 aa 00 01 3f d6 a0 02 00 f9 1f 20 03 d5
  0x0000000109db3150:   1f 20 03 d5 28 aa 11 58 c8 00 00 b4 fd 7b 43 a9
  0x0000000109db3160:   f4 4f 42 a9 f6 57 41 a9 ff 03 01 91 c0 03 5f d6
  0x0000000109db3170:   e1 03 00 aa e9 fe ff 17 fc 6f bc a9 f6 57 01 a9
  0x0000000109db3180:   f4 4f 02 a9 fd 7b 03 a9 fd c3 00 91 ff 83 10 d1
  0x0000000109db3190:   1f 20 03 d5 28 7d 0a 58 08 01 40 f9 a8 83 1c f8
  0x0000000109db31a0:   55 9b 11 10 1f 20 03 d5 b4 02 40 f9 34 04 00 b5
  0x0000000109db31b0:   1f 20 03 d5 68 7c 0a 58 00 01 40 f9 8a 0b 80 52
  0x0000000109db31c0:   08 4b 06 50 1f 20 03 d5 a9 49 06 10 1f 20 03 d5
  0x0000000109db31d0:   e8 ab 00 a9 e9 03 00 f9 01 98 04 50 1f 20 03 d5
  0x0000000109db31e0:   33 09 00 94 e0 63 00 91 01 10 80 52 0f 09 00 94
  0x0000000109db31f0:   f4 03 00 aa e0 63 00 91 e1 03 14 aa 0e 09 00 94
  0x0000000109db3200:   f3 03 00 aa 9f 06 00 71 eb 00 00 54 f4 03 14 2a
  0x0000000109db3210:   f6 03 13 aa c0 86 40 f8 09 0a 00 94 94 06 00 f1
  0x0000000109db3220:   a1 ff ff 54 e0 03 13 aa 27 09 00 94 b4 02 40 f9
=>0x0000000109db3230:   88 02 40 f9 08 71 40 f9 1f 20 03 d5 1f 20 03 d5
  0x0000000109db3240:   01 a2 11 58 1f 20 03 d5 1f 20 03 d5 a2 a2 11 58
  0x0000000109db3250:   e0 03 14 aa 00 01 3f d6 f3 03 00 aa 88 02 40 f9
  0x0000000109db3260:   08 3d 40 f9 e0 03 14 aa 00 01 3f d6 a0 02 00 b4
  0x0000000109db3270:   f5 03 00 aa 88 02 40 f9 08 45 40 f9 e0 03 14 aa
  0x0000000109db3280:   00 01 3f d6 88 02 40 f9 08 35 42 f9 1f 20 03 d5
  0x0000000109db3290:   1f 20 03 d5 e1 93 11 58 1f 20 03 d5 1f 20 03 d5
  0x0000000109db32a0:   02 a4 11 58 f5 03 00 f9 e0 03 14 aa 00 01 3f d6
  0x0000000109db32b0:   88 02 40 f9 08 45 40 f9 e0 03 14 aa 00 01 3f d6
  0x0000000109db32c0:   93 02 00 b4 16 01 00 90 c0 62 41 f9 85 10 00 94
  0x0000000109db32d0:   f4 03 00 aa d5 62 41 f9 1f 20 03 d5 e8 6a 0a 58
  0x0000000109db32e0:   00 01 40 f9 d7 11 00 94 e2 03 00 aa e0 03 15 aa
  0x0000000109db32f0:   d4 1a 00 94 1f 20 03 d5 00 f0 0f 58 e2 03 13 aa
  0x0000000109db3300:   18 18 00 94 c0 62 41 f9 e2 03 14 aa cd 1a 00 94
  0x0000000109db3310:   a8 83 5c f8 1f 20 03 d5 09 71 0a 58 29 01 40 f9
  0x0000000109db3320:   3f 01 08 eb 01 01 00 54 e0 03 13 aa ff 83 10 91



---------------  P R O C E S S  ---------------

VM state: not at safepoint (normal execution)

VM Mutex/Monitor currently owned by a thread: None

Heap address: 0x0000000700000000, size: 4096 MB, Compressed Oops mode: Zero based, Oop shift amount: 3

CDS archive(s) mapped at: [0x00001c0000000000-0x00001c0000d18000-0x00001c0000d18000), size 13729792, SharedBaseAddress: 0x00001c0000000000, ArchiveRelocationMode: 1.
Compressed class space mapped at: 0x00001c0001000000-0x00001c0041000000, reserved size: 1073741824
UseCompressedClassPointers 1, UseCompactObjectHeaders 0
Narrow klass pointer bits 32, Max shift 3
Narrow klass base: 0x00001c0000000000, Narrow klass shift: 0
Encoding Range: [0x00001c0000000000 - 0x00001c0100000000), (4294967296 bytes)
Klass Range:    [0x00001c0000000000 - 0x00001c0041000000), (1090519040 bytes)
Klass ID Range:  [8 - 1090519033) (1090519025)

GC Precious Log:
<Skipped>

Heap:
 garbage-first heap   total reserved 4194304K, committed 264192K, used 122911K [0x0000000700000000, 0x0000000800000000)
  region size 2048K, 53 young (108544K), 3 survivors (6144K)
 Metaspace       used 18974K, committed 19200K, reserved 1114112K
  class space    used 2495K, committed 2560K, reserved 1048576K

Heap Regions: E=young(eden), S=young(survivor), O=old, HS=humongous(starts), HC=humongous(continues), CS=collection set, F=free, TAMS=top-at-mark-start, PB=parsable bottom
|   0|0x0000000700000000, 0x0000000700200000, 0x0000000700200000|100%| O|  |TAMS 0x0000000700000000| PB 0x0000000700000000| Untracked |  0
|   1|0x0000000700200000, 0x0000000700400000, 0x0000000700400000|100%| O|  |TAMS 0x0000000700200000| PB 0x0000000700200000| Untracked |  0
|   2|0x0000000700400000, 0x0000000700600000, 0x0000000700600000|100%|HS|  |TAMS 0x0000000700400000| PB 0x0000000700400000| Complete |  0
|   3|0x0000000700600000, 0x0000000700800000, 0x0000000700800000|100%|HS|  |TAMS 0x0000000700600000| PB 0x0000000700600000| Complete |  0
|   4|0x0000000700800000, 0x0000000700a00000, 0x0000000700a00000|100%|HS|  |TAMS 0x0000000700800000| PB 0x0000000700800000| Complete |  0
|   5|0x0000000700a00000, 0x0000000700a00000, 0x0000000700c00000|  0%| F|  |TAMS 0x0000000700a00000| PB 0x0000000700a00000| Untracked |  0
|   6|0x0000000700c00000, 0x0000000700c00000, 0x0000000700e00000|  0%| F|  |TAMS 0x0000000700c00000| PB 0x0000000700c00000| Untracked |  0
|   7|0x0000000700e00000, 0x0000000700e00000, 0x0000000701000000|  0%| F|  |TAMS 0x0000000700e00000| PB 0x0000000700e00000| Untracked |  0
|   8|0x0000000701000000, 0x0000000701000000, 0x0000000701200000|  0%| F|  |TAMS 0x0000000701000000| PB 0x0000000701000000| Untracked |  0
|   9|0x0000000701200000, 0x0000000701200000, 0x0000000701400000|  0%| F|  |TAMS 0x0000000701200000| PB 0x0000000701200000| Untracked |  0
|  10|0x0000000701400000, 0x0000000701400000, 0x0000000701600000|  0%| F|  |TAMS 0x0000000701400000| PB 0x0000000701400000| Untracked |  0
|  11|0x0000000701600000, 0x0000000701600000, 0x0000000701800000|  0%| F|  |TAMS 0x0000000701600000| PB 0x0000000701600000| Untracked |  0
|  12|0x0000000701800000, 0x0000000701800000, 0x0000000701a00000|  0%| F|  |TAMS 0x0000000701800000| PB 0x0000000701800000| Untracked |  0
|  13|0x0000000701a00000, 0x0000000701a00000, 0x0000000701c00000|  0%| F|  |TAMS 0x0000000701a00000| PB 0x0000000701a00000| Untracked |  0
|  14|0x0000000701c00000, 0x0000000701c00000, 0x0000000701e00000|  0%| F|  |TAMS 0x0000000701c00000| PB 0x0000000701c00000| Untracked |  0
|  15|0x0000000701e00000, 0x0000000701e00000, 0x0000000702000000|  0%| F|  |TAMS 0x0000000701e00000| PB 0x0000000701e00000| Untracked |  0
|  16|0x0000000702000000, 0x0000000702000000, 0x0000000702200000|  0%| F|  |TAMS 0x0000000702000000| PB 0x0000000702000000| Untracked |  0
|  17|0x0000000702200000, 0x0000000702200000, 0x0000000702400000|  0%| F|  |TAMS 0x0000000702200000| PB 0x0000000702200000| Untracked |  0
|  18|0x0000000702400000, 0x0000000702400000, 0x0000000702600000|  0%| F|  |TAMS 0x0000000702400000| PB 0x0000000702400000| Untracked |  0
|  19|0x0000000702600000, 0x0000000702600000, 0x0000000702800000|  0%| F|  |TAMS 0x0000000702600000| PB 0x0000000702600000| Untracked |  0
|  20|0x0000000702800000, 0x0000000702800000, 0x0000000702a00000|  0%| F|  |TAMS 0x0000000702800000| PB 0x0000000702800000| Untracked |  0
|  21|0x0000000702a00000, 0x0000000702a00000, 0x0000000702c00000|  0%| F|  |TAMS 0x0000000702a00000| PB 0x0000000702a00000| Untracked |  0
|  22|0x0000000702c00000, 0x0000000702c00000, 0x0000000702e00000|  0%| F|  |TAMS 0x0000000702c00000| PB 0x0000000702c00000| Untracked |  0
|  23|0x0000000702e00000, 0x0000000702e00000, 0x0000000703000000|  0%| F|  |TAMS 0x0000000702e00000| PB 0x0000000702e00000| Untracked |  0
|  24|0x0000000703000000, 0x0000000703000000, 0x0000000703200000|  0%| F|  |TAMS 0x0000000703000000| PB 0x0000000703000000| Untracked |  0
|  25|0x0000000703200000, 0x0000000703200000, 0x0000000703400000|  0%| F|  |TAMS 0x0000000703200000| PB 0x0000000703200000| Untracked |  0
|  26|0x0000000703400000, 0x0000000703400000, 0x0000000703600000|  0%| F|  |TAMS 0x0000000703400000| PB 0x0000000703400000| Untracked |  0
|  27|0x0000000703600000, 0x0000000703600000, 0x0000000703800000|  0%| F|  |TAMS 0x0000000703600000| PB 0x0000000703600000| Untracked |  0
|  28|0x0000000703800000, 0x0000000703800000, 0x0000000703a00000|  0%| F|  |TAMS 0x0000000703800000| PB 0x0000000703800000| Untracked |  0
|  29|0x0000000703a00000, 0x0000000703a00000, 0x0000000703c00000|  0%| F|  |TAMS 0x0000000703a00000| PB 0x0000000703a00000| Untracked |  0
|  30|0x0000000703c00000, 0x0000000703c00000, 0x0000000703e00000|  0%| F|  |TAMS 0x0000000703c00000| PB 0x0000000703c00000| Untracked |  0
|  31|0x0000000703e00000, 0x0000000703e00000, 0x0000000704000000|  0%| F|  |TAMS 0x0000000703e00000| PB 0x0000000703e00000| Untracked |  0
|  32|0x0000000704000000, 0x0000000704000000, 0x0000000704200000|  0%| F|  |TAMS 0x0000000704000000| PB 0x0000000704000000| Untracked |  0
|  33|0x0000000704200000, 0x0000000704200000, 0x0000000704400000|  0%| F|  |TAMS 0x0000000704200000| PB 0x0000000704200000| Untracked |  0
|  34|0x0000000704400000, 0x0000000704400000, 0x0000000704600000|  0%| F|  |TAMS 0x0000000704400000| PB 0x0000000704400000| Untracked |  0
|  35|0x0000000704600000, 0x0000000704600000, 0x0000000704800000|  0%| F|  |TAMS 0x0000000704600000| PB 0x0000000704600000| Untracked |  0
|  36|0x0000000704800000, 0x0000000704800000, 0x0000000704a00000|  0%| F|  |TAMS 0x0000000704800000| PB 0x0000000704800000| Untracked |  0
|  37|0x0000000704a00000, 0x0000000704a00000, 0x0000000704c00000|  0%| F|  |TAMS 0x0000000704a00000| PB 0x0000000704a00000| Untracked |  0
|  38|0x0000000704c00000, 0x0000000704c00000, 0x0000000704e00000|  0%| F|  |TAMS 0x0000000704c00000| PB 0x0000000704c00000| Untracked |  0
|  39|0x0000000704e00000, 0x0000000704e00000, 0x0000000705000000|  0%| F|  |TAMS 0x0000000704e00000| PB 0x0000000704e00000| Untracked |  0
|  40|0x0000000705000000, 0x0000000705000000, 0x0000000705200000|  0%| F|  |TAMS 0x0000000705000000| PB 0x0000000705000000| Untracked |  0
|  41|0x0000000705200000, 0x0000000705200000, 0x0000000705400000|  0%| F|  |TAMS 0x0000000705200000| PB 0x0000000705200000| Untracked |  0
|  42|0x0000000705400000, 0x0000000705400000, 0x0000000705600000|  0%| F|  |TAMS 0x0000000705400000| PB 0x0000000705400000| Untracked |  0
|  43|0x0000000705600000, 0x0000000705600000, 0x0000000705800000|  0%| F|  |TAMS 0x0000000705600000| PB 0x0000000705600000| Untracked |  0
|  44|0x0000000705800000, 0x0000000705800000, 0x0000000705a00000|  0%| F|  |TAMS 0x0000000705800000| PB 0x0000000705800000| Untracked |  0
|  45|0x0000000705a00000, 0x0000000705a00000, 0x0000000705c00000|  0%| F|  |TAMS 0x0000000705a00000| PB 0x0000000705a00000| Untracked |  0
|  46|0x0000000705c00000, 0x0000000705c00000, 0x0000000705e00000|  0%| F|  |TAMS 0x0000000705c00000| PB 0x0000000705c00000| Untracked |  0
|  47|0x0000000705e00000, 0x0000000705e00000, 0x0000000706000000|  0%| F|  |TAMS 0x0000000705e00000| PB 0x0000000705e00000| Untracked |  0
|  48|0x0000000706000000, 0x0000000706000000, 0x0000000706200000|  0%| F|  |TAMS 0x0000000706000000| PB 0x0000000706000000| Untracked |  0
|  49|0x0000000706200000, 0x0000000706200000, 0x0000000706400000|  0%| F|  |TAMS 0x0000000706200000| PB 0x0000000706200000| Untracked |  0
|  50|0x0000000706400000, 0x0000000706400000, 0x0000000706600000|  0%| F|  |TAMS 0x0000000706400000| PB 0x0000000706400000| Untracked |  0
|  51|0x0000000706600000, 0x0000000706600000, 0x0000000706800000|  0%| F|  |TAMS 0x0000000706600000| PB 0x0000000706600000| Untracked |  0
|  52|0x0000000706800000, 0x0000000706800000, 0x0000000706a00000|  0%| F|  |TAMS 0x0000000706800000| PB 0x0000000706800000| Untracked |  0
|  53|0x0000000706a00000, 0x0000000706a00000, 0x0000000706c00000|  0%| F|  |TAMS 0x0000000706a00000| PB 0x0000000706a00000| Untracked |  0
|  54|0x0000000706c00000, 0x0000000706c00000, 0x0000000706e00000|  0%| F|  |TAMS 0x0000000706c00000| PB 0x0000000706c00000| Untracked |  0
|  55|0x0000000706e00000, 0x0000000706e00000, 0x0000000707000000|  0%| F|  |TAMS 0x0000000706e00000| PB 0x0000000706e00000| Untracked |  0
|  56|0x0000000707000000, 0x0000000707000000, 0x0000000707200000|  0%| F|  |TAMS 0x0000000707000000| PB 0x0000000707000000| Untracked |  0
|  57|0x0000000707200000, 0x0000000707200000, 0x0000000707400000|  0%| F|  |TAMS 0x0000000707200000| PB 0x0000000707200000| Untracked |  0
|  58|0x0000000707400000, 0x0000000707400000, 0x0000000707600000|  0%| F|  |TAMS 0x0000000707400000| PB 0x0000000707400000| Untracked |  0
|  59|0x0000000707600000, 0x0000000707600000, 0x0000000707800000|  0%| F|  |TAMS 0x0000000707600000| PB 0x0000000707600000| Untracked |  0
|  60|0x0000000707800000, 0x0000000707800000, 0x0000000707a00000|  0%| F|  |TAMS 0x0000000707800000| PB 0x0000000707800000| Untracked |  0
|  61|0x0000000707a00000, 0x0000000707a00000, 0x0000000707c00000|  0%| F|  |TAMS 0x0000000707a00000| PB 0x0000000707a00000| Untracked |  0
|  62|0x0000000707c00000, 0x0000000707c00000, 0x0000000707e00000|  0%| F|  |TAMS 0x0000000707c00000| PB 0x0000000707c00000| Untracked |  0
|  63|0x0000000707e00000, 0x0000000707e00000, 0x0000000708000000|  0%| F|  |TAMS 0x0000000707e00000| PB 0x0000000707e00000| Untracked |  0
|  64|0x0000000708000000, 0x0000000708000000, 0x0000000708200000|  0%| F|  |TAMS 0x0000000708000000| PB 0x0000000708000000| Untracked |  0
|  65|0x0000000708200000, 0x0000000708200000, 0x0000000708400000|  0%| F|  |TAMS 0x0000000708200000| PB 0x0000000708200000| Untracked |  0
|  66|0x0000000708400000, 0x0000000708400000, 0x0000000708600000|  0%| F|  |TAMS 0x0000000708400000| PB 0x0000000708400000| Untracked |  0
|  67|0x0000000708600000, 0x0000000708600000, 0x0000000708800000|  0%| F|  |TAMS 0x0000000708600000| PB 0x0000000708600000| Untracked |  0
|  68|0x0000000708800000, 0x0000000708800000, 0x0000000708a00000|  0%| F|  |TAMS 0x0000000708800000| PB 0x0000000708800000| Untracked |  0
|  69|0x0000000708a00000, 0x0000000708a00000, 0x0000000708c00000|  0%| F|  |TAMS 0x0000000708a00000| PB 0x0000000708a00000| Untracked |  0
|  70|0x0000000708c00000, 0x0000000708c00000, 0x0000000708e00000|  0%| F|  |TAMS 0x0000000708c00000| PB 0x0000000708c00000| Untracked |  0
|  71|0x0000000708e00000, 0x0000000708e00000, 0x0000000709000000|  0%| F|  |TAMS 0x0000000708e00000| PB 0x0000000708e00000| Untracked |  0
|  72|0x0000000709000000, 0x000000070908f630, 0x0000000709200000| 28%| E|  |TAMS 0x0000000709000000| PB 0x0000000709000000| Complete |  0
|  73|0x0000000709200000, 0x0000000709400000, 0x0000000709400000|100%| E|CS|TAMS 0x0000000709200000| PB 0x0000000709200000| Complete |  0
|  74|0x0000000709400000, 0x0000000709600000, 0x0000000709600000|100%| E|CS|TAMS 0x0000000709400000| PB 0x0000000709400000| Complete |  0
|  75|0x0000000709600000, 0x0000000709800000, 0x0000000709800000|100%| E|CS|TAMS 0x0000000709600000| PB 0x0000000709600000| Complete |  0
|  76|0x0000000709800000, 0x0000000709a00000, 0x0000000709a00000|100%| E|CS|TAMS 0x0000000709800000| PB 0x0000000709800000| Complete |  0
|  77|0x0000000709a00000, 0x0000000709c00000, 0x0000000709c00000|100%| E|CS|TAMS 0x0000000709a00000| PB 0x0000000709a00000| Complete |  0
|  78|0x0000000709c00000, 0x0000000709e00000, 0x0000000709e00000|100%| E|CS|TAMS 0x0000000709c00000| PB 0x0000000709c00000| Complete |  0
|  79|0x0000000709e00000, 0x000000070a000000, 0x000000070a000000|100%| E|CS|TAMS 0x0000000709e00000| PB 0x0000000709e00000| Complete |  0
|  80|0x000000070a000000, 0x000000070a200000, 0x000000070a200000|100%| E|CS|TAMS 0x000000070a000000| PB 0x000000070a000000| Complete |  0
|  81|0x000000070a200000, 0x000000070a400000, 0x000000070a400000|100%| E|CS|TAMS 0x000000070a200000| PB 0x000000070a200000| Complete |  0
|  82|0x000000070a400000, 0x000000070a600000, 0x000000070a600000|100%| E|CS|TAMS 0x000000070a400000| PB 0x000000070a400000| Complete |  0
|  83|0x000000070a600000, 0x000000070a800000, 0x000000070a800000|100%| E|CS|TAMS 0x000000070a600000| PB 0x000000070a600000| Complete |  0
|  84|0x000000070a800000, 0x000000070aa00000, 0x000000070aa00000|100%| E|CS|TAMS 0x000000070a800000| PB 0x000000070a800000| Complete |  0
|  85|0x000000070aa00000, 0x000000070ac00000, 0x000000070ac00000|100%| E|CS|TAMS 0x000000070aa00000| PB 0x000000070aa00000| Complete |  0
|  86|0x000000070ac00000, 0x000000070ae00000, 0x000000070ae00000|100%| E|CS|TAMS 0x000000070ac00000| PB 0x000000070ac00000| Complete |  0
|  87|0x000000070ae00000, 0x000000070b000000, 0x000000070b000000|100%| E|CS|TAMS 0x000000070ae00000| PB 0x000000070ae00000| Complete |  0
|  88|0x000000070b000000, 0x000000070b200000, 0x000000070b200000|100%| E|CS|TAMS 0x000000070b000000| PB 0x000000070b000000| Complete |  0
|  89|0x000000070b200000, 0x000000070b400000, 0x000000070b400000|100%| E|CS|TAMS 0x000000070b200000| PB 0x000000070b200000| Complete |  0
|  90|0x000000070b400000, 0x000000070b600000, 0x000000070b600000|100%| E|CS|TAMS 0x000000070b400000| PB 0x000000070b400000| Complete |  0
|  91|0x000000070b600000, 0x000000070b800000, 0x000000070b800000|100%| E|CS|TAMS 0x000000070b600000| PB 0x000000070b600000| Complete |  0
|  92|0x000000070b800000, 0x000000070ba00000, 0x000000070ba00000|100%| E|CS|TAMS 0x000000070b800000| PB 0x000000070b800000| Complete |  0
|  93|0x000000070ba00000, 0x000000070bc00000, 0x000000070bc00000|100%| O|  |TAMS 0x000000070ba00000| PB 0x000000070ba00000| Untracked |  0
|  94|0x000000070bc00000, 0x000000070be00000, 0x000000070be00000|100%| O|  |TAMS 0x000000070bc00000| PB 0x000000070bc00000| Untracked |  0
|  95|0x000000070be00000, 0x000000070bf4e9c0, 0x000000070c000000| 65%| O|  |TAMS 0x000000070be00000| PB 0x000000070be00000| Untracked |  0
|  96|0x000000070c000000, 0x000000070c200000, 0x000000070c200000|100%| E|CS|TAMS 0x000000070c000000| PB 0x000000070c000000| Complete |  0
|  97|0x000000070c200000, 0x000000070c400000, 0x000000070c400000|100%| E|CS|TAMS 0x000000070c200000| PB 0x000000070c200000| Complete |  0
|  98|0x000000070c400000, 0x000000070c600000, 0x000000070c600000|100%| E|CS|TAMS 0x000000070c400000| PB 0x000000070c400000| Complete |  0
|  99|0x000000070c600000, 0x000000070c800000, 0x000000070c800000|100%| E|CS|TAMS 0x000000070c600000| PB 0x000000070c600000| Complete |  0
| 100|0x000000070c800000, 0x000000070ca00000, 0x000000070ca00000|100%| E|CS|TAMS 0x000000070c800000| PB 0x000000070c800000| Complete |  0
| 101|0x000000070ca00000, 0x000000070cc00000, 0x000000070cc00000|100%| E|CS|TAMS 0x000000070ca00000| PB 0x000000070ca00000| Complete |  0
| 102|0x000000070cc00000, 0x000000070ce00000, 0x000000070ce00000|100%| E|CS|TAMS 0x000000070cc00000| PB 0x000000070cc00000| Complete |  0
| 103|0x000000070ce00000, 0x000000070d000000, 0x000000070d000000|100%| E|CS|TAMS 0x000000070ce00000| PB 0x000000070ce00000| Complete |  0
| 104|0x000000070d000000, 0x000000070d200000, 0x000000070d200000|100%| E|CS|TAMS 0x000000070d000000| PB 0x000000070d000000| Complete |  0
| 105|0x000000070d200000, 0x000000070d400000, 0x000000070d400000|100%| E|CS|TAMS 0x000000070d200000| PB 0x000000070d200000| Complete |  0
| 106|0x000000070d400000, 0x000000070d600000, 0x000000070d600000|100%| E|CS|TAMS 0x000000070d400000| PB 0x000000070d400000| Complete |  0
| 107|0x000000070d600000, 0x000000070d800000, 0x000000070d800000|100%| E|CS|TAMS 0x000000070d600000| PB 0x000000070d600000| Complete |  0
| 108|0x000000070d800000, 0x000000070da00000, 0x000000070da00000|100%| E|CS|TAMS 0x000000070d800000| PB 0x000000070d800000| Complete |  0
| 109|0x000000070da00000, 0x000000070dc00000, 0x000000070dc00000|100%| E|CS|TAMS 0x000000070da00000| PB 0x000000070da00000| Complete |  0
| 110|0x000000070dc00000, 0x000000070de00000, 0x000000070de00000|100%| E|CS|TAMS 0x000000070dc00000| PB 0x000000070dc00000| Complete |  0
| 111|0x000000070de00000, 0x000000070e000000, 0x000000070e000000|100%| E|CS|TAMS 0x000000070de00000| PB 0x000000070de00000| Complete |  0
| 112|0x000000070e000000, 0x000000070e200000, 0x000000070e200000|100%| E|CS|TAMS 0x000000070e000000| PB 0x000000070e000000| Complete |  0
| 113|0x000000070e200000, 0x000000070e400000, 0x000000070e400000|100%| E|CS|TAMS 0x000000070e200000| PB 0x000000070e200000| Complete |  0
| 114|0x000000070e400000, 0x000000070e600000, 0x000000070e600000|100%| E|CS|TAMS 0x000000070e400000| PB 0x000000070e400000| Complete |  0
| 115|0x000000070e600000, 0x000000070e800000, 0x000000070e800000|100%| E|CS|TAMS 0x000000070e600000| PB 0x000000070e600000| Complete |  0
| 116|0x000000070e800000, 0x000000070ea00000, 0x000000070ea00000|100%| E|CS|TAMS 0x000000070e800000| PB 0x000000070e800000| Complete |  0
| 117|0x000000070ea00000, 0x000000070ec00000, 0x000000070ec00000|100%| E|CS|TAMS 0x000000070ea00000| PB 0x000000070ea00000| Complete |  0
| 118|0x000000070ec00000, 0x000000070ee00000, 0x000000070ee00000|100%| E|CS|TAMS 0x000000070ec00000| PB 0x000000070ec00000| Complete |  0
| 119|0x000000070ee00000, 0x000000070f000000, 0x000000070f000000|100%| E|CS|TAMS 0x000000070ee00000| PB 0x000000070ee00000| Complete |  0
| 120|0x000000070f000000, 0x000000070f200000, 0x000000070f200000|100%| E|CS|TAMS 0x000000070f000000| PB 0x000000070f000000| Complete |  0
| 121|0x000000070f200000, 0x000000070f3124f0, 0x000000070f400000| 53%| S|CS|TAMS 0x000000070f200000| PB 0x000000070f200000| Complete |  0
| 122|0x000000070f400000, 0x000000070f600000, 0x000000070f600000|100%| S|CS|TAMS 0x000000070f400000| PB 0x000000070f400000| Complete |  0
| 123|0x000000070f600000, 0x000000070f800000, 0x000000070f800000|100%| S|CS|TAMS 0x000000070f600000| PB 0x000000070f600000| Complete |  0
| 124|0x000000070f800000, 0x000000070fa00000, 0x000000070fa00000|100%| E|CS|TAMS 0x000000070f800000| PB 0x000000070f800000| Complete |  0
| 125|0x000000070fa00000, 0x000000070fc00000, 0x000000070fc00000|100%| E|CS|TAMS 0x000000070fa00000| PB 0x000000070fa00000| Complete |  0
| 126|0x000000070fc00000, 0x000000070fe00000, 0x000000070fe00000|100%| E|CS|TAMS 0x000000070fc00000| PB 0x000000070fc00000| Complete |  0
| 127|0x000000070fe00000, 0x0000000710000000, 0x0000000710000000|100%| E|CS|TAMS 0x000000070fe00000| PB 0x000000070fe00000| Complete |  0
|2047|0x00000007ffe00000, 0x00000007fff179d0, 0x0000000800000000| 54%| O|  |TAMS 0x00000007ffe00000| PB 0x00000007ffe00000| Untracked |  0

Card table byte_map: [0x0000000113700000,0x0000000113f00000] _byte_map_base: 0x000000010ff00000

Marking Bits: (CMBitMap*) 0x00000001029a5720
 Bits: [0x0000000113f00000, 0x0000000117f00000)

Polling page: 0x00000001021ec000

Metaspace:

Usage:
  Non-class:     16.09 MB used.
      Class:      2.44 MB used.
       Both:     18.53 MB used.

Virtual space:
  Non-class space:       64.00 MB reserved,      16.25 MB ( 25%) committed,  1 nodes.
      Class space:        1.00 GB reserved,       2.50 MB ( <1%) committed,  1 nodes.
             Both:        1.06 GB reserved,      18.75 MB (  2%) committed. 

Chunk freelists:
   Non-Class:  15.20 MB
       Class:  13.44 MB
        Both:  28.65 MB

MaxMetaspaceSize: unlimited
CompressedClassSpaceSize: 1.00 GB
Initial GC threshold: 21.00 MB
Current GC threshold: 21.00 MB
CDS: on
 - commit_granule_bytes: 65536.
 - commit_granule_words: 8192.
 - virtual_space_node_default_size: 8388608.
 - enlarge_chunks_in_place: 1.
UseCompressedClassPointers 1, UseCompactObjectHeaders 0
Narrow klass pointer bits 32, Max shift 3
Narrow klass base: 0x00001c0000000000, Narrow klass shift: 0
Encoding Range: [0x00001c0000000000 - 0x00001c0100000000), (4294967296 bytes)
Klass Range:    [0x00001c0000000000 - 0x00001c0041000000), (1090519040 bytes)
Klass ID Range:  [8 - 1090519033) (1090519025)


Internal statistics:

num_allocs_failed_limit: 0.
num_arena_births: 218.
num_arena_deaths: 0.
num_vsnodes_births: 2.
num_vsnodes_deaths: 0.
num_space_committed: 300.
num_space_uncommitted: 0.
num_chunks_returned_to_freelist: 0.
num_chunks_taken_from_freelist: 773.
num_chunk_merges: 0.
num_chunk_splits: 557.
num_chunks_enlarged: 450.
num_inconsistent_stats: 0.

CodeHeap 'non-profiled nmethods': size=120048Kb used=1046Kb max_used=1046Kb free=119001Kb
 bounds [0x000000012a0c8000, 0x000000012a338000, 0x0000000131604000]
CodeHeap 'profiled nmethods': size=120016Kb used=7317Kb max_used=7317Kb free=112699Kb
 bounds [0x0000000122604000, 0x0000000122d34000, 0x0000000129b38000]
CodeHeap 'non-nmethods': size=5696Kb used=1565Kb max_used=1700Kb free=4130Kb
 bounds [0x0000000129b38000, 0x0000000129da8000, 0x000000012a0c8000]
CodeCache: size=245760Kb, used=9928Kb, max_used=10063Kb, free=235830Kb
 total_blobs=4690, nmethods=3874, adapters=724, full_count=0
Compilation: enabled, stopped_count=0, restarted_count=0

Compilation events (20 events):
Event: 962.178 Thread 0x0000000ba6dd2000 3906       4       javafx.beans.property.BooleanPropertyBase::set (76 bytes)
Event: 962.180 Thread 0x0000000ba6dd2000 nmethod 3906 0x000000012a1cc448 code [0x000000012a1cc580, 0x000000012a1cc6e0]
Event: 1528.619 Thread 0x0000000ba6dd2800 3907       3       javafx.scene.layout.Region::setHeight (24 bytes)
Event: 1528.620 Thread 0x0000000ba6dd2800 nmethod 3907 0x0000000122d26648 code [0x0000000122d26780, 0x0000000122d26a58]
Event: 1528.620 Thread 0x0000000ba6dd2800 3908       3       javafx.scene.layout.Region::heightChanged (49 bytes)
Event: 1528.620 Thread 0x0000000ba6dd2800 nmethod 3908 0x0000000122d26ac8 code [0x0000000122d26d00, 0x0000000122d276a8]
Event: 1529.189 Thread 0x0000000ba6dd2000 3910       4       com.sun.javafx.css.BitSet::size (49 bytes)
Event: 1529.196 Thread 0x0000000ba6dd2000 nmethod 3910 0x000000012a1cc748 code [0x000000012a1cc880, 0x000000012a1cc9e8]
Event: 1529.196 Thread 0x0000000ba6dd2000 3909       4       com.sun.javafx.css.PseudoClassState::size (5 bytes)
Event: 1529.197 Thread 0x0000000ba6dd2000 nmethod 3909 0x000000012a1cca48 code [0x000000012a1ccb80, 0x000000012a1ccce8]
Event: 1529.198 Thread 0x0000000ba6dd2800 3911       3       javafx.scene.Parent::getManagedChildren (78 bytes)
Event: 1529.200 Thread 0x0000000ba6dd2800 nmethod 3911 0x0000000122d27788 code [0x0000000122d279c0, 0x0000000122d28640]
Event: 1529.200 Thread 0x0000000ba6dd2800 3912       3       javafx.scene.layout.Region::resize (43 bytes)
Event: 1529.201 Thread 0x0000000ba6dd2000 3913       4       com.sun.javafx.geom.DirtyRegionContainer::getDirtyRegion (7 bytes)
Event: 1529.202 Thread 0x0000000ba6dd2000 nmethod 3913 0x000000012a1ccd48 code [0x000000012a1cce40, 0x000000012a1ccf28]
Event: 1529.202 Thread 0x0000000ba6dd2800 nmethod 3912 0x0000000122d28708 code [0x0000000122d28940, 0x0000000122d29320]
Event: 1696.938 Thread 0x0000000ba6dd2000 3914   !   4       java.util.concurrent.locks.AbstractQueuedSynchronizer::tryInitializeHead (66 bytes)
Event: 1696.944 Thread 0x0000000ba6dd2000 nmethod 3914 0x000000012a1cd188 code [0x000000012a1cd2c0, 0x000000012a1cd638]
Event: 1696.951 Thread 0x0000000ba6dd2000 3916       4       java.util.concurrent.locks.AbstractQueuedSynchronizer$Node::clearStatus (12 bytes)
Event: 1696.951 Thread 0x0000000ba6dd2000 nmethod 3916 0x000000012a1cd688 code [0x000000012a1cd780, 0x000000012a1cd810]

GC Heap History (6 events):
Event: 0.778 GC heap before
{Heap before GC invocations=0 (full 0):
 garbage-first heap   total reserved 4194304K, committed 264192K, used 48222K [0x0000000700000000, 0x0000000800000000)
  region size 2048K, 24 young (49152K), 0 survivors (0K)
 Metaspace       used 14837K, committed 15040K, reserved 1114112K
  class space    used 2029K, committed 2112K, reserved 1048576K
}
Event: 0.782 GC heap after
{Heap after GC invocations=1 (full 0):
 garbage-first heap   total reserved 4194304K, committed 264192K, used 10462K [0x0000000700000000, 0x0000000800000000)
  region size 2048K, 3 young (6144K), 3 survivors (6144K)
 Metaspace       used 14837K, committed 15040K, reserved 1114112K
  class space    used 2029K, committed 2112K, reserved 1048576K
}
Event: 6.796 GC heap before
{Heap before GC invocations=1 (full 0):
 garbage-first heap   total reserved 4194304K, committed 264192K, used 32990K [0x0000000700000000, 0x0000000800000000)
  region size 2048K, 15 young (30720K), 3 survivors (6144K)
 Metaspace       used 18304K, committed 18560K, reserved 1114112K
  class space    used 2459K, committed 2560K, reserved 1048576K
}
Event: 6.800 GC heap after
{Heap after GC invocations=2 (full 0):
 garbage-first heap   total reserved 4194304K, committed 264192K, used 16955K [0x0000000700000000, 0x0000000800000000)
  region size 2048K, 6 young (12288K), 6 survivors (12288K)
 Metaspace       used 18304K, committed 18560K, reserved 1114112K
  class space    used 2459K, committed 2560K, reserved 1048576K
}
Event: 11.195 GC heap before
{Heap before GC invocations=2 (full 0):
 garbage-first heap   total reserved 4194304K, committed 264192K, used 207419K [0x0000000700000000, 0x0000000800000000)
  region size 2048K, 10 young (20480K), 6 survivors (12288K)
 Metaspace       used 18838K, committed 19008K, reserved 1114112K
  class space    used 2490K, committed 2560K, reserved 1048576K
}
Event: 11.201 GC heap after
{Heap after GC invocations=3 (full 0):
 garbage-first heap   total reserved 4194304K, committed 264192K, used 17890K [0x0000000700000000, 0x0000000800000000)
  region size 2048K, 3 young (6144K), 3 survivors (6144K)
 Metaspace       used 18838K, committed 19008K, reserved 1114112K
  class space    used 2490K, committed 2560K, reserved 1048576K
}

Dll operation events (14 events):
Event: 0.004 Loaded shared library /Users/blueonion/Library/Java/JavaVirtualMachines/openjdk-24.0.1/Contents/Home/lib/libjava.dylib
Event: 0.043 Loaded shared library /Users/blueonion/Library/Java/JavaVirtualMachines/openjdk-24.0.1/Contents/Home/lib/libzip.dylib
Event: 0.043 Loaded shared library /Users/blueonion/Library/Java/JavaVirtualMachines/openjdk-24.0.1/Contents/Home/lib/libinstrument.dylib
Event: 0.047 Loaded shared library /Users/blueonion/Library/Java/JavaVirtualMachines/openjdk-24.0.1/Contents/Home/lib/libnio.dylib
Event: 0.049 Loaded shared library /Users/blueonion/Library/Java/JavaVirtualMachines/openjdk-24.0.1/Contents/Home/lib/libzip.dylib
Event: 0.116 Loaded shared library /Users/blueonion/Library/Java/JavaVirtualMachines/openjdk-24.0.1/Contents/Home/lib/libnet.dylib
Event: 0.120 Loaded shared library /Users/blueonion/Library/Java/JavaVirtualMachines/openjdk-24.0.1/Contents/Home/lib/libextnet.dylib
Event: 0.130 Loaded shared library /Users/blueonion/Library/Java/JavaVirtualMachines/openjdk-24.0.1/Contents/Home/lib/libjimage.dylib
Event: 0.185 Loading shared library /Users/blueonion/.m2/repository/org/openjfx/javafx-graphics/23.0.1/libprism_es2.dylib failed, dlopen(/Users/blueonion/.m2/repository/org/openjfx/javafx-graphics/23.0.1/libprism_es2.dylib, 0x0001): tried: '/Users/blueonion/.m2/reposi
Event: 0.214 Loaded shared library /Users/blueonion/.openjfx/cache/23.0.1+4/aarch64/libprism_es2.dylib
Event: 0.275 Loading shared library /Users/blueonion/.m2/repository/org/openjfx/javafx-graphics/23.0.1/libglass.dylib failed, dlopen(/Users/blueonion/.m2/repository/org/openjfx/javafx-graphics/23.0.1/libglass.dylib, 0x0001): tried: '/Users/blueonion/.m2/repository/org
Event: 0.281 Loaded shared library /Users/blueonion/.openjfx/cache/23.0.1+4/aarch64/libglass.dylib
Event: 0.448 Loading shared library /Users/blueonion/.m2/repository/org/openjfx/javafx-graphics/23.0.1/libjavafx_font.dylib failed, dlopen(/Users/blueonion/.m2/repository/org/openjfx/javafx-graphics/23.0.1/libjavafx_font.dylib, 0x0001): tried: '/Users/blueonion/.m2/re
Event: 0.450 Loaded shared library /Users/blueonion/.openjfx/cache/23.0.1+4/aarch64/libjavafx_font.dylib

Deoptimization events (20 events):
Event: 1528.621 Thread 0x0000000ba5c58000 DEOPT PACKING pc=0x000000012a1cb1f8 sp=0x0000000170adea50
Event: 1528.621 Thread 0x0000000ba5c58000 DEOPT UNPACKING pc=0x0000000129c45e5c sp=0x0000000170ade9d0 mode 2
Event: 1696.945 Thread 0x0000000ba5c58000 Uncommon trap: trap_request=0xffffffde fr.pc=0x000000012a1cc194 relative=0x0000000000000554
Event: 1696.945 Thread 0x0000000ba5c58000 Uncommon trap: reason=class_check action=maybe_recompile pc=0x000000012a1cc194 method=com.sun.glass.ui.InvokeLaterDispatcher.run()V @ 9 c2
Event: 1696.945 Thread 0x0000000ba5c58000 DEOPT PACKING pc=0x000000012a1cc194 sp=0x0000000170adea50
Event: 1696.945 Thread 0x0000000ba5c58000 DEOPT UNPACKING pc=0x0000000129c45e5c sp=0x0000000170ade9d0 mode 2
Event: 1696.954 Thread 0x0000000ba5c58800 Uncommon trap: trap_request=0xffffff4d fr.pc=0x000000012a1abd14 relative=0x00000000000000d4
Event: 1696.954 Thread 0x0000000ba5c58800 Uncommon trap: reason=unstable_if action=reinterpret pc=0x000000012a1abd14 method=java.util.concurrent.locks.ReentrantLock$NonfairSync.initialTryLock()Z @ 10 c2
Event: 1696.954 Thread 0x0000000ba5c58800 DEOPT PACKING pc=0x000000012a1abd14 sp=0x000000016dc328e0
Event: 1696.954 Thread 0x0000000ba5c58800 DEOPT UNPACKING pc=0x0000000129c45e5c sp=0x000000016dc32860 mode 2
Event: 1696.954 Thread 0x0000000ba5c58800 Uncommon trap: trap_request=0xffffff4d fr.pc=0x000000012a1a8ffc relative=0x00000000000000fc
Event: 1696.954 Thread 0x0000000ba5c58800 Uncommon trap: reason=unstable_if action=reinterpret pc=0x000000012a1a8ffc method=java.util.concurrent.locks.ReentrantLock$Sync.tryRelease(I)Z @ 26 c2
Event: 1696.954 Thread 0x0000000ba5c58800 DEOPT PACKING pc=0x000000012a1a8ffc sp=0x000000016dc328e0
Event: 1696.954 Thread 0x0000000ba5c58800 DEOPT UNPACKING pc=0x0000000129c45e5c sp=0x000000016dc32860 mode 2
Event: 1696.954 Thread 0x0000000ba62ad000 Uncommon trap: trap_request=0xffffff4d fr.pc=0x000000012a1bde70 relative=0x00000000000003f0
Event: 1696.954 Thread 0x0000000ba62ad000 Uncommon trap: reason=unstable_if action=reinterpret pc=0x000000012a1bde70 method=java.util.concurrent.locks.AbstractQueuedSynchronizer.acquire(Ljava/util/concurrent/locks/AbstractQueuedSynchronizer$Node;IZZZJ)I @ 155 c2
Event: 1696.954 Thread 0x0000000ba62ad000 DEOPT PACKING pc=0x000000012a1bde70 sp=0x00000001708d2500
Event: 1696.954 Thread 0x0000000ba62ad000 DEOPT UNPACKING pc=0x0000000129c45e5c sp=0x00000001708d2450 mode 2
Event: 1696.954 Thread 0x0000000ba62ad000 DEOPT PACKING pc=0x0000000122acd990 sp=0x00000001708d2610
Event: 1696.954 Thread 0x0000000ba62ad000 DEOPT UNPACKING pc=0x0000000129b79ebc sp=0x00000001708d2330 mode 3

Classes loaded (20 events):
Event: 6.777 Loading class jdk/internal/icu/util/CodePointTrie
Event: 6.777 Loading class jdk/internal/icu/util/CodePointMap
Event: 6.777 Loading class jdk/internal/icu/util/CodePointMap done
Event: 6.777 Loading class jdk/internal/icu/util/CodePointTrie done
Event: 6.777 Loading class jdk/internal/icu/util/CodePointTrie$Type
Event: 6.777 Loading class jdk/internal/icu/util/CodePointTrie$Type done
Event: 6.777 Loading class java/nio/ByteBufferAsCharBufferB
Event: 6.777 Loading class java/nio/ByteBufferAsCharBufferB done
Event: 6.777 Loading class jdk/internal/icu/util/CodePointTrie$Small16
Event: 6.777 Loading class jdk/internal/icu/util/CodePointTrie$Small
Event: 6.777 Loading class jdk/internal/icu/util/CodePointTrie$Small done
Event: 6.777 Loading class jdk/internal/icu/util/CodePointTrie$Small16 done
Event: 6.777 Loading class jdk/internal/icu/util/CodePointTrie$Data16
Event: 6.777 Loading class jdk/internal/icu/util/CodePointTrie$Data
Event: 6.777 Loading class jdk/internal/icu/util/CodePointTrie$Data done
Event: 6.777 Loading class jdk/internal/icu/util/CodePointTrie$Data16 done
Event: 6.909 Loading class java/lang/CharacterData01
Event: 6.909 Loading class java/lang/CharacterData01 done
Event: 6.927 Loading class java/lang/FdLibm$Acos
Event: 6.927 Loading class java/lang/FdLibm$Acos done

Classes unloaded (0 events):
No events

Classes redefined (0 events):
No events

Internal exceptions (20 events):
Event: 0.510 Thread 0x0000000ba5c58800 Exception <a 'java/lang/NoSuchMethodError'{0x000000070e07da00}: 'void java.lang.invoke.DelegatingMethodHandle$Holder.reinvoke_L(java.lang.Object, java.lang.Object, double)'> (0x000000070e07da00) 
thrown [open/src/hotspot/share/interpreter/linkResolver.cpp, line 805]
Event: 0.518 Thread 0x0000000ba5c58800 Exception <a 'java/lang/NoSuchMethodError'{0x000000070e1383b8}: 'java.lang.Object java.lang.invoke.Invokers$Holder.invokeExact_MT(java.lang.Object, java.lang.Object, java.lang.Object, java.lang.Object, java.lang.Object, java.lang.Object)'> (0x000000070e1383b8) 
thrown [open/src/hotspot/share/interpreter/linkResolver.cpp, line 805]
Event: 0.519 Thread 0x0000000ba5c58800 Exception <a 'java/lang/NoSuchMethodError'{0x000000070e141008}: 'void java.lang.invoke.DirectMethodHandle$Holder.invokeVirtual(java.lang.Object, java.lang.Object)'> (0x000000070e141008) 
thrown [open/src/hotspot/share/interpreter/linkResolver.cpp, line 805]
Event: 0.535 Thread 0x0000000ba5c58800 Exception <a 'java/io/FileNotFoundException'{0x000000070dea5170}> (0x000000070dea5170) 
thrown [open/src/hotspot/share/prims/jni.cpp, line 518]
Event: 0.659 Thread 0x0000000ba5c58800 Exception <a 'java/lang/NoSuchMethodError'{0x000000070d927a00}: 'java.lang.Object java.lang.invoke.DirectMethodHandle$Holder.invokeInterface(java.lang.Object, java.lang.Object, java.lang.Object)'> (0x000000070d927a00) 
thrown [open/src/hotspot/share/interpreter/linkResolver.cpp, line 805]
Event: 0.660 Thread 0x0000000ba5c58800 Exception <a 'java/lang/IncompatibleClassChangeError'{0x000000070d92fa58}: Found class java.lang.Object, but interface was expected> (0x000000070d92fa58) 
thrown [open/src/hotspot/share/interpreter/linkResolver.cpp, line 872]
Event: 0.728 Thread 0x0000000ba5c58800 Exception <a 'java/lang/NoSuchMethodError'{0x000000070d158910}: 'int java.lang.invoke.DirectMethodHandle$Holder.invokeSpecial(java.lang.Object, java.lang.Object, int)'> (0x000000070d158910) 
thrown [open/src/hotspot/share/interpreter/linkResolver.cpp, line 805]
Event: 0.729 Thread 0x0000000ba5c58800 Exception <a 'java/lang/NoSuchMethodError'{0x000000070d171e60}: 'int java.lang.invoke.DirectMethodHandle$Holder.invokeSpecial(java.lang.Object, java.lang.Object, java.lang.Object)'> (0x000000070d171e60) 
thrown [open/src/hotspot/share/interpreter/linkResolver.cpp, line 805]
Event: 0.740 Thread 0x0000000ba5c58800 Exception <a 'java/lang/NoSuchMethodError'{0x000000070d1c7a70}: 'java.lang.Object java.lang.invoke.DirectMethodHandle$Holder.newInvokeSpecial(java.lang.Object, java.lang.Object, int)'> (0x000000070d1c7a70) 
thrown [open/src/hotspot/share/interpreter/linkResolver.cpp, line 805]
Event: 0.790 Thread 0x0000000ba62ad000 Exception <a 'java/lang/NoSuchMethodError'{0x000000070fc464d0}: 'int java.lang.invoke.DirectMethodHandle$Holder.invokeStaticInit(java.lang.Object, java.lang.Object)'> (0x000000070fc464d0) 
thrown [open/src/hotspot/share/interpreter/linkResolver.cpp, line 805]
Event: 0.813 Thread 0x0000000ba62ad000 Exception <a 'java/lang/NoSuchMethodError'{0x000000070fd44748}: 'java.lang.Object java.lang.invoke.DirectMethodHandle$Holder.invokeStaticInit(java.lang.Object, int)'> (0x000000070fd44748) 
thrown [open/src/hotspot/share/interpreter/linkResolver.cpp, line 805]
Event: 0.864 Thread 0x0000000ba5c58800 Exception <a 'java/lang/NoSuchMethodError'{0x000000070fe5b168}: 'long java.lang.invoke.DirectMethodHandle$Holder.invokeStaticInit(java.lang.Object, java.lang.Object, java.lang.Object)'> (0x000000070fe5b168) 
thrown [open/src/hotspot/share/interpreter/linkResolver.cpp, line 805]
Event: 0.865 Thread 0x0000000ba5c58800 Exception <a 'java/lang/NoSuchMethodError'{0x000000070fea5fc0}: 'java.lang.Object java.lang.invoke.DirectMethodHandle$Holder.newInvokeSpecial(java.lang.Object, java.lang.Object, long)'> (0x000000070fea5fc0) 
thrown [open/src/hotspot/share/interpreter/linkResolver.cpp, line 805]
Event: 0.865 Thread 0x0000000ba5c58800 Exception <a 'java/lang/NoSuchMethodError'{0x000000070feae918}: 'java.lang.Object java.lang.invoke.Invokers$Holder.linkToTargetMethod(java.lang.Object, long, java.lang.Object)'> (0x000000070feae918) 
thrown [open/src/hotspot/share/interpreter/linkResolver.cpp, line 805]
Event: 6.709 Thread 0x0000000ba5c58800 Exception <a 'java/lang/NoSuchMethodError'{0x000000070f7dec88}: 'void java.lang.invoke.DirectMethodHandle$Holder.invokeSpecial(java.lang.Object, java.lang.Object, int)'> (0x000000070f7dec88) 
thrown [open/src/hotspot/share/interpreter/linkResolver.cpp, line 805]
Event: 6.709 Thread 0x0000000ba5c58800 Exception <a 'java/lang/NoSuchMethodError'{0x000000070f7ef218}: 'void java.lang.invoke.DelegatingMethodHandle$Holder.reinvoke_L(java.lang.Object, java.lang.Object, int)'> (0x000000070f7ef218) 
thrown [open/src/hotspot/share/interpreter/linkResolver.cpp, line 805]
Event: 6.789 Thread 0x0000000ba5c58800 Exception <a 'java/io/FileNotFoundException'{0x000000070edf4cd8}> (0x000000070edf4cd8) 
thrown [open/src/hotspot/share/prims/jni.cpp, line 518]
Event: 6.792 Thread 0x0000000ba5c58800 Exception <a 'java/io/FileNotFoundException'{0x000000070eb0ed40}> (0x000000070eb0ed40) 
thrown [open/src/hotspot/share/prims/jni.cpp, line 518]
Event: 6.796 Thread 0x0000000ba5c58800 Exception <a 'java/io/FileNotFoundException'{0x000000070ebf7ed8}> (0x000000070ebf7ed8) 
thrown [open/src/hotspot/share/prims/jni.cpp, line 518]
Event: 6.796 Thread 0x0000000ba5c58800 Exception <a 'java/io/FileNotFoundException'{0x000000070ebfbd08}> (0x000000070ebfbd08) 
thrown [open/src/hotspot/share/prims/jni.cpp, line 518]

VM Operations (20 events):
Event: 1502.179 Executing VM operation: HandshakeAllThreads (HandshakeForDeflation)
Event: 1502.179 Executing VM operation: HandshakeAllThreads (HandshakeForDeflation) done
Event: 1502.179 Executing VM operation: RendezvousGCThreads
Event: 1502.179 Executing VM operation: RendezvousGCThreads done
Event: 1562.255 Executing VM operation: HandshakeAllThreads (HandshakeForDeflation)
Event: 1562.255 Executing VM operation: HandshakeAllThreads (HandshakeForDeflation) done
Event: 1562.255 Executing VM operation: RendezvousGCThreads
Event: 1562.255 Executing VM operation: RendezvousGCThreads done
Event: 1622.320 Executing VM operation: HandshakeAllThreads (HandshakeForDeflation)
Event: 1622.320 Executing VM operation: HandshakeAllThreads (HandshakeForDeflation) done
Event: 1622.320 Executing VM operation: RendezvousGCThreads
Event: 1622.320 Executing VM operation: RendezvousGCThreads done
Event: 1682.363 Executing VM operation: HandshakeAllThreads (HandshakeForDeflation)
Event: 1682.363 Executing VM operation: HandshakeAllThreads (HandshakeForDeflation) done
Event: 1682.363 Executing VM operation: RendezvousGCThreads
Event: 1682.363 Executing VM operation: RendezvousGCThreads done
Event: 1742.438 Executing VM operation: HandshakeAllThreads (HandshakeForDeflation)
Event: 1742.439 Executing VM operation: HandshakeAllThreads (HandshakeForDeflation) done
Event: 1742.439 Executing VM operation: RendezvousGCThreads
Event: 1742.439 Executing VM operation: RendezvousGCThreads done

Memory protections (20 events):
Event: 0.017 Protecting memory [0x000000016f87c000,0x000000016f888000] with protection modes 0
Event: 0.017 Protecting memory [0x000000016fa88000,0x000000016fa94000] with protection modes 0
Event: 0.044 Protecting memory [0x000000016fc94000,0x000000016fca0000] with protection modes 0
Event: 0.053 Protecting memory [0x000000016fea0000,0x000000016feac000] with protection modes 0
Event: 0.115 Protecting memory [0x00000001700ac000,0x00000001700b8000] with protection modes 0
Event: 0.115 Protecting memory [0x00000001702b8000,0x00000001702c4000] with protection modes 0
Event: 0.121 Protecting memory [0x00000001704c4000,0x00000001704d0000] with protection modes 0
Event: 0.180 Protecting memory [0x00000001706d0000,0x00000001706dc000] with protection modes 0
Event: 0.284 Protecting memory [0x00000001708dc000,0x00000001708e8000] with protection modes 0
Event: 0.285 Protecting memory [0x000000016d440000,0x000000016d44c000] with protection modes 0
Event: 0.357 Protecting memory [0x0000000170c00000,0x0000000170c0c000] with protection modes 0
Event: 0.656 Protecting memory [0x0000000170c8c000,0x0000000170c98000] with protection modes 0
Event: 0.875 Protecting memory [0x0000000171e04000,0x0000000171e10000] with protection modes 0
Event: 1.007 Protecting memory [0x000000016fea0000,0x000000016feac000] with protection modes 3
Event: 6.716 Protecting memory [0x000000016fea0000,0x000000016feac000] with protection modes 0
Event: 1696.955 Protecting memory [0x00000001704c4000,0x00000001704d0000] with protection modes 3
Event: 1696.955 Protecting memory [0x000000016dcc8000,0x000000016dcd4000] with protection modes 3
Event: 1696.955 Protecting memory [0x000000016dcc8000,0x000000016dcd4000] with protection modes 0
Event: 1696.955 Protecting memory [0x00000001706d0000,0x00000001706dc000] with protection modes 3
Event: 1696.955 Protecting memory [0x000000016d440000,0x000000016d44c000] with protection modes 3

Nmethod flushes (0 events):
No events

Events (20 events):
Event: 0.017 Thread 0x000000010299aa30 Thread added: 0x0000000ba6dd2000
Event: 0.017 Thread 0x000000010299aa30 Thread added: 0x0000000ba6dd2800
Event: 0.044 Thread 0x000000010299aa30 Thread added: 0x0000000ba6dd3000
Event: 0.053 Thread 0x0000000ba6dd2000 Thread added: 0x0000000ba6f48000
Event: 0.115 Thread 0x000000010299aa30 Thread added: 0x0000000ba6f49800
Event: 0.115 Thread 0x000000010299aa30 Thread added: 0x0000000ba6f4a000
Event: 0.121 Thread 0x000000010299aa30 Thread added: 0x0000000ba6f4b000
Event: 0.180 Thread 0x0000000ba6f4b000 Thread added: 0x0000000ba62ad000
Event: 0.284 Thread 0x0000000ba6f4b000 Thread added: 0x0000000ba5c58000
Event: 0.285 Thread 0x0000000ba5c58800 Thread added: 0x0000000ba5c58800
Event: 0.357 Thread 0x0000000ba5c5a800 Thread added: 0x0000000ba5c5a800
Event: 0.656 Thread 0x0000000ba5c58800 Thread added: 0x0000000ba5f0c000
Event: 0.875 Thread 0x0000000ba62ad000 Thread added: 0x0000000ba5eab000
Event: 1.007 Thread 0x0000000ba6f48000 Thread exited: 0x0000000ba6f48000
Event: 6.716 Thread 0x0000000ba5c58800 Thread added: 0x0000000ba5ae1000
Event: 1696.955 Thread 0x0000000ba6f4b000 Thread exited: 0x0000000ba6f4b000
Event: 1696.955 Thread 0x000000010299aa30 Thread exited: 0x000000010299aa30
Event: 1696.955 Thread 0x0000000ba68f9000 Thread added: 0x0000000ba68f9000
Event: 1696.955 Thread 0x0000000ba62ad000 Thread exited: 0x0000000ba62ad000
Event: 1696.955 Thread 0x0000000ba5c58800 Thread exited: 0x0000000ba5c58800


Dynamic libraries:
0x0000000102204000 	/Users/blueonion/Library/Java/JavaVirtualMachines/openjdk-24.0.1/Contents/Home/lib/libjli.dylib
0x00000001a52db000 	/System/Library/Frameworks/ApplicationServices.framework/Versions/A/ApplicationServices
0x000000018fb48000 	/System/Library/Frameworks/CoreGraphics.framework/Versions/A/CoreGraphics
0x000000018bc83000 	/System/Library/Frameworks/CoreText.framework/Versions/A/CoreText
0x0000000195c44000 	/System/Library/Frameworks/ImageIO.framework/Versions/A/ImageIO
0x00000001902a2000 	/System/Library/Frameworks/ColorSync.framework/Versions/A/ColorSync
0x000000019cb10000 	/System/Library/Frameworks/ApplicationServices.framework/Versions/A/Frameworks/ATS.framework/Versions/A/ATS
0x00000001a0d3c000 	/System/Library/Frameworks/CoreServices.framework/Versions/A/CoreServices
0x000000019044e000 	/System/Library/Frameworks/ApplicationServices.framework/Versions/A/Frameworks/HIServices.framework/Versions/A/HIServices
0x000000019b1c1000 	/System/Library/Frameworks/ApplicationServices.framework/Versions/A/Frameworks/PrintCore.framework/Versions/A/PrintCore
0x000000019ced2000 	/System/Library/Frameworks/ApplicationServices.framework/Versions/A/Frameworks/QD.framework/Versions/A/QD
0x000000019cecd000 	/System/Library/Frameworks/ApplicationServices.framework/Versions/A/Frameworks/ColorSyncLegacy.framework/Versions/A/ColorSyncLegacy
0x000000019cae2000 	/System/Library/Frameworks/ApplicationServices.framework/Versions/A/Frameworks/SpeechSynthesis.framework/Versions/A/SpeechSynthesis
0x000000019886f000 	/usr/lib/libSystem.B.dylib
0x000000018f581000 	/System/Library/PrivateFrameworks/SkyLight.framework/Versions/A/SkyLight
0x0000000190c97000 	/System/Library/PrivateFrameworks/ProtocolBuffer.framework/Versions/A/ProtocolBuffer
0x0000000198874000 	/System/Library/PrivateFrameworks/SoftLinking.framework/Versions/A/SoftLinking
0x000000018ca87000 	/usr/lib/libicucore.A.dylib
0x00000001925ff000 	/System/Library/PrivateFrameworks/CoreAnalytics.framework/Versions/A/CoreAnalytics
0x0000000195615000 	/System/Library/PrivateFrameworks/FontServices.framework/libFontParser.dylib
0x00000001a0fb3000 	/System/Library/Frameworks/Accelerate.framework/Versions/A/Accelerate
0x0000000195123000 	/System/Library/Frameworks/IOSurface.framework/Versions/A/IOSurface
0x0000000193358000 	/usr/lib/libxml2.2.dylib
0x000000018f0ea000 	/System/Library/Frameworks/CFNetwork.framework/Versions/A/CFNetwork
0x0000000188ddf000 	/System/Library/Frameworks/CoreFoundation.framework/Versions/A/CoreFoundation
0x000000018a632000 	/System/Library/Frameworks/Foundation.framework/Versions/C/Foundation
0x00000001987b8000 	/usr/lib/libz.1.dylib
0x0000000188948000 	/usr/lib/libobjc.A.dylib
0x0000000188cae000 	/usr/lib/libc++.1.dylib
0x000000018c662000 	/System/Library/Frameworks/Security.framework/Versions/A/Security
0x00000002426a2000 	/System/Library/PrivateFrameworks/CollectionsInternal.framework/Versions/A/CollectionsInternal
0x000000019c1d7000 	/usr/lib/swift/libswiftCore.dylib
0x00000001b57a7000 	/usr/lib/swift/libswiftCoreFoundation.dylib
0x00000001a2a66000 	/usr/lib/swift/libswiftDispatch.dylib
0x00000001b5801000 	/usr/lib/swift/libswiftIOKit.dylib
0x00000001a592c000 	/usr/lib/swift/libswiftObjectiveC.dylib
0x00000001b57b9000 	/usr/lib/swift/libswiftXPC.dylib
0x00000002881a3000 	/usr/lib/swift/libswift_Builtin_float.dylib
0x000000023f488000 	/System/Library/PrivateFrameworks/BiomeLibrary.framework/Versions/A/BiomeLibrary
0x0000000190f3c000 	/System/Library/PrivateFrameworks/BaseBoard.framework/Versions/A/BaseBoard
0x00000001a2dca000 	/System/Library/PrivateFrameworks/BoardServices.framework/Versions/A/BoardServices
0x00000001a4b9d000 	/System/Library/PrivateFrameworks/BackBoardServices.framework/Versions/A/BackBoardServices
0x000000023f3a1000 	/System/Library/PrivateFrameworks/BackBoardHIDEventFoundation.framework/Versions/A/BackBoardHIDEventFoundation
0x000000019343f000 	/System/Library/Frameworks/CoreVideo.framework/Versions/A/CoreVideo
0x000000019262f000 	/usr/lib/libDiagnosticMessagesClient.dylib
0x000000018b794000 	/System/Library/Frameworks/CoreDisplay.framework/Versions/A/CoreDisplay
0x0000000197b06000 	/usr/lib/libbsm.0.dylib
0x000000019aaf8000 	/System/Library/Frameworks/VideoToolbox.framework/Versions/A/VideoToolbox
0x0000000198a92000 	/System/Library/Frameworks/MetalPerformanceShaders.framework/Versions/A/MetalPerformanceShaders
0x00000001977d6000 	/System/Library/PrivateFrameworks/IOMobileFramebuffer.framework/Versions/A/IOMobileFramebuffer
0x000000026888d000 	/System/Library/PrivateFrameworks/ProDisplayLibrary.framework/Versions/A/ProDisplayLibrary
0x00000001a897d000 	/System/Library/PrivateFrameworks/IOSurfaceAccelerator.framework/Versions/A/IOSurfaceAccelerator
0x000000019102d000 	/System/Library/PrivateFrameworks/RunningBoardServices.framework/Versions/A/RunningBoardServices
0x000000018a291000 	/System/Library/Frameworks/SystemConfiguration.framework/Versions/A/SystemConfiguration
0x000000019514b000 	/System/Library/Frameworks/Metal.framework/Versions/A/Metal
0x0000000195140000 	/System/Library/PrivateFrameworks/IOAccelerator.framework/Versions/A/IOAccelerator
0x0000000195458000 	/System/Library/Frameworks/CoreMedia.framework/Versions/A/CoreMedia
0x000000018f55c000 	/System/Library/PrivateFrameworks/TCC.framework/Versions/A/TCC
0x000000018f4c3000 	/usr/lib/libMobileGestalt.dylib
0x000000019aab0000 	/System/Library/PrivateFrameworks/WatchdogClient.framework/Versions/A/WatchdogClient
0x0000000192b64000 	/System/Library/Frameworks/QuartzCore.framework/Versions/A/QuartzCore
0x000000018d0df000 	/System/Library/Frameworks/IOKit.framework/Versions/A/IOKit
0x0000000198a9b000 	/usr/lib/libcompression.dylib
0x000000019aab2000 	/System/Library/PrivateFrameworks/MultitouchSupport.framework/Versions/A/MultitouchSupport
0x00000001ccf9f000 	/usr/lib/swift/libswiftAccelerate.dylib
0x00000001b5787000 	/usr/lib/swift/libswiftCoreAudio.dylib
0x00000001d0fe7000 	/usr/lib/swift/libswiftCoreMedia.dylib
0x00000001c3409000 	/usr/lib/swift/libswiftMetal.dylib
0x00000001d278e000 	/usr/lib/swift/libswiftOSLog.dylib
0x00000001c8722000 	/usr/lib/swift/libswiftQuartzCore.dylib
0x00000001ccf90000 	/usr/lib/swift/libswiftUniformTypeIdentifiers.dylib
0x000000028818b000 	/usr/lib/swift/libswiftVideoToolbox.dylib
0x00000001a5930000 	/usr/lib/swift/libswiftos.dylib
0x00000001b9266000 	/usr/lib/swift/libswiftsimd.dylib
0x00000001c4429000 	/System/Library/PrivateFrameworks/BiomeStreams.framework/Versions/A/BiomeStreams
0x00000001ca548000 	/System/Library/PrivateFrameworks/BiomeStorage.framework/Versions/A/BiomeStorage
0x00000001c05f4000 	/System/Library/PrivateFrameworks/BiomeFoundation.framework/Versions/A/BiomeFoundation
0x0000000259d53000 	/System/Library/PrivateFrameworks/IntelligencePlatformLibrary.framework/Versions/A/IntelligencePlatformLibrary
0x0000000190cb3000 	/usr/lib/libsqlite3.dylib
0x0000000267b8c000 	/System/Library/PrivateFrameworks/PoirotSchematizer.framework/Versions/A/PoirotSchematizer
0x000000023fcd0000 	/System/Library/PrivateFrameworks/BiomeSync.framework/Versions/A/BiomeSync
0x000000023f46e000 	/System/Library/PrivateFrameworks/BiomeDSL.framework/Versions/A/BiomeDSL
0x00000001ca4ea000 	/System/Library/PrivateFrameworks/BiomePubSub.framework/Versions/A/BiomePubSub
0x00000001b566d000 	/System/Library/PrivateFrameworks/LoggingSupport.framework/Versions/A/LoggingSupport
0x00000001a68e6000 	/System/Library/PrivateFrameworks/ProactiveSupport.framework/Versions/A/ProactiveSupport
0x00000001e2eba000 	/System/Library/PrivateFrameworks/FeatureFlags.framework/Versions/A/FeatureFlags
0x00000001db01a000 	/System/Library/PrivateFrameworks/InternalSwiftProtobuf.framework/Versions/A/InternalSwiftProtobuf
0x0000000267bf6000 	/System/Library/PrivateFrameworks/PoirotUDFs.framework/Versions/A/PoirotUDFs
0x0000000288311000 	/usr/lib/swift/libswift_StringProcessing.dylib
0x0000000198869000 	/usr/lib/system/libcache.dylib
0x0000000198824000 	/usr/lib/system/libcommonCrypto.dylib
0x000000019884f000 	/usr/lib/system/libcompiler_rt.dylib
0x0000000198844000 	/usr/lib/system/libcopyfile.dylib
0x0000000188ae8000 	/usr/lib/system/libcorecrypto.dylib
0x0000000188be1000 	/usr/lib/system/libdispatch.dylib
0x000000018899c000 	/usr/lib/system/libdyld.dylib
0x000000019885f000 	/usr/lib/system/libkeymgr.dylib
0x0000000198807000 	/usr/lib/system/libmacho.dylib
0x0000000197ade000 	/usr/lib/system/libquarantine.dylib
0x000000019885c000 	/usr/lib/system/libremovefile.dylib
0x000000018f544000 	/usr/lib/system/libsystem_asl.dylib
0x0000000188a6d000 	/usr/lib/system/libsystem_blocks.dylib
0x0000000188c2b000 	/usr/lib/system/libsystem_c.dylib
0x0000000198853000 	/usr/lib/system/libsystem_collections.dylib
0x0000000196540000 	/usr/lib/system/libsystem_configuration.dylib
0x00000001950ea000 	/usr/lib/system/libsystem_containermanager.dylib
0x000000019826e000 	/usr/lib/system/libsystem_coreservices.dylib
0x000000018cd59000 	/usr/lib/system/libsystem_darwin.dylib
0x00000002884f9000 	/usr/lib/system/libsystem_darwindirectory.dylib
0x0000000198860000 	/usr/lib/system/libsystem_dnssd.dylib
0x00000002884fd000 	/usr/lib/system/libsystem_eligibility.dylib
0x0000000188c28000 	/usr/lib/system/libsystem_featureflags.dylib
0x0000000188daf000 	/usr/lib/system/libsystem_info.dylib
0x00000001987c8000 	/usr/lib/system/libsystem_m.dylib
0x0000000188b95000 	/usr/lib/system/libsystem_malloc.dylib
0x000000018f4a6000 	/usr/lib/system/libsystem_networkextension.dylib
0x000000018d1ca000 	/usr/lib/system/libsystem_notify.dylib
0x0000000196545000 	/usr/lib/system/libsystem_sandbox.dylib
0x0000000288507000 	/usr/lib/system/libsystem_sanitizers.dylib
0x0000000198858000 	/usr/lib/system/libsystem_secinit.dylib
0x0000000188d5c000 	/usr/lib/system/libsystem_kernel.dylib
0x0000000188da6000 	/usr/lib/system/libsystem_platform.dylib
0x0000000188d99000 	/usr/lib/system/libsystem_pthread.dylib
0x0000000191120000 	/usr/lib/system/libsystem_symptoms.dylib
0x0000000188ac7000 	/usr/lib/system/libsystem_trace.dylib
0x000000028850f000 	/usr/lib/system/libsystem_trial.dylib
0x0000000198832000 	/usr/lib/system/libunwind.dylib
0x0000000188a71000 	/usr/lib/system/libxpc.dylib
0x0000000188d41000 	/usr/lib/libc++abi.dylib
0x0000000286de9000 	/usr/lib/libRosetta.dylib
0x0000000287d3a000 	/usr/lib/libswiftPrespecialized.dylib
0x000000019330e000 	/System/Library/PrivateFrameworks/CoreAutoLayout.framework/Versions/A/CoreAutoLayout
0x0000000198871000 	/usr/lib/libfakelink.dylib
0x0000000192723000 	/System/Library/Frameworks/DiskArbitration.framework/Versions/A/DiskArbitration
0x00000001988c5000 	/usr/lib/libarchive.2.dylib
0x0000000196553000 	/usr/lib/liblangid.dylib
0x000000019ea47000 	/System/Library/Frameworks/Combine.framework/Versions/A/Combine
0x0000000269821000 	/System/Library/PrivateFrameworks/ReflectionInternal.framework/Versions/A/ReflectionInternal
0x000000026a6ad000 	/System/Library/PrivateFrameworks/RuntimeInternal.framework/Versions/A/RuntimeInternal
0x00000001b264e000 	/usr/lib/swift/libswiftDarwin.dylib
0x0000000288171000 	/usr/lib/swift/libswiftSystem.dylib
0x00000002881a6000 	/usr/lib/swift/libswift_Concurrency.dylib
0x0000000288230000 	/usr/lib/swift/libswift_DarwinFoundation1.dylib
0x000000018d05e000 	/System/Library/PrivateFrameworks/CoreServicesInternal.framework/Versions/A/CoreServicesInternal
0x000000019883c000 	/usr/lib/liboah.dylib
0x00000001a4d79000 	/System/Library/PrivateFrameworks/DiskImages.framework/Versions/A/DiskImages
0x00000001b2110000 	/System/Library/Frameworks/NetFS.framework/Versions/A/NetFS
0x00000001932d2000 	/System/Library/Frameworks/CoreServices.framework/Versions/A/Frameworks/FSEvents.framework/Versions/A/FSEvents
0x000000018cd64000 	/System/Library/Frameworks/CoreServices.framework/Versions/A/Frameworks/CarbonCore.framework/Versions/A/CarbonCore
0x0000000192697000 	/System/Library/Frameworks/CoreServices.framework/Versions/A/Frameworks/Metadata.framework/Versions/A/Metadata
0x0000000198276000 	/System/Library/Frameworks/CoreServices.framework/Versions/A/Frameworks/OSServices.framework/Versions/A/OSServices
0x00000001989bd000 	/System/Library/Frameworks/CoreServices.framework/Versions/A/Frameworks/SearchKit.framework/Versions/A/SearchKit
0x0000000191099000 	/System/Library/Frameworks/CoreServices.framework/Versions/A/Frameworks/AE.framework/Versions/A/AE
0x0000000189329000 	/System/Library/Frameworks/CoreServices.framework/Versions/A/Frameworks/LaunchServices.framework/Versions/A/LaunchServices
0x0000000199dde000 	/System/Library/Frameworks/CoreServices.framework/Versions/A/Frameworks/DictionaryServices.framework/Versions/A/DictionaryServices
0x00000001932e0000 	/System/Library/Frameworks/CoreServices.framework/Versions/A/Frameworks/SharedFileList.framework/Versions/A/SharedFileList
0x0000000198a52000 	/usr/lib/libapple_nghttp2.dylib
0x00000001a4fc1000 	/System/Library/PrivateFrameworks/AppSupport.framework/Versions/A/AppSupport
0x000000019cf09000 	/System/Library/Frameworks/GSS.framework/Versions/A/GSS
0x000000019b2d8000 	/System/Library/PrivateFrameworks/InternationalSupport.framework/Versions/A/InternationalSupport
0x00000001a58ba000 	/System/Library/PrivateFrameworks/StreamingZip.framework/Versions/A/StreamingZip
0x000000018f4c1000 	/usr/lib/libenergytrace.dylib
0x0000000191129000 	/System/Library/Frameworks/Network.framework/Versions/A/Network
0x000000019880b000 	/usr/lib/system/libkxld.dylib
0x000000023df03000 	/System/Library/PrivateFrameworks/AppleKeyStore.framework/Versions/A/AppleKeyStore
0x0000000286acc000 	/usr/lib/libCoreEntitlements.dylib
0x000000025f6f3000 	/System/Library/PrivateFrameworks/MessageSecurity.framework/Versions/A/MessageSecurity
0x00000001a1e67000 	/System/Library/PrivateFrameworks/SymptomDiagnosticReporter.framework/Versions/A/SymptomDiagnosticReporter
0x000000019a022000 	/System/Library/PrivateFrameworks/CrashReporterSupport.framework/Versions/A/CrashReporterSupport
0x0000000198255000 	/System/Library/PrivateFrameworks/AppleFSCompression.framework/Versions/A/AppleFSCompression
0x0000000197aee000 	/usr/lib/libcoretls.dylib
0x0000000199e55000 	/usr/lib/libcoretls_cfhelpers.dylib
0x0000000198a94000 	/usr/lib/libpam.2.dylib
0x0000000199ec7000 	/usr/lib/libxar.1.dylib
0x0000000199e57000 	/System/Library/PrivateFrameworks/APFS.framework/Versions/A/APFS
0x0000000275159000 	/System/Library/PrivateFrameworks/SwiftASN1Internal.framework/Versions/A/SwiftASN1Internal
0x0000000199ed6000 	/usr/lib/libutil.dylib
0x000000019654e000 	/System/Library/PrivateFrameworks/AppleSystemInfo.framework/Versions/A/AppleSystemInfo
0x000000019cf6c000 	/System/Library/PrivateFrameworks/MobileAsset.framework/Versions/A/MobileAsset
0x00000001a1e77000 	/System/Library/PrivateFrameworks/PowerLog.framework/Versions/A/PowerLog
0x0000000237418000 	/System/Library/Frameworks/SwiftData.framework/Versions/A/SwiftData
0x000000018eb20000 	/System/Library/Frameworks/UniformTypeIdentifiers.framework/Versions/A/UniformTypeIdentifiers
0x0000000193505000 	/System/Library/PrivateFrameworks/UserManagement.framework/Versions/A/UserManagement
0x000000018f015000 	/usr/lib/libboringssl.dylib
0x000000019110e000 	/usr/lib/libdns_services.dylib
0x00000001b46a4000 	/usr/lib/libquic.dylib
0x000000019c167000 	/usr/lib/libusrtcp.dylib
0x000000023ecf5000 	/System/Library/PrivateFrameworks/AtomicsInternal.framework/Versions/A/AtomicsInternal
0x0000000288001000 	/usr/lib/swift/libswiftDistributed.dylib
0x000000028802a000 	/usr/lib/swift/libswiftObservation.dylib
0x0000000288169000 	/usr/lib/swift/libswiftSynchronization.dylib
0x000000019654c000 	/System/Library/PrivateFrameworks/AggregateDictionary.framework/Versions/A/AggregateDictionary
0x00000001908ac000 	/System/Library/Frameworks/CoreData.framework/Versions/A/CoreData
0x0000000199e36000 	/usr/lib/liblzma.5.dylib
0x00000001979e7000 	/System/Library/PrivateFrameworks/MobileKeyBag.framework/Versions/A/MobileKeyBag
0x00000001a52dc000 	/System/Library/PrivateFrameworks/InternationalTextSearch.framework/Versions/A/InternationalTextSearch
0x00000001bcaf8000 	/System/Library/PrivateFrameworks/SoftwareUpdateCoreSupport.framework/Versions/A/SoftwareUpdateCoreSupport
0x00000001c4ead000 	/System/Library/PrivateFrameworks/SoftwareUpdateCoreConnect.framework/Versions/A/SoftwareUpdateCoreConnect
0x00000001a4e77000 	/System/Library/PrivateFrameworks/RemoteServiceDiscovery.framework/Versions/A/RemoteServiceDiscovery
0x00000001bc6ef000 	/System/Library/PrivateFrameworks/MSUDataAccessor.framework/Versions/A/MSUDataAccessor
0x00000001b77c9000 	/usr/lib/libbootpolicy.dylib
0x00000001a4e8e000 	/System/Library/PrivateFrameworks/RemoteXPC.framework/Versions/A/RemoteXPC
0x00000001c42f5000 	/usr/lib/libFDR.dylib
0x00000001ca10b000 	/usr/lib/libamsupport.dylib
0x0000000286de1000 	/usr/lib/libReverseProxyDevice.dylib
0x000000023d82c000 	/System/Library/PrivateFrameworks/AppleDeviceQuerySupport.framework/Versions/A/AppleDeviceQuerySupport
0x00000001cd19f000 	/usr/lib/libpartition2_dynamic.dylib
0x0000000198a2e000 	/System/Library/PrivateFrameworks/AppleSauce.framework/Versions/A/AppleSauce
0x000000028696d000 	/usr/lib/libAppleArchive.dylib
0x0000000198261000 	/usr/lib/libbz2.1.0.dylib
0x000000019272d000 	/System/Library/Frameworks/Accelerate.framework/Versions/A/Frameworks/vImage.framework/Versions/A/vImage
0x00000001a0d16000 	/System/Library/Frameworks/Accelerate.framework/Versions/A/Frameworks/vecLib.framework/Versions/A/vecLib
0x0000000199f0d000 	/System/Library/Frameworks/Accelerate.framework/Versions/A/Frameworks/vecLib.framework/Versions/A/libvMisc.dylib
0x0000000189829000 	/System/Library/Frameworks/Accelerate.framework/Versions/A/Frameworks/vecLib.framework/Versions/A/libBLAS.dylib
0x000000022cf70000 	/System/Library/Frameworks/OpenGL.framework/Versions/A/OpenGL
0x0000000250531000 	/System/Library/PrivateFrameworks/GPUCompiler.framework/Versions/32023/Libraries/libllvm-flatbuffers.dylib
0x000000024ae3d000 	/System/Library/PrivateFrameworks/FramePacing.framework/Versions/A/FramePacing
0x000000022cf62000 	/System/Library/Frameworks/OpenGL.framework/Versions/A/Libraries/libCoreFSCache.dylib
0x000000024bf7e000 	/System/Library/PrivateFrameworks/GPUCompiler.framework/Versions/32023/Libraries/libGPUCompilerUtils.dylib
0x000000022cfc1000 	/System/Library/Frameworks/OpenGL.framework/Versions/A/Libraries/libGLU.dylib
0x000000022cf84000 	/System/Library/Frameworks/OpenGL.framework/Versions/A/Libraries/libGFXShared.dylib
0x000000022d150000 	/System/Library/Frameworks/OpenGL.framework/Versions/A/Libraries/libGL.dylib
0x000000022cf8d000 	/System/Library/Frameworks/OpenGL.framework/Versions/A/Libraries/libGLImage.dylib
0x000000022cf81000 	/System/Library/Frameworks/OpenGL.framework/Versions/A/Libraries/libCVMSPluginSupport.dylib
0x000000022cf6a000 	/System/Library/Frameworks/OpenGL.framework/Versions/A/Libraries/libCoreVMClient.dylib
0x0000000197666000 	/System/Library/Frameworks/Accelerate.framework/Versions/A/Frameworks/vecLib.framework/Versions/A/libvDSP.dylib
0x0000000198b72000 	/System/Library/Frameworks/Accelerate.framework/Versions/A/Frameworks/vecLib.framework/Versions/A/libLAPACK.dylib
0x0000000197b7c000 	/System/Library/Frameworks/Accelerate.framework/Versions/A/Frameworks/vecLib.framework/Versions/A/libLinearAlgebra.dylib
0x0000000198a6b000 	/System/Library/Frameworks/Accelerate.framework/Versions/A/Frameworks/vecLib.framework/Versions/A/libSparseBLAS.dylib
0x0000000198b6d000 	/System/Library/Frameworks/Accelerate.framework/Versions/A/Frameworks/vecLib.framework/Versions/A/libQuadrature.dylib
0x000000019667e000 	/System/Library/Frameworks/Accelerate.framework/Versions/A/Frameworks/vecLib.framework/Versions/A/libBNNS.dylib
0x000000018a11e000 	/System/Library/Frameworks/Accelerate.framework/Versions/A/Frameworks/vecLib.framework/Versions/A/libSparse.dylib
0x000000025be7a000 	/System/Library/PrivateFrameworks/MIL.framework/Versions/A/MIL
0x00000001c737e000 	/System/Library/PrivateFrameworks/OSAnalytics.framework/Versions/A/OSAnalytics
0x0000000248c35000 	/System/Library/PrivateFrameworks/DeviceRecovery.framework/Versions/A/DeviceRecovery
0x00000001a31d0000 	/System/Library/PrivateFrameworks/CoreSymbolication.framework/Versions/A/CoreSymbolication
0x00000001d67e9000 	/System/Library/PrivateFrameworks/Symbolication.framework/Versions/A/Symbolication
0x00000001a31ad000 	/System/Library/PrivateFrameworks/DebugSymbols.framework/Versions/A/DebugSymbols
0x00000001b56fa000 	/System/Library/PrivateFrameworks/MallocStackLogging.framework/Versions/A/MallocStackLogging
0x0000000288271000 	/usr/lib/swift/libswift_RegexParser.dylib
0x00000001a1d61000 	/System/Library/Frameworks/CoreBluetooth.framework/Versions/A/CoreBluetooth
0x000000019d0dc000 	/System/Library/PrivateFrameworks/CorePhoneNumbers.framework/Versions/A/CorePhoneNumbers
0x00000001988aa000 	/usr/lib/libiconv.2.dylib
0x0000000198806000 	/usr/lib/libcharset.1.dylib
0x000000022ef10000 	/System/Library/Frameworks/ExtensionFoundation.framework/Versions/A/ExtensionFoundation
0x000000019a4fd000 	/System/Library/PrivateFrameworks/AppServerSupport.framework/Versions/A/AppServerSupport
0x000000019a2ff000 	/System/Library/PrivateFrameworks/IconServices.framework/Versions/A/IconServices
0x0000000230278000 	/System/Library/Frameworks/LightweightCodeRequirements.framework/Versions/A/LightweightCodeRequirements
0x000000019a179000 	/System/Library/PrivateFrameworks/PlugInKit.framework/Versions/A/PlugInKit
0x00000001979ff000 	/System/Library/PrivateFrameworks/AssertionServices.framework/Versions/A/AssertionServices
0x000000019a898000 	/System/Library/PrivateFrameworks/AppleJPEG.framework/Versions/A/AppleJPEG
0x000000019a27a000 	/usr/lib/libexpat.1.dylib
0x000000019b094000 	/System/Library/Frameworks/ImageIO.framework/Versions/A/Resources/libPng.dylib
0x000000019b0c0000 	/System/Library/Frameworks/ImageIO.framework/Versions/A/Resources/libTIFF.dylib
0x000000019b1aa000 	/System/Library/Frameworks/ImageIO.framework/Versions/A/Resources/libGIF.dylib
0x000000019a8dd000 	/System/Library/Frameworks/ImageIO.framework/Versions/A/Resources/libJP2.dylib
0x0000000199f88000 	/usr/lib/libate.dylib
0x000000019b150000 	/System/Library/Frameworks/ImageIO.framework/Versions/A/Resources/libJPEG.dylib
0x000000019b147000 	/System/Library/Frameworks/ImageIO.framework/Versions/A/Resources/libRadiance.dylib
0x000000019a29f000 	/System/Library/PrivateFrameworks/IconFoundation.framework/Versions/A/IconFoundation
0x0000000256c55000 	/System/Library/PrivateFrameworks/IconRendering.framework/Versions/A/IconRendering
0x0000000192fd9000 	/System/Library/PrivateFrameworks/CoreUI.framework/Versions/A/CoreUI
0x0000000195f93000 	/System/Library/Frameworks/CoreImage.framework/Versions/A/CoreImage
0x000000026a85e000 	/System/Library/PrivateFrameworks/SFSymbols.framework/Versions/A/SFSymbols
0x000000022edcb000 	/System/Library/Frameworks/DeveloperToolsSupport.framework/Versions/A/DeveloperToolsSupport
0x00000001ac9ba000 	/System/Library/PrivateFrameworks/RenderBox.framework/Versions/A/RenderBox
0x0000000195c06000 	/System/Library/PrivateFrameworks/CoreSVG.framework/Versions/A/CoreSVG
0x000000019b238000 	/System/Library/PrivateFrameworks/TextureIO.framework/Versions/A/TextureIO
0x00000001b5800000 	/usr/lib/swift/libswiftCoreImage.dylib
0x000000019a4ac000 	/System/Library/PrivateFrameworks/GraphVisualizer.framework/Versions/A/GraphVisualizer
0x000000024ad48000 	/System/Library/PrivateFrameworks/FontServices.framework/Versions/A/FontServices
0x000000019a4bc000 	/System/Library/PrivateFrameworks/OTSVG.framework/Versions/A/OTSVG
0x0000000192f86000 	/System/Library/Frameworks/ApplicationServices.framework/Versions/A/Frameworks/ATS.framework/Versions/A/Resources/libFontRegistry.dylib
0x00000002872f1000 	/usr/lib/libhvf.dylib
0x00000002645b0000 	/System/Library/PrivateFrameworks/ParsingInternal.framework/Versions/A/ParsingInternal
0x000000024ad4c000 	/System/Library/PrivateFrameworks/FontServices.framework/libXTFontStaticRegistryData.dylib
0x000000019648b000 	/System/Library/Frameworks/MetalPerformanceShaders.framework/Versions/A/Frameworks/MPSCore.framework/Versions/A/MPSCore
0x00000001981c0000 	/System/Library/Frameworks/MetalPerformanceShaders.framework/Versions/A/Frameworks/MPSImage.framework/Versions/A/MPSImage
0x0000000197b91000 	/System/Library/Frameworks/MetalPerformanceShaders.framework/Versions/A/Frameworks/MPSNeuralNetwork.framework/Versions/A/MPSNeuralNetwork
0x0000000197fc9000 	/System/Library/Frameworks/MetalPerformanceShaders.framework/Versions/A/Frameworks/MPSMatrix.framework/Versions/A/MPSMatrix
0x0000000197dde000 	/System/Library/Frameworks/MetalPerformanceShaders.framework/Versions/A/Frameworks/MPSRayIntersector.framework/Versions/A/MPSRayIntersector
0x0000000197ffb000 	/System/Library/Frameworks/MetalPerformanceShaders.framework/Versions/A/Frameworks/MPSNDArray.framework/Versions/A/MPSNDArray
0x00000002310f9000 	/System/Library/Frameworks/MetalPerformanceShaders.framework/Versions/A/Frameworks/MPSFunctions.framework/Versions/A/MPSFunctions
0x00000002310da000 	/System/Library/Frameworks/MetalPerformanceShaders.framework/Versions/A/Frameworks/MPSBenchmarkLoop.framework/Versions/A/MPSBenchmarkLoop
0x000000023110e000 	/System/Library/Frameworks/MetalPerformanceShaders.framework/Versions/A/Frameworks/MPSHost.framework/Versions/A/MPSHost
0x0000000189645000 	/System/Library/PrivateFrameworks/MetalTools.framework/Versions/A/MetalTools
0x00000001ba912000 	/System/Library/PrivateFrameworks/IOAccelMemoryInfo.framework/Versions/A/IOAccelMemoryInfo
0x00000001c8b18000 	/System/Library/PrivateFrameworks/kperf.framework/Versions/A/kperf
0x00000001b5783000 	/System/Library/PrivateFrameworks/GPURawCounter.framework/Versions/A/GPURawCounter
0x00000001a6a72000 	/System/Library/PrivateFrameworks/ASEProcessing.framework/Versions/A/ASEProcessing
0x0000000267778000 	/System/Library/PrivateFrameworks/PhotosensitivityProcessing.framework/Versions/A/PhotosensitivityProcessing
0x000000026a8e6000 	/System/Library/PrivateFrameworks/SILManager.framework/Versions/A/SILManager
0x0000000278734000 	/System/Library/PrivateFrameworks/Tightbeam.framework/Versions/A/Tightbeam
0x00000001c3416000 	/usr/lib/swift/libswiftCompression.dylib
0x00000001cd6f2000 	/System/Library/PrivateFrameworks/AFKUser.framework/Versions/A/AFKUser
0x000000019b17c000 	/System/Library/Frameworks/ApplicationServices.framework/Versions/A/Frameworks/ATSUI.framework/Versions/A/ATSUI
0x000000019c86f000 	/System/Library/Frameworks/AudioToolbox.framework/Versions/A/AudioToolbox
0x000000018b8b8000 	/System/Library/PrivateFrameworks/AudioToolboxCore.framework/Versions/A/AudioToolboxCore
0x000000019ca4a000 	/System/Library/PrivateFrameworks/AudioSession.framework/Versions/A/AudioSession
0x00000001a7cbe000 	/System/Library/Frameworks/CoreMIDI.framework/Versions/A/CoreMIDI
0x000000019cac9000 	/usr/lib/libAudioStatistics.dylib
0x000000019542f000 	/System/Library/PrivateFrameworks/caulk.framework/Versions/A/caulk
0x000000018beb0000 	/System/Library/Frameworks/CoreAudio.framework/Versions/A/CoreAudio
0x000000019b06e000 	/usr/lib/libAudioToolboxUtility.dylib
0x00000001bbf38000 	/usr/lib/swift/libswiftCoreMIDI.dylib
0x000000019cedb000 	/System/Library/PrivateFrameworks/perfdata.framework/Versions/A/perfdata
0x00000001b47a1000 	/System/Library/PrivateFrameworks/SystemPolicy.framework/Versions/A/SystemPolicy
0x000000019cd80000 	/usr/lib/libSMC.dylib
0x000000019cee9000 	/usr/lib/libperfcheck.dylib
0x000000023edb5000 	/System/Library/PrivateFrameworks/AudioAnalytics.framework/Versions/A/AudioAnalytics
0x0000000288234000 	/usr/lib/swift/libswift_DarwinFoundation2.dylib
0x0000000288235000 	/usr/lib/swift/libswift_DarwinFoundation3.dylib
0x00000001dad17000 	/System/Library/Frameworks/OSLog.framework/Versions/A/OSLog
0x00000001b572c000 	/usr/lib/libmis.dylib
0x00000001a32e7000 	/System/Library/PrivateFrameworks/CoreTime.framework/Versions/A/CoreTime
0x000000019a3bd000 	/System/Library/PrivateFrameworks/MediaExperience.framework/Versions/A/MediaExperience
0x000000019c818000 	/System/Library/PrivateFrameworks/AudioSession.framework/libSessionUtility.dylib
0x000000019b1b0000 	/System/Library/PrivateFrameworks/CMCaptureCore.framework/Versions/A/CMCaptureCore
0x000000019a50a000 	/usr/lib/libspindump.dylib
0x000000019786b000 	/System/Library/PrivateFrameworks/CoreUtils.framework/Versions/A/CoreUtils
0x00000001ad6e1000 	/System/Library/PrivateFrameworks/HID.framework/Versions/A/HID
0x0000000248032000 	/System/Library/PrivateFrameworks/CoreUtilsExtras.framework/Versions/A/CoreUtilsExtras
0x0000000256baa000 	/System/Library/PrivateFrameworks/IO80211.framework/Versions/A/IO80211
0x000000019e79a000 	/System/Library/Frameworks/IOBluetooth.framework/Versions/A/IOBluetooth
0x000000023e9a3000 	/System/Library/PrivateFrameworks/ArgumentParserInternal.framework/Versions/A/ArgumentParserInternal
0x000000019a019000 	/usr/lib/libIOReport.dylib
0x0000000197a0e000 	/System/Library/Frameworks/SecurityFoundation.framework/Versions/A/SecurityFoundation
0x000000018a009000 	/System/Library/PrivateFrameworks/Lexicon.framework/Versions/A/Lexicon
0x00000001a2ceb000 	/System/Library/PrivateFrameworks/FrontBoardServices.framework/Versions/A/FrontBoardServices
0x0000000197b79000 	/usr/lib/libgermantok.dylib
0x0000000196677000 	/System/Library/PrivateFrameworks/LinguisticData.framework/Versions/A/LinguisticData
0x00000001a2e97000 	/System/Library/PrivateFrameworks/GraphicsServices.framework/Versions/A/GraphicsServices
0x00000001a1f69000 	/System/Library/PrivateFrameworks/MediaKit.framework/Versions/A/MediaKit
0x00000001a1eb4000 	/System/Library/Frameworks/DiscRecording.framework/Versions/A/DiscRecording
0x000000019a295000 	/usr/lib/libheimdal-asn1.dylib
0x00000001a5890000 	/System/Library/Frameworks/AudioUnit.framework/Versions/A/AudioUnit
0x00000001932a5000 	/System/Library/Frameworks/OpenDirectory.framework/Versions/A/OpenDirectory
0x00000001932b3000 	/System/Library/Frameworks/OpenDirectory.framework/Versions/A/Frameworks/CFOpenDirectory.framework/Versions/A/CFOpenDirectory
0x000000022d4d4000 	/System/Library/Frameworks/AVFAudio.framework/Versions/A/AVFAudio
0x00000001ae6b2000 	/usr/lib/libAccessibility.dylib
0x000000025a8fa000 	/System/Library/PrivateFrameworks/IsolatedCoreAudioClient.framework/Versions/A/IsolatedCoreAudioClient
0x0000000243f30000 	/System/Library/PrivateFrameworks/CoreAudioOrchestration.framework/Versions/A/CoreAudioOrchestration
0x00000001a1003000 	/System/Library/Frameworks/MediaAccessibility.framework/Versions/A/MediaAccessibility
0x000000027c953000 	/System/Library/PrivateFrameworks/VideoToolboxParavirtualizationSupport.framework/Versions/A/VideoToolboxParavirtualizationSupport
0x000000019a231000 	/System/Library/PrivateFrameworks/AppleVA.framework/Versions/A/AppleVA
0x000000019b142000 	/System/Library/PrivateFrameworks/GPUWrangler.framework/Versions/A/GPUWrangler
0x000000019b122000 	/System/Library/PrivateFrameworks/IOPresentment.framework/Versions/A/IOPresentment
0x000000019b14a000 	/System/Library/PrivateFrameworks/DSExternalDisplay.framework/Versions/A/DSExternalDisplay
0x000000023e7fa000 	/System/Library/PrivateFrameworks/AppleMobileFileIntegrity.framework/Versions/A/AppleMobileFileIntegrity
0x0000000286e6e000 	/usr/lib/libTLE.dylib
0x00000001ec01d000 	/System/Library/PrivateFrameworks/ConfigProfileHelper.framework/Versions/A/ConfigProfileHelper
0x00000001e0e2a000 	/usr/lib/libedit.3.dylib
0x00000001ba8d5000 	/usr/lib/libncurses.5.4.dylib
0x00000002412e1000 	/System/Library/PrivateFrameworks/CascadeSets.framework/Versions/A/CascadeSets
0x00000001977a0000 	/System/Library/PrivateFrameworks/CoreEmoji.framework/Versions/A/CoreEmoji
0x000000018a325000 	/usr/lib/libCRFSuite.dylib
0x0000000196555000 	/System/Library/PrivateFrameworks/CoreNLP.framework/Versions/A/CoreNLP
0x0000000197b18000 	/usr/lib/libmecab.dylib
0x0000000198a25000 	/usr/lib/libThaiTokenizer.dylib
0x000000019b5e0000 	/System/Library/PrivateFrameworks/DataDetectorsCore.framework/Versions/A/DataDetectorsCore
0x000000022edb6000 	/System/Library/Frameworks/DataDetection.framework/Versions/A/DataDetection
0x00000001b94d6000 	/System/Library/PrivateFrameworks/TextInput.framework/Versions/A/TextInput
0x000000022e87a000 	/System/Library/Frameworks/CoreTransferable.framework/Versions/A/CoreTransferable
0x000000019cec0000 	/System/Library/PrivateFrameworks/NetAuth.framework/Versions/A/NetAuth
0x00000001934c4000 	/System/Library/PrivateFrameworks/login.framework/Versions/A/Frameworks/loginsupport.framework/Versions/A/loginsupport
0x000000018e965000 	/System/Library/PrivateFrameworks/UIFoundation.framework/Versions/A/UIFoundation
0x000000019a511000 	/System/Library/PrivateFrameworks/Heimdal.framework/Versions/A/Heimdal
0x000000019cb58000 	/usr/lib/libresolv.9.dylib
0x000000019cf5b000 	/System/Library/PrivateFrameworks/CommonAuth.framework/Versions/A/CommonAuth
0x0000000197ae2000 	/usr/lib/libCheckFix.dylib
0x0000000192631000 	/System/Library/PrivateFrameworks/MetadataUtilities.framework/Versions/A/MetadataUtilities
0x0000000257672000 	/System/Library/PrivateFrameworks/InstalledContentLibrary.framework/Versions/A/InstalledContentLibrary
0x000000018d09f000 	/System/Library/PrivateFrameworks/CoreServicesStore.framework/Versions/A/CoreServicesStore
0x000000019330a000 	/usr/lib/libapp_launch_measurement.dylib
0x00000001c8c1f000 	/System/Library/PrivateFrameworks/MobileSystemServices.framework/Versions/A/MobileSystemServices
0x0000000199eda000 	/usr/lib/libxslt.1.dylib
0x0000000197aa1000 	/System/Library/PrivateFrameworks/BackgroundTaskManagement.framework/Versions/A/BackgroundTaskManagement
0x00000001a4f39000 	/usr/lib/libcurl.4.dylib
0x00000002870a7000 	/usr/lib/libcrypto.46.dylib
0x0000000287cc7000 	/usr/lib/libssl.48.dylib
0x00000001a4c0f000 	/System/Library/Frameworks/LDAP.framework/Versions/A/LDAP
0x000000019cef7000 	/System/Library/Frameworks/Kerberos.framework/Versions/A/Kerberos
0x00000001a4c4b000 	/System/Library/PrivateFrameworks/TrustEvaluationAgent.framework/Versions/A/TrustEvaluationAgent
0x000000019cb75000 	/usr/lib/libsasl2.2.dylib
0x00000001a588f000 	/System/Library/Frameworks/Kerberos.framework/Versions/A/Libraries/libHeimdalProxy.dylib
0x0000000267b5b000 	/System/Library/PrivateFrameworks/PoirotSQLite.framework/Versions/A/PoirotSQLite
0x00000001db1e2000 	/System/Library/PrivateFrameworks/HIDDisplay.framework/Versions/A/HIDDisplay
0x000000019ce61000 	/usr/lib/libcups.2.dylib
0x00000001ae5ad000 	/System/Library/PrivateFrameworks/AXCoreUtilities.framework/Versions/A/AXCoreUtilities
0x00000001be6fb000 	/System/Library/PrivateFrameworks/AttributeGraph.framework/Versions/A/AttributeGraph
0x0000000286887000 	/usr/lib/libAXSafeCategoryBundle.dylib
0x00000001a7eab000 	/System/Library/Frameworks/Cocoa.framework/Versions/A/Cocoa
0x000000018d238000 	/System/Library/Frameworks/AppKit.framework/Versions/C/AppKit
0x000000024267d000 	/System/Library/PrivateFrameworks/CollectionViewCore.framework/Versions/A/CollectionViewCore
0x0000000195c00000 	/System/Library/PrivateFrameworks/XCTTargetBootstrap.framework/Versions/A/XCTTargetBootstrap
0x000000019b632000 	/System/Library/PrivateFrameworks/UserActivity.framework/Versions/A/UserActivity
0x000000024ae4a000 	/System/Library/PrivateFrameworks/FrontBoard.framework/Versions/A/FrontBoard
0x000000027a69e000 	/System/Library/PrivateFrameworks/UIIntelligenceSupport.framework/Versions/A/UIIntelligenceSupport
0x0000000237586000 	/System/Library/Frameworks/SwiftUICore.framework/Versions/A/SwiftUICore
0x0000000280c52000 	/System/Library/PrivateFrameworks/WritingTools.framework/Versions/A/WritingTools
0x000000027faa3000 	/System/Library/PrivateFrameworks/WindowManagement.framework/Versions/A/WindowManagement
0x000000024ab83000 	/System/Library/PrivateFrameworks/FocusEngine.framework/Versions/A/FocusEngine
0x000000024877e000 	/System/Library/PrivateFrameworks/DesignLibrary.framework/Versions/A/DesignLibrary
0x0000000195beb000 	/System/Library/PrivateFrameworks/DFRFoundation.framework/Versions/A/DFRFoundation
0x000000027b2b1000 	/System/Library/PrivateFrameworks/UpdateCycle.framework/Versions/A/UpdateCycle
0x00000001958e7000 	/System/Library/Frameworks/Carbon.framework/Versions/A/Frameworks/HIToolbox.framework/Versions/A/HIToolbox
0x00000001a0932000 	/System/Library/Frameworks/Carbon.framework/Versions/A/Frameworks/SpeechRecognition.framework/Versions/A/SpeechRecognition
0x000000019329b000 	/System/Library/PrivateFrameworks/PerformanceAnalysis.framework/Versions/A/PerformanceAnalysis
0x00000001a0cb9000 	/System/Library/Frameworks/Accessibility.framework/Versions/A/Accessibility
0x00000002384fb000 	/System/Library/Frameworks/Symbols.framework/Versions/A/Symbols
0x0000000253dc3000 	/System/Library/PrivateFrameworks/Gestures.framework/Versions/A/Gestures
0x00000001b264d000 	/usr/lib/swift/libswiftCoreGraphics.dylib
0x00000001a16ff000 	/usr/lib/swift/libswiftFoundation.dylib
0x00000001eb9d9000 	/usr/lib/swift/libswiftSwiftOnoneSupport.dylib
0x00000002883a6000 	/usr/lib/swift/libswiftsys_time.dylib
0x00000001d6fa6000 	/System/Library/PrivateFrameworks/CoreMaterial.framework/Versions/A/CoreMaterial
0x00000002880ec000 	/usr/lib/swift/libswiftSpatial.dylib
0x0000000286e6b000 	/usr/lib/libSpatial.dylib
0x00000002867a5000 	/System/Library/SubFrameworks/UIUtilities.framework/Versions/A/UIUtilities
0x0000000109eac000 	/Users/blueonion/Library/Java/JavaVirtualMachines/openjdk-24.0.1/Contents/Home/lib/server/libjvm.dylib
0x000000010222c000 	/Users/blueonion/Library/Java/JavaVirtualMachines/openjdk-24.0.1/Contents/Home/lib/libjimage.dylib
0x0000000102258000 	/Users/blueonion/Library/Java/JavaVirtualMachines/openjdk-24.0.1/Contents/Home/lib/libinstrument.dylib
0x00000001022a0000 	/Users/blueonion/Library/Java/JavaVirtualMachines/openjdk-24.0.1/Contents/Home/lib/libjava.dylib
0x00000001023a0000 	/Users/blueonion/Library/Java/JavaVirtualMachines/openjdk-24.0.1/Contents/Home/lib/libzip.dylib
0x00000001023c8000 	/Users/blueonion/Library/Java/JavaVirtualMachines/openjdk-24.0.1/Contents/Home/lib/libnio.dylib
0x0000000102378000 	/Users/blueonion/Library/Java/JavaVirtualMachines/openjdk-24.0.1/Contents/Home/lib/libnet.dylib
0x00000001023e8000 	/Users/blueonion/Library/Java/JavaVirtualMachines/openjdk-24.0.1/Contents/Home/lib/libextnet.dylib
0x00000001023fc000 	/Users/blueonion/.openjfx/cache/23.0.1+4/aarch64/libprism_es2.dylib
0x00000001b4172000 	/System/Library/Frameworks/Carbon.framework/Versions/A/Carbon
0x00000001aa4a9000 	/System/Library/Frameworks/Carbon.framework/Versions/A/Frameworks/CommonPanels.framework/Versions/A/CommonPanels
0x00000001a4f24000 	/System/Library/Frameworks/Carbon.framework/Versions/A/Frameworks/Help.framework/Versions/A/Help
0x00000001aa4ad000 	/System/Library/Frameworks/Carbon.framework/Versions/A/Frameworks/ImageCapture.framework/Versions/A/ImageCapture
0x00000001aa488000 	/System/Library/Frameworks/Carbon.framework/Versions/A/Frameworks/OpenScripting.framework/Versions/A/OpenScripting
0x00000001aa4a8000 	/System/Library/Frameworks/Carbon.framework/Versions/A/Frameworks/Ink.framework/Versions/A/Ink
0x00000001aa4a5000 	/System/Library/Frameworks/Carbon.framework/Versions/A/Frameworks/SecurityHI.framework/Versions/A/SecurityHI
0x0000000286cc9000 	/usr/lib/libInterpreterSecurity.dylib
0x00000001ca858000 	/System/Library/PrivateFrameworks/XprotectFramework.framework/Versions/A/XprotectFramework
0x00000001ad9f6000 	/System/Library/PrivateFrameworks/yara.framework/Versions/A/yara
0x0000000286c45000 	/usr/lib/libEndpointSecuritySystem.dylib
0x000000022d15a000 	/System/Library/Frameworks/OpenGL.framework/Versions/A/Resources/GLEngine.bundle/GLEngine
0x000000022cffc000 	/System/Library/Frameworks/OpenGL.framework/Versions/A/Libraries/libGLProgrammability.dylib
0x0000000109b70000 	/System/Library/Extensions/AppleMetalOpenGLRenderer.bundle/Contents/MacOS/AppleMetalOpenGLRenderer
0x000000022d2bb000 	/System/Library/Frameworks/OpenGL.framework/Versions/A/Resources/GLRendererFloat.bundle/GLRendererFloat
0x000000011f460000 	/System/Library/Extensions/AGXMetal13_3.bundle/Contents/MacOS/AGXMetal13_3
0x00000001ad6f4000 	/System/Library/PrivateFrameworks/IOGPU.framework/Versions/A/IOGPU
0x0000000109d84000 	/Users/blueonion/.openjfx/cache/23.0.1+4/aarch64/libglass.dylib
0x0000000193162000 	/System/Library/PrivateFrameworks/ViewBridge.framework/Versions/A/ViewBridge
0x000000022d7a4000 	/System/Library/Frameworks/AppIntents.framework/Versions/A/AppIntents
0x0000000236c8f000 	/System/Library/Frameworks/RelevanceKit.framework/Versions/A/RelevanceKit
0x000000019866a000 	/System/Library/Frameworks/CoreSpotlight.framework/Versions/A/CoreSpotlight
0x000000025b98d000 	/System/Library/PrivateFrameworks/LinkServices.framework/Versions/A/LinkServices
0x0000000249150000 	/System/Library/PrivateFrameworks/DoNotDisturb.framework/Versions/A/DoNotDisturb
0x000000025b7e8000 	/System/Library/PrivateFrameworks/LinkMetadata.framework/Versions/A/LinkMetadata
0x00000001b57ae000 	/usr/lib/swift/libswiftIntents.dylib
0x00000001baa2f000 	/System/Library/PrivateFrameworks/IntentsCore.framework/Versions/A/IntentsCore
0x000000023f28f000 	/System/Library/PrivateFrameworks/AvailabilityKit.framework/Versions/A/AvailabilityKit
0x000000023c5d1000 	/System/Library/PrivateFrameworks/AppIntentSchemas.framework/Versions/A/AppIntentSchemas
0x0000000250a9f000 	/System/Library/PrivateFrameworks/GRDBInternal.framework/Versions/A/GRDBInternal
0x000000027490c000 	/System/Library/PrivateFrameworks/StatusKit.framework/Versions/A/StatusKit
0x00000001a2298000 	/System/Library/PrivateFrameworks/GenerationalStorage.framework/Versions/A/GenerationalStorage
0x00000001a20c0000 	/System/Library/Frameworks/FileProvider.framework/Versions/A/FileProvider
0x000000018eb37000 	/System/Library/PrivateFrameworks/DesktopServicesPriv.framework/Versions/A/DesktopServicesPriv
0x0000000190e9b000 	/System/Library/Frameworks/Accounts.framework/Versions/A/Accounts
0x00000001b521a000 	/System/Library/PrivateFrameworks/FTServices.framework/Versions/A/FTServices
0x00000001ad69f000 	/System/Library/PrivateFrameworks/CloudServices.framework/Versions/A/CloudServices
0x00000001a4759000 	/System/Library/PrivateFrameworks/CoreWiFi.framework/Versions/A/CoreWiFi
0x0000000194e6a000 	/System/Library/Frameworks/CoreLocation.framework/Versions/A/CoreLocation
0x00000001a40ef000 	/System/Library/Frameworks/Intents.framework/Versions/A/Intents
0x0000000239456000 	/System/Library/Frameworks/_LocationEssentials.framework/Versions/A/_LocationEssentials
0x000000019eb3e000 	/System/Library/PrivateFrameworks/GeoServices.framework/Versions/A/GeoServices
0x000000019c7df000 	/System/Library/PrivateFrameworks/LocationSupport.framework/Versions/A/LocationSupport
0x0000000253c1d000 	/System/Library/PrivateFrameworks/GeoServicesCore.framework/Versions/A/GeoServicesCore
0x00000001ae5a1000 	/System/Library/PrivateFrameworks/PhoneNumbers.framework/Versions/A/PhoneNumbers
0x0000000198619000 	/System/Library/Frameworks/UserNotifications.framework/Versions/A/UserNotifications
0x00000001982a9000 	/System/Library/PrivateFrameworks/AuthKit.framework/Versions/A/AuthKit
0x000000019e3a5000 	/System/Library/PrivateFrameworks/Sharing.framework/Versions/A/Sharing
0x000000019df24000 	/System/Library/PrivateFrameworks/IDSFoundation.framework/Versions/A/IDSFoundation
0x00000001a4758000 	/System/Library/PrivateFrameworks/Apple80211.framework/Versions/A/Apple80211
0x00000001977e8000 	/System/Library/Frameworks/CoreWLAN.framework/Versions/A/CoreWLAN
0x00000001bbf19000 	/usr/lib/swift/libswiftCoreLocation.dylib
0x000000019c766000 	/System/Library/PrivateFrameworks/IMFoundation.framework/Versions/A/IMFoundation
0x00000001ad9f5000 	/System/Library/PrivateFrameworks/Marco.framework/Versions/A/Marco
0x0000000190f25000 	/System/Library/PrivateFrameworks/CommonUtilities.framework/Versions/A/CommonUtilities
0x00000001aa470000 	/System/Library/PrivateFrameworks/Engram.framework/Versions/A/Engram
0x000000028804b000 	/usr/lib/swift/libswiftRegexBuilder.dylib
0x00000001aa40e000 	/usr/lib/libtidy.A.dylib
0x000000019a822000 	/System/Library/PrivateFrameworks/Bom.framework/Versions/A/Bom
0x000000019cb96000 	/usr/lib/libParallelCompression.dylib
0x00000001e2f3f000 	/System/Library/PrivateFrameworks/WiFiPeerToPeer.framework/Versions/A/WiFiPeerToPeer
0x0000000241381000 	/System/Library/PrivateFrameworks/Centauri.framework/Versions/A/Centauri
0x00000002877db000 	/usr/lib/libmrc.dylib
0x0000000256c14000 	/System/Library/PrivateFrameworks/IPConfiguration.framework/Versions/A/IPConfiguration
0x00000001d6f68000 	/System/Library/PrivateFrameworks/Netrb.framework/Versions/A/Netrb
0x000000019cb88000 	/System/Library/PrivateFrameworks/MultiverseSupport.framework/Versions/A/MultiverseSupport
0x00000001a1f9b000 	/System/Library/PrivateFrameworks/DiskManagement.framework/Versions/A/DiskManagement
0x00000001a1ea7000 	/System/Library/PrivateFrameworks/AppleIDAuthSupport.framework/Versions/A/AppleIDAuthSupport
0x0000000239d36000 	/System/Library/PrivateFrameworks/AAAFoundation.framework/Versions/A/AAAFoundation
0x000000019d09a000 	/System/Library/PrivateFrameworks/KeychainCircle.framework/Versions/A/KeychainCircle
0x00000001ae5a3000 	/System/Library/PrivateFrameworks/URLFormatting.framework/Versions/A/URLFormatting
0x00000001a4f2d000 	/usr/lib/libcsfde.dylib
0x000000019a1c3000 	/usr/lib/libCoreStorage.dylib
0x000000019e871000 	/System/Library/PrivateFrameworks/ProtectedCloudStorage.framework/Versions/A/ProtectedCloudStorage
0x00000001a4f28000 	/System/Library/PrivateFrameworks/EFILogin.framework/Versions/A/EFILogin
0x00000001a22bf000 	/System/Library/PrivateFrameworks/OctagonTrust.framework/Versions/A/OctagonTrust
0x000000019dd43000 	/System/Library/PrivateFrameworks/IDS.framework/Versions/A/IDS
0x00000001ddbfa000 	/System/Library/Frameworks/CryptoKit.framework/Versions/A/CryptoKit
0x00000001a588b000 	/System/Library/PrivateFrameworks/CryptoKitCBridging.framework/Versions/A/CryptoKitCBridging
0x00000001a2ea9000 	/System/Library/Frameworks/CryptoTokenKit.framework/Versions/A/CryptoTokenKit
0x00000001c3e42000 	/System/Library/PrivateFrameworks/FTAWD.framework/Versions/A/FTAWD
0x000000018d1dc000 	/usr/lib/libsandbox.1.dylib
0x000000019a1bb000 	/usr/lib/libMatch.1.dylib
0x000000025bd6b000 	/System/Library/PrivateFrameworks/LocationLogEncryption.framework/Versions/A/LocationLogEncryption
0x00000001a594e000 	/System/Library/PrivateFrameworks/IntentsFoundation.framework/Versions/A/IntentsFoundation
0x0000000239360000 	/System/Library/Frameworks/_AppIntents_AppKit.framework/Versions/A/_AppIntents_AppKit
0x00000001bf4d2000 	/System/Library/CoreServices/RawCamera.bundle/Contents/MacOS/RawCamera
0x000000019b6a0000 	/System/Library/Frameworks/MediaToolbox.framework/Versions/A/MediaToolbox
0x00000001a2091000 	/System/Library/PrivateFrameworks/CoreAVCHD.framework/Versions/A/CoreAVCHD
0x00000001a208d000 	/System/Library/PrivateFrameworks/Mangrove.framework/Versions/A/Mangrove
0x00000002409fd000 	/System/Library/PrivateFrameworks/CMPhoto.framework/Versions/A/CMPhoto
0x00000001a2877000 	/System/Library/Frameworks/CoreTelephony.framework/Versions/A/CoreTelephony
0x00000001a2080000 	/System/Library/PrivateFrameworks/CoreAUC.framework/Versions/A/CoreAUC
0x000000023dd2e000 	/System/Library/PrivateFrameworks/AppleJPEGXL.framework/Versions/A/AppleJPEGXL
0x000000019d0ec000 	/usr/lib/libTelephonyUtilDynamic.dylib
0x000000028688b000 	/usr/lib/libAccessibilityBaseImplementations.dylib
0x00000001bbefe000 	/System/Library/Frameworks/Accelerate.framework/Versions/A/Frameworks/vImage.framework/Versions/A/Libraries/libCGInterfaces.dylib
0x0000000109b54000 	/usr/lib/libobjc-trampolines.dylib
0x0000000280c57000 	/System/Library/PrivateFrameworks/WritingToolsUI.framework/Versions/A/WritingToolsUI
0x00000002535ff000 	/System/Library/PrivateFrameworks/GenerativeAssistantSettings.framework/Versions/A/GenerativeAssistantSettings
0x00000002766b2000 	/System/Library/PrivateFrameworks/TextComposer.framework/Versions/A/TextComposer
0x00000002535d5000 	/System/Library/PrivateFrameworks/GenerativeAssistantCommon.framework/Versions/A/GenerativeAssistantCommon
0x00000001bcfb4000 	/System/Library/Frameworks/SwiftUI.framework/Versions/A/SwiftUI
0x000000023939f000 	/System/Library/Frameworks/_AuthenticationServices_SwiftUI.framework/Versions/A/_AuthenticationServices_SwiftUI
0x000000023c306000 	/System/Library/PrivateFrameworks/Anvil.framework/Versions/A/Anvil
0x00000001bc561000 	/System/Library/PrivateFrameworks/AppStoreDaemon.framework/Versions/A/AppStoreDaemon
0x00000001a7f01000 	/System/Library/PrivateFrameworks/AppleMediaServices.framework/Versions/A/AppleMediaServices
0x0000000253aa8000 	/System/Library/PrivateFrameworks/GenerativePartnerServiceUI.framework/Versions/A/GenerativePartnerServiceUI
0x00000001eaf43000 	/System/Library/PrivateFrameworks/JetEngine.framework/Versions/A/JetEngine
0x0000000253a85000 	/System/Library/PrivateFrameworks/GenerativePartnerService.framework/Versions/A/GenerativePartnerService
0x00000001b53b0000 	/System/Library/Frameworks/SafariServices.framework/Versions/A/SafariServices
0x00000001b272d000 	/System/Library/Frameworks/WebKit.framework/Versions/A/WebKit
0x00000001b88f9000 	/System/Library/PrivateFrameworks/AppleMediaServicesUI.framework/Versions/A/AppleMediaServicesUI
0x00000001b6091000 	/System/Library/PrivateFrameworks/OnBoardingKit.framework/Versions/A/OnBoardingKit
0x000000026c2ac000 	/System/Library/PrivateFrameworks/Settings.framework/Versions/A/Settings
0x000000022f046000 	/System/Library/Frameworks/ExtensionKit.framework/Versions/A/ExtensionKit
0x000000022f08a000 	/System/Library/Frameworks/FSKit.framework/Versions/A/FSKit
0x000000025bb1c000 	/System/Library/PrivateFrameworks/LiveFS.framework/Versions/A/LiveFS
0x000000027658f000 	/System/Library/PrivateFrameworks/TextAnimationSupport.framework/Versions/A/TextAnimationSupport
0x0000000269794000 	/System/Library/PrivateFrameworks/RecapPerformanceTesting.framework/Versions/A/RecapPerformanceTesting
0x00000001b6081000 	/System/Library/PrivateFrameworks/SignpostCollection.framework/Versions/A/SignpostCollection
0x00000001a7892000 	/System/Library/Frameworks/WebKit.framework/Versions/A/Frameworks/WebKitLegacy.framework/Versions/A/WebKitLegacy
0x00000001a566e000 	/System/Library/PrivateFrameworks/CorePrediction.framework/Versions/A/CorePrediction
0x0000000194253000 	/System/Library/Frameworks/WebKit.framework/Versions/A/Frameworks/WebCore.framework/Versions/A/Frameworks/libwebrtc.dylib
0x00000001b26b7000 	/System/Library/PrivateFrameworks/SafariSafeBrowsing.framework/Versions/A/SafariSafeBrowsing
0x000000019cbfe000 	/System/Library/Frameworks/SecurityInterface.framework/Versions/A/SecurityInterface
0x00000001b6090000 	/System/Library/PrivateFrameworks/WebInspectorUI.framework/Versions/A/WebInspectorUI
0x00000001aa4b0000 	/System/Library/Frameworks/JavaScriptCore.framework/Versions/A/JavaScriptCore
0x00000001ae6e8000 	/System/Library/Frameworks/WebKit.framework/Versions/A/Frameworks/WebCore.framework/Versions/A/WebCore
0x000000022e218000 	/System/Library/Frameworks/BrowserEngineCore.framework/Versions/A/BrowserEngineCore
0x0000000238f1d000 	/System/Library/Frameworks/WebKit.framework/Versions/A/Frameworks/WebCore.framework/Versions/A/Frameworks/libANGLE-shared.dylib
0x000000027f4f9000 	/System/Library/PrivateFrameworks/WebGPU.framework/Versions/A/WebGPU
0x00000001b7f6c000 	/System/Library/Frameworks/SceneKit.framework/Versions/A/SceneKit
0x00000001c9478000 	/System/Library/Frameworks/ModelIO.framework/Versions/A/ModelIO
0x000000019e968000 	/System/Library/Frameworks/MetalKit.framework/Versions/A/MetalKit
0x00000001a0c3c000 	/System/Library/Frameworks/GLKit.framework/Versions/A/GLKit
0x00000002886e6000 	/usr/lib/usd/libusd_ms.dylib
0x000000027a95f000 	/System/Library/PrivateFrameworks/USDLib_FormatLoaderProxy.framework/Versions/A/USDLib_FormatLoaderProxy
0x00000002883a1000 	/usr/lib/swift/libswift_errno.dylib
0x00000001b51fb000 	/System/Library/PrivateFrameworks/CoreOptimization.framework/Versions/A/CoreOptimization
0x000000023f147000 	/System/Library/PrivateFrameworks/AuthenticationServicesCore.framework/Versions/A/AuthenticationServicesCore
0x00000001bf958000 	/System/Library/Frameworks/AuthenticationServices.framework/Versions/A/AuthenticationServices
0x000000019a155000 	/System/Library/PrivateFrameworks/SharedWebCredentials.framework/Versions/A/SharedWebCredentials
0x00000001b6f1f000 	/System/Library/PrivateFrameworks/SafariCore.framework/Versions/A/SafariCore
0x00000001bf47c000 	/System/Library/PrivateFrameworks/SafariFoundation.framework/Versions/A/SafariFoundation
0x00000001a19bf000 	/System/Library/Frameworks/Contacts.framework/Versions/A/Contacts
0x0000000240398000 	/System/Library/PrivateFrameworks/CBORLibrary.framework/Versions/A/CBORLibrary
0x00000002413c0000 	/System/Library/PrivateFrameworks/Chirp.framework/Versions/A/Chirp
0x0000000241fbd000 	/System/Library/PrivateFrameworks/CloudSubscriptionFeatures.framework/Versions/A/CloudSubscriptionFeatures
0x00000001a1700000 	/System/Library/PrivateFrameworks/ContactsFoundation.framework/Versions/A/ContactsFoundation
0x00000001ec34d000 	/System/Library/PrivateFrameworks/RemoteManagement.framework/Versions/A/RemoteManagement
0x0000000269b22000 	/System/Library/PrivateFrameworks/RemoteManagementModel.framework/Versions/A/RemoteManagementModel
0x0000000269bb3000 	/System/Library/PrivateFrameworks/RemoteManagementStore.framework/Versions/A/RemoteManagementStore
0x000000019e986000 	/usr/lib/libxcselect.dylib
0x00000001bf3ea000 	/System/Library/PrivateFrameworks/DifferentialPrivacy.framework/Versions/A/DifferentialPrivacy
0x000000025e5f7000 	/System/Library/PrivateFrameworks/ManagedSettingsObjC.framework/Versions/A/ManagedSettingsObjC
0x000000025bd70000 	/System/Library/PrivateFrameworks/LockdownMode.framework/Versions/A/LockdownMode
0x000000027b5a7000 	/System/Library/PrivateFrameworks/VDAF.framework/Versions/A/VDAF
0x00000001a17d8000 	/System/Library/PrivateFrameworks/ContactsPersistence.framework/Versions/A/ContactsPersistence
0x00000001a0936000 	/System/Library/PrivateFrameworks/AppleLDAP.framework/Versions/A/AppleLDAP
0x00000001a52df000 	/System/Library/Frameworks/ClassKit.framework/Versions/A/ClassKit
0x00000001a7590000 	/System/Library/PrivateFrameworks/CoreSuggestions.framework/Versions/A/CoreSuggestions
0x00000001a2e57000 	/System/Library/PrivateFrameworks/vCard.framework/Versions/A/vCard
0x0000000242c47000 	/System/Library/PrivateFrameworks/ContactsMetrics.framework/Versions/A/ContactsMetrics
0x000000019a5d2000 	/System/Library/PrivateFrameworks/login.framework/Versions/A/login
0x000000025e5f1000 	/System/Library/PrivateFrameworks/ManagedOrganizationContacts.framework/Versions/A/ManagedOrganizationContacts
0x0000000193948000 	/System/Library/PrivateFrameworks/CloudDocs.framework/Versions/A/CloudDocs
0x00000001adf63000 	/System/Library/PrivateFrameworks/ProactiveEventTracker.framework/Versions/A/ProactiveEventTracker
0x000000019cc38000 	/System/Library/PrivateFrameworks/CoreFollowUp.framework/Versions/A/CoreFollowUp
0x00000001a6aae000 	/System/Library/PrivateFrameworks/ConfigurationProfiles.framework/Versions/A/ConfigurationProfiles
0x00000002482b6000 	/System/Library/PrivateFrameworks/DMCUtilities.framework/Versions/A/DMCUtilities
0x000000025bdf1000 	/System/Library/PrivateFrameworks/MDMClientLibrary.framework/Versions/A/MDMClientLibrary
0x0000000269ba7000 	/System/Library/PrivateFrameworks/RemoteManagementProtocol.framework/Versions/A/RemoteManagementProtocol
0x00000001a101b000 	/System/Library/PrivateFrameworks/SystemAdministration.framework/Versions/A/SystemAdministration
0x00000001abee3000 	/System/Library/PrivateFrameworks/PowerlogControl.framework/Versions/A/PowerlogControl
0x00000001abee5000 	/usr/lib/libUniversalAccess.dylib
0x00000001a8988000 	/System/Library/PrivateFrameworks/FamilyControls.framework/Versions/A/FamilyControls
0x00000001a090b000 	/System/Library/Frameworks/DirectoryService.framework/Versions/A/DirectoryService
0x00000001a4fbb000 	/System/Library/PrivateFrameworks/LoginUIKit.framework/Versions/A/Frameworks/LoginUICore.framework/Versions/A/LoginUICore
0x000000019a820000 	/usr/lib/libodfde.dylib
0x00000001a8982000 	/System/Library/PrivateFrameworks/UniversalAccess.framework/Versions/A/Libraries/libUAPreferences.dylib
0x00000001a89ac000 	/System/Library/PrivateFrameworks/CommerceKit.framework/Versions/A/Frameworks/CommerceCore.framework/Versions/A/CommerceCore
0x0000000248222000 	/System/Library/PrivateFrameworks/DEPClientLibrary.framework/Versions/A/DEPClientLibrary
0x000000024824b000 	/System/Library/PrivateFrameworks/DMCEnrollmentLibrary.framework/Versions/A/DMCEnrollmentLibrary
0x00000001abfcc000 	/System/Library/PrivateFrameworks/SetupAssistantFramework.framework/Versions/A/SetupAssistantFramework
0x00000001a56c6000 	/System/Library/PrivateFrameworks/AuthKitUI.framework/Versions/A/AuthKitUI
0x00000001a5005000 	/System/Library/PrivateFrameworks/AppSSO.framework/Versions/A/AppSSO
0x00000001bc2bd000 	/System/Library/PrivateFrameworks/LocalAuthenticationUI.framework/Versions/A/LocalAuthenticationUI
0x00000002677d4000 	/System/Library/PrivateFrameworks/PlatformSSO.framework/Versions/A/PlatformSSO
0x00000002678c2000 	/System/Library/PrivateFrameworks/PlatformSSOCore.framework/Versions/A/PlatformSSOCore
0x00000002302fe000 	/System/Library/Frameworks/LocalAuthenticationEmbeddedUI.framework/Versions/A/LocalAuthenticationEmbeddedUI
0x00000001bcd79000 	/System/Library/PrivateFrameworks/AOSUI.framework/Versions/A/AOSUI
0x00000001add2b000 	/System/Library/Frameworks/ContactsUI.framework/Versions/A/ContactsUI
0x00000001a1c50000 	/System/Library/PrivateFrameworks/FamilyCircle.framework/Versions/A/FamilyCircle
0x00000001cac42000 	/System/Library/Frameworks/LinkPresentation.framework/Versions/A/LinkPresentation
0x00000001ad8dc000 	/System/Library/PrivateFrameworks/IASUtilities.framework/Versions/A/IASUtilities
0x0000000256add000 	/System/Library/PrivateFrameworks/IASUtilitiesCore.framework/Versions/A/IASUtilitiesCore
0x0000000269c1d000 	/System/Library/PrivateFrameworks/RemoteUI.framework/Versions/A/RemoteUI
0x000000025b17f000 	/System/Library/PrivateFrameworks/LiftUI.framework/Versions/A/LiftUI
0x0000000281265000 	/System/Library/PrivateFrameworks/_IconServices_SwiftUI.framework/Versions/A/_IconServices_SwiftUI
0x0000000241efc000 	/System/Library/PrivateFrameworks/CloudSettings.framework/Versions/A/CloudSettings
0x00000001a7661000 	/System/Library/Frameworks/EventKit.framework/Versions/A/EventKit
0x00000001b62a5000 	/System/Library/PrivateFrameworks/SearchFoundation.framework/Versions/A/SearchFoundation
0x00000001ccd0d000 	/System/Library/PrivateFrameworks/Email.framework/Versions/A/Email
0x00000001b4dfd000 	/System/Library/PrivateFrameworks/CoreRoutine.framework/Versions/A/CoreRoutine
0x00000001ebcba000 	/System/Library/PrivateFrameworks/VoiceShortcutClient.framework/Versions/A/VoiceShortcutClient
0x00000001c49dd000 	/System/Library/PrivateFrameworks/Categories.framework/Versions/A/Categories
0x00000001bcc28000 	/System/Library/PrivateFrameworks/ChronoServices.framework/Versions/A/ChronoServices
0x0000000240e41000 	/System/Library/PrivateFrameworks/CalendarDatabase.framework/Versions/A/CalendarDatabase
0x0000000240d8a000 	/System/Library/PrivateFrameworks/CalendarDaemon.framework/Versions/A/CalendarDaemon
0x00000001a69d1000 	/System/Library/PrivateFrameworks/CalendarFoundation.framework/Versions/A/CalendarFoundation
0x00000001a698d000 	/System/Library/PrivateFrameworks/iCalendar.framework/Versions/A/iCalendar
0x00000002484b5000 	/System/Library/PrivateFrameworks/DataAccessExpress.framework/Versions/A/DataAccessExpress
0x00000001ade8d000 	/System/Library/PrivateFrameworks/ContactsAutocomplete.framework/Versions/A/ContactsAutocomplete
0x00000001bcb75000 	/System/Library/PrivateFrameworks/FTClientServices.framework/Versions/A/FTClientServices
0x0000000263c1b000 	/System/Library/PrivateFrameworks/OSEligibility.framework/Versions/A/OSEligibility
0x0000000274ee7000 	/System/Library/PrivateFrameworks/StorageContainersPrivate.framework/Versions/A/StorageContainersPrivate
0x0000000287ffc000 	/usr/lib/swift/libswiftCoreMediaIO.dylib
0x00000001ad766000 	/System/Library/PrivateFrameworks/CoreDAV.framework/Versions/A/CoreDAV
0x00000001a7531000 	/System/Library/PrivateFrameworks/CalDAV.framework/Versions/A/CalDAV
0x00000001b23b3000 	/System/Library/PrivateFrameworks/TelephonyUtilities.framework/Versions/A/TelephonyUtilities
0x00000002302bb000 	/System/Library/Frameworks/LiveCommunicationKit.framework/Versions/A/LiveCommunicationKit
0x00000002427f9000 	/System/Library/PrivateFrameworks/CommunicationTrust.framework/Versions/A/CommunicationTrust
0x00000001b6d31000 	/System/Library/Frameworks/CallKit.framework/Versions/A/CallKit
0x00000001a1c48000 	/System/Library/PrivateFrameworks/CommunicationsFilter.framework/Versions/A/CommunicationsFilter
0x00000001e0f65000 	/System/Library/PrivateFrameworks/IMTransferServices.framework/Versions/A/IMTransferServices
0x00000001b5214000 	/System/Library/PrivateFrameworks/IncomingCallFilter.framework/Versions/A/IncomingCallFilter
0x000000026236a000 	/System/Library/PrivateFrameworks/NeighborhoodActivityConduit.framework/Versions/A/NeighborhoodActivityConduit
0x00000001b927e000 	/System/Library/PrivateFrameworks/CallHistory.framework/Versions/A/CallHistory
0x0000000286ab8000 	/usr/lib/libBASupport.dylib
0x000000024125a000 	/System/Library/PrivateFrameworks/CallsUtilities.framework/Versions/A/CallsUtilities
0x0000000241265000 	/System/Library/PrivateFrameworks/CallsXPC.framework/Versions/A/CallsXPC
0x00000001ec4ae000 	/usr/lib/swift/libswiftCallKit.dylib
0x000000024124d000 	/System/Library/PrivateFrameworks/CallsPersistence.framework/Versions/A/CallsPersistence
0x0000000236f66000 	/System/Library/Frameworks/SensitiveContentAnalysis.framework/Versions/A/SensitiveContentAnalysis
0x00000001ba2bb000 	/System/Library/PrivateFrameworks/PeopleSuggester.framework/Versions/A/PeopleSuggester
0x00000001c379a000 	/System/Library/PrivateFrameworks/SpotlightReceiver.framework/Versions/A/SpotlightReceiver
0x000000028122b000 	/System/Library/PrivateFrameworks/_AppIntentsServices_AppIntents.framework/Versions/A/_AppIntentsServices_AppIntents
0x000000023c63a000 	/System/Library/PrivateFrameworks/AppIntentsServices.framework/Versions/A/AppIntentsServices
0x00000001a6975000 	/System/Library/PrivateFrameworks/CoreRecents.framework/Versions/A/CoreRecents
0x000000022f790000 	/System/Library/Frameworks/GeoToolbox.framework/Versions/A/GeoToolbox
0x0000000239422000 	/System/Library/Frameworks/_GeoToolbox_AppIntents.framework/Versions/A/_GeoToolbox_AppIntents
0x00000001d699b000 	/System/Library/PrivateFrameworks/DiagnosticRequest.framework/Versions/A/DiagnosticRequest
0x000000028116f000 	/System/Library/PrivateFrameworks/XPCDistributed.framework/Versions/A/XPCDistributed
0x000000026982a000 	/System/Library/PrivateFrameworks/RegulatoryDomain.framework/Versions/A/RegulatoryDomain
0x00000001a0d14000 	/usr/lib/libCTGreenTeaLogger.dylib
0x000000025bd42000 	/System/Library/PrivateFrameworks/LocalStatusKit.framework/Versions/A/LocalStatusKit
0x00000001b229f000 	/System/Library/PrivateFrameworks/CoreParsec.framework/Versions/A/CoreParsec
0x00000001ccd01000 	/System/Library/PrivateFrameworks/EmailAddressing.framework/Versions/A/EmailAddressing
0x00000001c8ce7000 	/System/Library/PrivateFrameworks/EmailCore.framework/Versions/A/EmailCore
0x00000001c9d15000 	/System/Library/PrivateFrameworks/EmailFoundation.framework/Versions/A/EmailFoundation
0x000000026535c000 	/System/Library/PrivateFrameworks/PegasusAPI.framework/Versions/A/PegasusAPI
0x0000000265ead000 	/System/Library/PrivateFrameworks/PegasusConfiguration.framework/Versions/A/PegasusConfiguration
0x00000002791c8000 	/System/Library/PrivateFrameworks/ToolKit.framework/Versions/A/ToolKit
0x0000000269fb2000 	/System/Library/PrivateFrameworks/ReplicatorEngine.framework/Versions/A/ReplicatorEngine
0x000000026a154000 	/System/Library/PrivateFrameworks/ReplicatorServices.framework/Versions/A/ReplicatorServices
0x0000000275e83000 	/System/Library/PrivateFrameworks/SystemWake.framework/Versions/A/SystemWake
0x00000001b6f05000 	/System/Library/PrivateFrameworks/ContextKit.framework/Versions/A/ContextKit
0x0000000242d94000 	/System/Library/PrivateFrameworks/ContextKitCore.framework/Versions/A/ContextKitCore
0x00000001b549a000 	/System/Library/Frameworks/LocalAuthentication.framework/Support/DaemonUtils.framework/Versions/A/DaemonUtils
0x000000025bcd7000 	/System/Library/PrivateFrameworks/LocalAuthenticationCoreUI.framework/Versions/A/LocalAuthenticationCoreUI
0x00000001b88c0000 	/System/Library/PrivateFrameworks/BridgeXPC.framework/Versions/A/BridgeXPC
0x00000001b616d000 	/System/Library/PrivateFrameworks/CoreKDL.framework/Versions/A/CoreKDL
0x00000001b479a000 	/System/Library/PrivateFrameworks/EmbeddedOSSupportHost.framework/Versions/A/EmbeddedOSSupportHost
0x00000001a9487000 	/System/Library/PrivateFrameworks/LoginUIKit.framework/Versions/A/LoginUIKit
0x00000001c4eda000 	/System/Library/PrivateFrameworks/StorageKit.framework/Versions/A/StorageKit
0x00000001edcc3000 	/System/Library/Frameworks/DeviceCheck.framework/Versions/A/DeviceCheck
0x00000001c4f54000 	/System/Library/PrivateFrameworks/CoreWLANKit.framework/Versions/A/CoreWLANKit
0x000000027e881000 	/System/Library/PrivateFrameworks/Wallpaper.framework/Versions/A/Wallpaper
0x0000000288017000 	/usr/lib/swift/libswiftGLKit.dylib
0x0000000288022000 	/usr/lib/swift/libswiftMetalKit.dylib
0x0000000288026000 	/usr/lib/swift/libswiftModelIO.dylib
0x00000002880e9000 	/usr/lib/swift/libswiftSceneKit.dylib
0x0000000248e20000 	/System/Library/PrivateFrameworks/DiskImages2.framework/Versions/A/DiskImages2
0x00000001cdc43000 	/System/Library/PrivateFrameworks/DynamicDesktop.framework/Versions/A/DynamicDesktop
0x000000027ea10000 	/System/Library/PrivateFrameworks/WallpaperFoundation.framework/Versions/A/WallpaperFoundation
0x000000027ea6e000 	/System/Library/PrivateFrameworks/WallpaperTypes.framework/Versions/A/WallpaperTypes
0x00000001e2cc2000 	/System/Library/PrivateFrameworks/SystemDesktopAppearance.framework/Versions/A/SystemDesktopAppearance
0x000000028431f000 	/System/Library/PrivateFrameworks/icloudMCCKit.framework/Versions/A/icloudMCCKit
0x000000023d594000 	/System/Library/PrivateFrameworks/AppleAccountUI.framework/Versions/A/AppleAccountUI
0x00000001d6f72000 	/System/Library/PrivateFrameworks/PreferencePanesSupport.framework/Versions/A/PreferencePanesSupport
0x00000001bcf2b000 	/System/Library/PrivateFrameworks/FindMyDeviceUI.framework/Versions/A/FindMyDeviceUI
0x0000000281f65000 	/System/Library/PrivateFrameworks/iCloudQuotaUI.framework/Versions/A/iCloudQuotaUI
0x00000001d7126000 	/System/Library/PrivateFrameworks/CoreCDPUI.framework/Versions/A/CoreCDPUI
0x00000001b6c60000 	/System/Library/PrivateFrameworks/CoreFollowUpUI.framework/Versions/A/CoreFollowUpUI
0x00000001c3a18000 	/System/Library/PrivateFrameworks/IMCore.framework/Versions/A/IMCore
0x00000001abf4c000 	/System/Library/PrivateFrameworks/CoreCDP.framework/Versions/A/CoreCDP
0x00000001a7eec000 	/System/Library/PrivateFrameworks/AskPermission.framework/Versions/A/AskPermission
0x00000001ba9a0000 	/System/Library/Frameworks/Quartz.framework/Versions/A/Quartz
0x00000001c74b9000 	/System/Library/PrivateFrameworks/CloudPhotoServicesConfiguration.framework/Versions/A/CloudPhotoServicesConfiguration
0x00000001b90a3000 	/System/Library/PrivateFrameworks/CommerceKit.framework/Versions/A/CommerceKit
0x00000001c8db7000 	/System/Library/PrivateFrameworks/FindMyMac.framework/Versions/A/FindMyMac
0x00000001c8c8a000 	/System/Library/Frameworks/PreferencePanes.framework/Versions/A/PreferencePanes
0x00000001bc3a8000 	/System/Library/Frameworks/AddressBook.framework/Versions/A/AddressBook
0x00000001a6dcf000 	/System/Library/PrivateFrameworks/AOSAccounts.framework/Versions/A/AOSAccounts
0x00000001a1015000 	/System/Library/PrivateFrameworks/AppleSRP.framework/Versions/A/AppleSRP
0x00000001a589f000 	/System/Library/PrivateFrameworks/NetFSServer.framework/Versions/A/NetFSServer
0x00000001b7e46000 	/System/Library/Frameworks/PDFKit.framework/Versions/A/PDFKit
0x0000000238515000 	/System/Library/Frameworks/TabularData.framework/Versions/A/TabularData
0x000000028803d000 	/usr/lib/swift/libswiftPassKit.dylib
0x00000001db11e000 	/System/Library/Frameworks/PassKit.framework/Versions/A/PassKit
0x00000001a9592000 	/System/Library/PrivateFrameworks/PassKitCore.framework/Versions/A/PassKitCore
0x0000000264c7e000 	/System/Library/PrivateFrameworks/PassKitMacHelperTemp.framework/Versions/A/PassKitMacHelperTemp
0x0000000286a08000 	/usr/lib/libAppleSSE.dylib
0x00000001b54e6000 	/System/Library/PrivateFrameworks/BiometricKit.framework/Versions/A/BiometricKit
0x000000026a758000 	/System/Library/PrivateFrameworks/SEService.framework/Versions/A/SEService
0x000000022f14f000 	/System/Library/Frameworks/FinanceKit.framework/Versions/A/FinanceKit
0x00000001baa4f000 	/System/Library/PrivateFrameworks/NearField.framework/Versions/A/NearField
0x0000000286e08000 	/usr/lib/libSESShared.dylib
0x000000026a9c0000 	/System/Library/PrivateFrameworks/STSXPCHelperClient.framework/Versions/A/STSXPCHelperClient
0x00000001bc7b4000 	/usr/lib/libnfshared.dylib
0x0000000275c0b000 	/System/Library/PrivateFrameworks/Symptoms.framework/Versions/A/Frameworks/SymptomPresentationFeed.framework/Versions/A/SymptomPresentationFeed
0x000000023dfaa000 	/System/Library/PrivateFrameworks/AppleMediaServicesKitInternal.framework/Versions/A/AppleMediaServicesKitInternal
0x000000023ec4d000 	/System/Library/PrivateFrameworks/AsyncAlgorithmsInternal.framework/Versions/A/AsyncAlgorithmsInternal
0x000000027594d000 	/System/Library/PrivateFrameworks/SymptomShared.framework/Versions/A/SymptomShared
0x00000001dde67000 	/System/Library/PrivateFrameworks/PassKitUIFoundation.framework/Versions/A/PassKitUIFoundation
0x00000001a0948000 	/System/Library/Frameworks/MapKit.framework/Versions/A/MapKit
0x0000000253b53000 	/System/Library/PrivateFrameworks/GeoAnalytics.framework/Versions/A/GeoAnalytics
0x00000001bc7e2000 	/System/Library/PrivateFrameworks/Navigation.framework/Versions/A/Navigation
0x00000001c6501000 	/System/Library/PrivateFrameworks/VectorKit.framework/Versions/A/VectorKit
0x00000001ad9a7000 	/System/Library/PrivateFrameworks/VirtualGarage.framework/Versions/A/VirtualGarage
0x00000001bc9c1000 	/System/Library/Frameworks/ExternalAccessory.framework/ExternalAccessory
0x00000001bc9dc000 	/System/Library/PrivateFrameworks/IAP.framework/Versions/A/IAP
0x00000001a0c04000 	/System/Library/PrivateFrameworks/IOPlatformPluginFamily.framework/Versions/A/IOPlatformPluginFamily
0x000000023f292000 	/System/Library/PrivateFrameworks/AvatarKit.framework/Versions/A/AvatarKit
0x000000023f351000 	/System/Library/PrivateFrameworks/AvatarPersistence.framework/Versions/A/AvatarPersistence
0x000000023889c000 	/System/Library/Frameworks/TipKit.framework/Versions/A/TipKit
0x00000001a9079000 	/System/Library/PrivateFrameworks/IMSharedUtilities.framework/Versions/A/IMSharedUtilities
0x0000000287fdc000 	/usr/lib/swift/libswiftAppleArchive.dylib
0x000000027b6a7000 	/System/Library/PrivateFrameworks/VFX.framework/Versions/A/VFX
0x00000001d8cd4000 	/System/Library/PrivateFrameworks/AppleCVA.framework/Versions/A/AppleCVA
0x000000023f350000 	/System/Library/PrivateFrameworks/AvatarKitContent.framework/Versions/A/AvatarKitContent
0x0000000231067000 	/System/Library/Frameworks/MetalFX.framework/Versions/A/MetalFX
0x000000024290f000 	/System/Library/PrivateFrameworks/CompositorNonUI.framework/Versions/A/CompositorNonUI
0x000000022d4d3000 	/System/Library/Frameworks/ARKit.framework/Versions/A/ARKit
0x000000023af8e000 	/System/Library/PrivateFrameworks/ARKitCore.framework/Versions/A/ARKitCore
0x0000000286b02000 	/usr/lib/libDisplayWarpSupport.dylib
0x000000024406a000 	/System/Library/PrivateFrameworks/CoreComposite.framework/Versions/A/CoreComposite
0x0000000286f3c000 	/usr/lib/libchannel.dylib
0x0000000287c39000 	/usr/lib/librealtime_safety.dylib
0x000000023b01b000 	/System/Library/PrivateFrameworks/ARKitFoundation.framework/Versions/A/ARKitFoundation
0x000000023d632000 	/System/Library/PrivateFrameworks/AppleDepth.framework/Versions/A/AppleDepth
0x000000023d7a8000 	/System/Library/PrivateFrameworks/AppleDepthCore.framework/Versions/A/AppleDepthCore
0x00000001a0d3d000 	/System/Library/PrivateFrameworks/CoreAppleCVA.framework/Versions/A/CoreAppleCVA
0x00000001adad5000 	/System/Library/PrivateFrameworks/ContactsUICore.framework/Versions/A/ContactsUICore
0x00000001b531c000 	/System/Library/PrivateFrameworks/ContactsDonation.framework/Versions/A/ContactsDonation
0x00000001b4bd3000 	/System/Library/PrivateFrameworks/DataDetectors.framework/Versions/A/DataDetectors
0x00000001a751d000 	/System/Library/Frameworks/MediaLibrary.framework/Versions/A/MediaLibrary
0x00000001a1c37000 	/System/Library/PrivateFrameworks/PersonaKit.framework/Versions/A/PersonaKit
0x00000001adac3000 	/System/Library/PrivateFrameworks/PersonaUI.framework/Versions/A/PersonaUI
0x00000001c86ac000 	/System/Library/PrivateFrameworks/Transparency.framework/Versions/A/Transparency
0x000000024a883000 	/System/Library/PrivateFrameworks/FindMyLocate.framework/Versions/A/FindMyLocate
0x00000001b6bdf000 	/System/Library/PrivateFrameworks/IntlPreferences.framework/Versions/A/IntlPreferences
0x000000024a75c000 	/System/Library/PrivateFrameworks/FindMyCommon.framework/Versions/A/FindMyCommon
0x000000024a54b000 	/System/Library/PrivateFrameworks/FindMyBase.framework/Versions/A/FindMyBase
0x0000000235be6000 	/System/Library/Frameworks/NearbyInteraction.framework/Versions/A/NearbyInteraction
0x00000001a1856000 	/System/Library/PrivateFrameworks/AddressBookCore.framework/Versions/A/AddressBookCore
0x00000001bc53f000 	/System/Library/PrivateFrameworks/ToneKit.framework/Versions/A/ToneKit
0x00000001b6c26000 	/System/Library/PrivateFrameworks/ToneLibrary.framework/Versions/A/ToneLibrary
0x0000000242c14000 	/System/Library/PrivateFrameworks/ContactsAccounts.framework/Versions/A/ContactsAccounts
0x00000001ba8bb000 	/System/Library/PrivateFrameworks/Lookup.framework/Versions/A/Lookup
0x00000002364cb000 	/System/Library/Frameworks/QuickLookUI.framework/Versions/A/QuickLookUI
0x0000000236ee0000 	/System/Library/Frameworks/ScreenCaptureKit.framework/Versions/A/ScreenCaptureKit
0x00000001b795a000 	/System/Library/Frameworks/Quartz.framework/Versions/A/Frameworks/QuartzComposer.framework/Versions/A/QuartzComposer
0x00000001b6bb6000 	/System/Library/Frameworks/Quartz.framework/Versions/A/Frameworks/QuartzFilters.framework/Versions/A/QuartzFilters
0x00000001b5c62000 	/System/Library/Frameworks/Quartz.framework/Versions/A/Frameworks/ImageKit.framework/Versions/A/ImageKit
0x000000022d2e0000 	/System/Library/Frameworks/OpenCL.framework/Versions/A/OpenCL
0x00000001b4171000 	/System/Library/PrivateFrameworks/CorePDF.framework/Versions/A/CorePDF
0x000000019e8ff000 	/System/Library/Frameworks/QuickLook.framework/Versions/A/QuickLook
0x00000001a9482000 	/System/Library/PrivateFrameworks/DisplayServices.framework/Versions/A/DisplayServices
0x00000001b6b3b000 	/System/Library/Frameworks/ImageCaptureCore.framework/Versions/A/ImageCaptureCore
0x000000027d6b6000 	/System/Library/PrivateFrameworks/VisionKitCore.framework/Versions/A/VisionKitCore
0x00000001b226f000 	/System/Library/PrivateFrameworks/QuickLookSupport.framework/Versions/A/QuickLookSupport
0x000000025eedb000 	/System/Library/PrivateFrameworks/MediaAnalysisServices.framework/Versions/A/MediaAnalysisServices
0x00000001b98a6000 	/System/Library/PrivateFrameworks/PhotoLibraryServices.framework/Versions/A/PhotoLibraryServices
0x00000001b6753000 	/System/Library/Frameworks/Photos.framework/Versions/A/Photos
0x00000001cb039000 	/System/Library/PrivateFrameworks/PhotosFormats.framework/Versions/A/PhotosFormats
0x00000001c74e4000 	/System/Library/PrivateFrameworks/CloudPhotoLibrary.framework/Versions/A/CloudPhotoLibrary
0x00000001d08de000 	/System/Library/PrivateFrameworks/CloudPhotoServices.framework/Versions/A/CloudPhotoServices
0x00000001cce72000 	/System/Library/PrivateFrameworks/CoreMediaStream.framework/Versions/A/CoreMediaStream
0x00000001a22f0000 	/System/Library/PrivateFrameworks/CPAnalytics.framework/Versions/A/CPAnalytics
0x00000001c93b0000 	/System/Library/PrivateFrameworks/MediaConversionService.framework/Versions/A/MediaConversionService
0x00000001a9065000 	/System/Library/PrivateFrameworks/PhotoFoundation.framework/Versions/A/PhotoFoundation
0x0000000266495000 	/System/Library/PrivateFrameworks/PhotoLibraryServicesCore.framework/Versions/A/PhotoLibraryServicesCore
0x00000001c3126000 	/System/Library/PrivateFrameworks/MMCS.framework/Versions/A/MMCS
0x00000001a7376000 	/System/Library/PrivateFrameworks/ChunkingLibrary.framework/Versions/A/ChunkingLibrary
0x00000001a0fe2000 	/System/Library/PrivateFrameworks/AssetCacheServices.framework/Versions/A/AssetCacheServices
0x00000001a2fa8000 	/System/Library/PrivateFrameworks/AVFoundationCF.framework/Versions/A/AVFoundationCF
0x00000001e0e60000 	/usr/lib/swift/libswiftDemangle.dylib
0x0000000256cce000 	/System/Library/PrivateFrameworks/ImageCaptureDevices.framework/Versions/A/ImageCaptureDevices
0x00000001b4e90000 	/System/Library/PrivateFrameworks/MediaStream.framework/Versions/A/MediaStream
0x00000001c9852000 	/System/Library/PrivateFrameworks/NeutrinoCore.framework/Versions/A/NeutrinoCore
0x00000001907b4000 	/System/Library/PrivateFrameworks/NLP.framework/Versions/A/NLP
0x00000001cf671000 	/System/Library/PrivateFrameworks/PhotoImaging.framework/Versions/A/PhotoImaging
0x00000001d089f000 	/System/Library/PrivateFrameworks/PhotosImagingFoundation.framework/Versions/A/PhotosImagingFoundation
0x0000000267042000 	/System/Library/PrivateFrameworks/PhotosIntelligenceCore.framework/Versions/A/PhotosIntelligenceCore
0x00000001a33e4000 	/System/Library/PrivateFrameworks/EmbeddedAcousticRecognition.framework/Versions/A/EmbeddedAcousticRecognition
0x00000001be743000 	/System/Library/PrivateFrameworks/EmojiFoundation.framework/Versions/A/EmojiFoundation
0x00000001c775d000 	/System/Library/PrivateFrameworks/SDAPI.framework/Versions/A/SDAPI
0x00000001d08ed000 	/System/Library/PrivateFrameworks/AutoLoop.framework/Versions/A/AutoLoop
0x0000000267c23000 	/System/Library/PrivateFrameworks/Portrait.framework/Versions/A/Portrait
0x000000024af13000 	/System/Library/PrivateFrameworks/FusionTracker.framework/Versions/A/FusionTracker
0x00000001b73f4000 	/System/Library/PrivateFrameworks/iTunesCloud.framework/Versions/A/iTunesCloud
0x00000001c064b000 	/System/Library/PrivateFrameworks/DAAPKit.framework/Versions/A/DAAPKit
0x00000001b25ec000 	/System/Library/PrivateFrameworks/DeviceManagement.framework/Versions/A/DeviceManagement
0x00000001d68ec000 	/System/Library/PrivateFrameworks/ScreenTimeUI.framework/Versions/A/ScreenTimeUI
0x00000001b4bcd000 	/System/Library/PrivateFrameworks/QuickLookNonBaseSystem.framework/Versions/A/QuickLookNonBaseSystem
0x00000001b53f2000 	/System/Library/PrivateFrameworks/Catalyst.framework/Versions/A/Catalyst
0x00000001b6dd8000 	/System/Library/PrivateFrameworks/ScreenTimeCore.framework/Versions/A/ScreenTimeCore
0x00000001ca4e3000 	/System/Library/PrivateFrameworks/ScreenTimeServiceUI.framework/Versions/A/ScreenTimeServiceUI
0x00000001c32b6000 	/System/Library/PrivateFrameworks/ConfigurationEngineModel.framework/Versions/A/ConfigurationEngineModel
0x00000001c64ba000 	/System/Library/PrivateFrameworks/UsageTracking.framework/Versions/A/UsageTracking
0x000000022ede1000 	/System/Library/Frameworks/DeviceActivity.framework/Versions/A/DeviceActivity
0x00000001c648a000 	/System/Library/PrivateFrameworks/KnowledgeMonitor.framework/Versions/A/KnowledgeMonitor
0x00000001dde0d000 	/System/Library/PrivateFrameworks/BluetoothManager.framework/Versions/A/BluetoothManager
0x00000002303ec000 	/System/Library/Frameworks/ManagedSettings.framework/Versions/A/ManagedSettings
0x000000025e638000 	/System/Library/PrivateFrameworks/ManagedSettingsSupport.framework/Versions/A/ManagedSettingsSupport
0x00000001db1ee000 	/System/Library/Frameworks/ReplayKit.framework/Versions/A/ReplayKit
0x00000001aa442000 	/System/Library/PrivateFrameworks/MarkupUI.framework/Versions/A/MarkupUI
0x00000001b4ba5000 	/System/Library/PrivateFrameworks/SidecarCore.framework/Versions/A/SidecarCore
0x00000001b780f000 	/System/Library/PrivateFrameworks/AnnotationKit.framework/Versions/A/AnnotationKit
0x00000001b5ea7000 	/System/Library/Frameworks/PencilKit.framework/Versions/A/PencilKit
0x00000001b606c000 	/System/Library/PrivateFrameworks/SidecarUI.framework/Versions/A/SidecarUI
0x00000001b5802000 	/System/Library/PrivateFrameworks/CoreHandwriting.framework/Versions/A/CoreHandwriting
0x000000018a35a000 	/usr/lib/libmecabra.dylib
0x00000001ae09b000 	/System/Library/PrivateFrameworks/Calculate.framework/Versions/A/Calculate
0x0000000199f05000 	/usr/lib/libChineseTokenizer.dylib
0x00000001ec272000 	/System/Library/PrivateFrameworks/ScreenReaderCore.framework/Versions/A/ScreenReaderCore
0x0000000274e79000 	/System/Library/PrivateFrameworks/StocksKit.framework/Versions/A/StocksKit
0x00000001ad090000 	/System/Library/PrivateFrameworks/OAuth.framework/Versions/A/OAuth
0x0000000274b6a000 	/System/Library/PrivateFrameworks/StocksCore.framework/Versions/A/StocksCore
0x000000027617b000 	/System/Library/PrivateFrameworks/TeaFoundation.framework/Versions/A/TeaFoundation
0x000000027635d000 	/System/Library/PrivateFrameworks/TeaSettings.framework/Versions/A/TeaSettings
0x00000001e2528000 	/System/Library/PrivateFrameworks/NewsCore.framework/Versions/A/NewsCore
0x0000000276117000 	/System/Library/PrivateFrameworks/TeaDB.framework/Versions/A/TeaDB
0x00000001def24000 	/System/Library/PrivateFrameworks/RemoteConfiguration.framework/Versions/A/RemoteConfiguration
0x00000001e2133000 	/System/Library/PrivateFrameworks/NewsTransport.framework/Versions/A/NewsTransport
0x00000001e2518000 	/System/Library/PrivateFrameworks/NewsFoundation.framework/Versions/A/NewsFoundation
0x0000000262970000 	/System/Library/PrivateFrameworks/NewsURLBucket.framework/Versions/A/NewsURLBucket
0x00000001b949d000 	/System/Library/PrivateFrameworks/MobileInstallation.framework/Versions/A/MobileInstallation
0x0000000238a09000 	/System/Library/Frameworks/Translation.framework/Versions/A/Translation
0x00000001d22f1000 	/System/Library/PrivateFrameworks/RevealCore.framework/Versions/A/RevealCore
0x00000001d22e5000 	/System/Library/PrivateFrameworks/Reveal.framework/Versions/A/Reveal
0x00000001ca1ad000 	/System/Library/Frameworks/Speech.framework/Versions/A/Speech
0x0000000239e6e000 	/System/Library/PrivateFrameworks/AIMLExperimentationAnalytics.framework/Versions/A/AIMLExperimentationAnalytics
0x000000023c1e9000 	/System/Library/PrivateFrameworks/AlgorithmsInternal.framework/Versions/A/AlgorithmsInternal
0x00000002799b1000 	/System/Library/PrivateFrameworks/TranslationUIServices.framework/Versions/A/TranslationUIServices
0x000000027889c000 	/System/Library/PrivateFrameworks/TipKitCore.framework/Versions/A/TipKitCore
0x00000001be7c7000 	/System/Library/PrivateFrameworks/CoreCDPInternal.framework/Versions/A/CoreCDPInternal
0x00000002574ab000 	/System/Library/PrivateFrameworks/InputAnalytics.framework/Versions/A/InputAnalytics
0x00000001c42e4000 	/System/Library/Frameworks/InstantMessage.framework/Versions/A/InstantMessage
0x00000001bc2b6000 	/System/Library/PrivateFrameworks/IDSKVStore.framework/Versions/A/IDSKVStore
0x00000001bbf7c000 	/System/Library/PrivateFrameworks/IMDPersistence.framework/Versions/A/IMDPersistence
0x000000027b59d000 	/System/Library/PrivateFrameworks/UserSafety.framework/Versions/A/UserSafety
0x00000001dd01d000 	/System/Library/PrivateFrameworks/BlastDoor.framework/Versions/A/BlastDoor
0x000000025b95d000 	/System/Library/PrivateFrameworks/LinkPresentationStyleSheetParsing.framework/Versions/A/LinkPresentationStyleSheetParsing
0x0000000267dd4000 	/System/Library/PrivateFrameworks/PosterFoundation.framework/Versions/A/PosterFoundation
0x0000000267e63000 	/System/Library/PrivateFrameworks/PosterModel.framework/Versions/A/PosterModel
0x0000000267e3e000 	/System/Library/PrivateFrameworks/PosterFuturesKit.framework/Versions/A/PosterFuturesKit
0x000000024a33a000 	/System/Library/PrivateFrameworks/FeedbackService.framework/Versions/A/FeedbackService
0x00000001b5273000 	/System/Library/PrivateFrameworks/CoreSDB.framework/Versions/A/CoreSDB
0x000000023ea36000 	/System/Library/PrivateFrameworks/AskToCore.framework/Versions/A/AskToCore
0x00000001d7123000 	/System/Library/PrivateFrameworks/MachineSettings.framework/Versions/A/MachineSettings
0x00000001c8c0c000 	/System/Library/PrivateFrameworks/BezelServices.framework/Versions/A/BezelServices
0x00000001c06d7000 	/System/Library/PrivateFrameworks/SPOwner.framework/Versions/A/SPOwner
0x00000001b9108000 	/System/Library/PrivateFrameworks/FMCore.framework/Versions/A/FMCore
0x0000000281ebd000 	/System/Library/PrivateFrameworks/iCloudQuota.framework/Versions/A/iCloudQuota
0x00000001ada40000 	/System/Library/PrivateFrameworks/CoreRecognition.framework/Versions/A/CoreRecognition
0x00000001c8cc2000 	/System/Library/PrivateFrameworks/InAppMessages.framework/Versions/A/InAppMessages
0x00000001eae5b000 	/System/Library/PrivateFrameworks/JetUI.framework/Versions/A/JetUI
0x000000025ac3e000 	/System/Library/PrivateFrameworks/JetPack.framework/Versions/A/JetPack
0x00000001c8cb9000 	/System/Library/PrivateFrameworks/InAppMessagesCore.framework/Versions/A/InAppMessagesCore
0x0000000281275000 	/System/Library/PrivateFrameworks/_JetEngine_SwiftUI.framework/Versions/A/_JetEngine_SwiftUI
0x0000000275c34000 	/System/Library/PrivateFrameworks/Synapse.framework/Versions/A/Synapse
0x0000000240be1000 	/System/Library/PrivateFrameworks/CSExattrCrypto.framework/Versions/A/CSExattrCrypto
0x00000001ba5a4000 	/System/Library/PrivateFrameworks/StoreFoundation.framework/Versions/A/StoreFoundation
0x00000001b9102000 	/System/Library/PrivateFrameworks/ServerInformation.framework/Versions/A/ServerInformation
0x00000001b8b33000 	/System/Library/PrivateFrameworks/Install.framework/Frameworks/DistributionKit.framework/Versions/A/DistributionKit
0x00000001b2043000 	/System/Library/PrivateFrameworks/PackageKit.framework/Versions/A/PackageKit
0x00000001b8b56000 	/System/Library/PrivateFrameworks/OSPersonalization.framework/Versions/A/OSPersonalization
0x00000001bab2e000 	/System/Library/PrivateFrameworks/BridgeOSSoftwareUpdate.framework/Versions/A/BridgeOSSoftwareUpdate
0x00000001b570a000 	/System/Library/PrivateFrameworks/StorageManagement.framework/Versions/A/StorageManagement
0x00000001ca030000 	/usr/lib/libauthinstall.dylib
0x00000001bab37000 	/System/Library/PrivateFrameworks/InstallerDiagnostics.framework/Versions/A/InstallerDiagnostics
0x00000001ca6af000 	/usr/lib/libcrypto.42.dylib
0x0000000288543000 	/usr/lib/updaters/libAppleTconUARPUpdater.dylib
0x00000002886cd000 	/usr/lib/updaters/libT200Updater.dylib
0x00000001bab1c000 	/System/Library/PrivateFrameworks/GPUInfo.framework/Versions/A/GPUInfo
0x00000001c8dbd000 	/System/Library/PrivateFrameworks/MobileActivationMacOS.framework/Versions/A/MobileActivationMacOS
0x00000001acfd2000 	/System/Library/PrivateFrameworks/AccountsDaemon.framework/Versions/A/AccountsDaemon
0x000000019d04b000 	/System/Library/PrivateFrameworks/CacheDelete.framework/Versions/A/CacheDelete
0x00000001a59c3000 	/System/Library/Frameworks/QuickLookThumbnailing.framework/Versions/A/QuickLookThumbnailing
0x00000001bab7b000 	/System/Library/PrivateFrameworks/AOSKit.framework/Versions/A/AOSKit
0x000000019a036000 	/System/Library/PrivateFrameworks/AppSSOCore.framework/Versions/A/AppSSOCore
0x00000001b457b000 	/System/Library/Frameworks/AVFoundation.framework/Versions/A/AVFoundation
0x000000023f3ea000 	/System/Library/PrivateFrameworks/BackgroundSystemTasks.framework/Versions/A/BackgroundSystemTasks
0x00000001a58d9000 	/System/Library/PrivateFrameworks/DuetActivityScheduler.framework/Versions/A/DuetActivityScheduler
0x00000001c7413000 	/System/Library/PrivateFrameworks/NetworkServiceProxy.framework/Versions/A/NetworkServiceProxy
0x00000001a0c76000 	/usr/lib/libnetworkextension.dylib
0x00000001a32f2000 	/System/Library/PrivateFrameworks/Rapport.framework/Versions/A/Rapport
0x000000027595d000 	/System/Library/PrivateFrameworks/Symptoms.framework/Versions/A/Frameworks/SymptomAnalytics.framework/Versions/A/SymptomAnalytics
0x000000019da7f000 	/System/Library/Frameworks/NetworkExtension.framework/Versions/A/NetworkExtension
0x00000001a4099000 	/System/Library/PrivateFrameworks/CoreDuetContext.framework/Versions/A/CoreDuetContext
0x000000018ede1000 	/System/Library/PrivateFrameworks/CoreDuet.framework/Versions/A/CoreDuet
0x00000001a8dbe000 	/System/Library/PrivateFrameworks/AssistantServices.framework/Versions/A/AssistantServices
0x00000001a30ec000 	/System/Library/PrivateFrameworks/SAObjects.framework/Versions/A/SAObjects
0x00000001a89b9000 	/System/Library/PrivateFrameworks/MediaRemote.framework/Versions/A/MediaRemote
0x00000001bb06f000 	/System/Library/PrivateFrameworks/SiriInstrumentation.framework/Versions/A/SiriInstrumentation
0x000000026c8bc000 	/System/Library/PrivateFrameworks/SiriAnalytics.framework/Versions/A/SiriAnalytics
0x0000000272763000 	/System/Library/PrivateFrameworks/SiriTTSService.framework/Versions/A/SiriTTSService
0x000000026d1f8000 	/System/Library/PrivateFrameworks/SiriCrossDeviceArbitration.framework/Versions/A/SiriCrossDeviceArbitration
0x00000001b88cb000 	/System/Library/PrivateFrameworks/FeedbackLogger.framework/Versions/A/FeedbackLogger
0x0000000249ee2000 	/System/Library/PrivateFrameworks/FaceTimeNameUtility.framework/Versions/A/FaceTimeNameUtility
0x000000026d24c000 	/System/Library/PrivateFrameworks/SiriCrossDeviceArbitrationFeedback.framework/Versions/A/SiriCrossDeviceArbitrationFeedback
0x000000025393d000 	/System/Library/PrivateFrameworks/GenerativeModels.framework/Versions/A/GenerativeModels
0x000000022d619000 	/System/Library/Frameworks/AVRouting.framework/Versions/A/AVRouting
0x00000001ad853000 	/System/Library/PrivateFrameworks/MediaServices.framework/Versions/A/MediaServices
0x00000001a2f2a000 	/System/Library/Frameworks/LocalAuthentication.framework/Versions/A/LocalAuthentication
0x000000025bb93000 	/System/Library/PrivateFrameworks/LocalAuthenticationCore.framework/Versions/A/LocalAuthenticationCore
0x000000025bd18000 	/System/Library/PrivateFrameworks/LocalAuthenticationCredentialServices.framework/Versions/A/LocalAuthenticationCredentialServices
0x00000001a2f96000 	/System/Library/Frameworks/LocalAuthentication.framework/Support/SharedUtils.framework/Versions/A/SharedUtils
0x000000019a480000 	/System/Library/PrivateFrameworks/PersistentConnection.framework/Versions/A/PersistentConnection
0x0000000273f78000 	/System/Library/PrivateFrameworks/SonicFoundation.framework/Versions/A/SonicFoundation
0x0000000248740000 	/System/Library/PrivateFrameworks/Dendrite.framework/Versions/A/Dendrite
0x00000001bcf7e000 	/usr/lib/libtailspin.dylib
0x00000001d09fd000 	/System/Library/PrivateFrameworks/Osprey.framework/Versions/A/Osprey
0x0000000271dbd000 	/System/Library/PrivateFrameworks/SiriTTS.framework/Versions/A/SiriTTS
0x00000001b5339000 	/System/Library/Frameworks/NaturalLanguage.framework/Versions/A/NaturalLanguage
0x0000000270ba3000 	/System/Library/PrivateFrameworks/SiriPowerInstrumentation.framework/Versions/A/SiriPowerInstrumentation
0x00000001b61fc000 	/System/Library/PrivateFrameworks/Trial.framework/Versions/A/Trial
0x00000001b617e000 	/System/Library/PrivateFrameworks/TrialProto.framework/Versions/A/TrialProto
0x000000027ac62000 	/System/Library/PrivateFrameworks/UnifiedAssetFramework.framework/Versions/A/UnifiedAssetFramework
0x00000001d2a25000 	/usr/lib/swift/libswiftAVFoundation.dylib
0x00000001e2ec6000 	/usr/lib/swift/libswiftNaturalLanguage.dylib
0x0000000276115000 	/System/Library/PrivateFrameworks/TailspinSymbolication.framework/Versions/A/TailspinSymbolication
0x000000024837f000 	/System/Library/PrivateFrameworks/Darwinup.framework/Versions/A/Darwinup
0x00000001c93eb000 	/System/Library/PrivateFrameworks/SignpostSupport.framework/Versions/A/SignpostSupport
0x00000001b5200000 	/System/Library/PrivateFrameworks/FeatureFlagsSupport.framework/Versions/A/FeatureFlagsSupport
0x00000001c8b1e000 	/System/Library/PrivateFrameworks/ktrace.framework/Versions/A/ktrace
0x00000001c961a000 	/System/Library/PrivateFrameworks/SampleAnalysis.framework/Versions/A/SampleAnalysis
0x00000001d22bf000 	/System/Library/PrivateFrameworks/kperfdata.framework/Versions/A/kperfdata
0x000000019ea40000 	/usr/lib/libdscsym.dylib
0x00000001d277b000 	/System/Library/PrivateFrameworks/BulkSymbolication.framework/Versions/A/BulkSymbolication
0x00000001a5a0f000 	/System/Library/PrivateFrameworks/Espresso.framework/Versions/A/Espresso
0x0000000193a29000 	/System/Library/Frameworks/CoreML.framework/Versions/A/CoreML
0x00000001ec619000 	/System/Library/PrivateFrameworks/ANECompiler.framework/Versions/A/ANECompiler
0x00000001a7b08000 	/System/Library/PrivateFrameworks/AppleNeuralEngine.framework/Versions/A/AppleNeuralEngine
0x0000000231113000 	/System/Library/Frameworks/MetalPerformanceShadersGraph.framework/Versions/A/MetalPerformanceShadersGraph
0x000000025c61f000 	/System/Library/PrivateFrameworks/MLCompilerServices.framework/Versions/A/MLCompilerServices
0x00000001a68b3000 	/System/Library/PrivateFrameworks/ANEServices.framework/Versions/A/ANEServices
0x00000002639cc000 	/System/Library/PrivateFrameworks/ODIE.framework/Versions/A/ODIE
0x000000025c5c3000 	/System/Library/PrivateFrameworks/MLCompilerRuntime.framework/Versions/A/MLCompilerRuntime
0x0000000197e33000 	/System/Library/Frameworks/MLCompute.framework/Versions/A/MLCompute
0x000000025c545000 	/System/Library/PrivateFrameworks/MLAssetIO.framework/Versions/A/MLAssetIO
0x000000028801b000 	/usr/lib/swift/libswiftMLCompute.dylib
0x00000001a2a7d000 	/System/Library/PrivateFrameworks/AVFCore.framework/Versions/A/AVFCore
0x00000001abfdd000 	/System/Library/PrivateFrameworks/AVFCapture.framework/Versions/A/AVFCapture
0x00000002407e6000 	/System/Library/PrivateFrameworks/CMImaging.framework/Versions/A/CMImaging
0x00000001ac227000 	/System/Library/PrivateFrameworks/Quagga.framework/Versions/A/Quagga
0x00000001ac35b000 	/System/Library/PrivateFrameworks/CMCapture.framework/Versions/A/CMCapture
0x000000019cc6f000 	/System/Library/Frameworks/CoreMediaIO.framework/Versions/A/CoreMediaIO
0x0000000240722000 	/System/Library/PrivateFrameworks/CMCaptureDevice.framework/Versions/A/CMCaptureDevice
0x000000019a5f6000 	/System/Library/PrivateFrameworks/CoreBrightness.framework/Versions/A/CoreBrightness
0x0000000241838000 	/System/Library/PrivateFrameworks/CinematicFraming.framework/Versions/A/CinematicFraming
0x0000000260682000 	/System/Library/PrivateFrameworks/ModelManagerServices.framework/Versions/A/ModelManagerServices
0x00000001cfabb000 	/System/Library/PrivateFrameworks/CPMS.framework/Versions/A/CPMS
0x0000000275e0b000 	/System/Library/PrivateFrameworks/SystemStatus.framework/Versions/A/SystemStatus
0x00000001b4173000 	/System/Library/Frameworks/CoreMotion.framework/Versions/A/CoreMotion
0x00000001c43a2000 	/System/Library/PrivateFrameworks/TimeSync.framework/Versions/A/TimeSync
0x0000000249062000 	/System/Library/PrivateFrameworks/DistributedSensing.framework/Versions/A/DistributedSensing
0x00000001bf916000 	/System/Library/PrivateFrameworks/MobileBluetooth.framework/Versions/A/MobileBluetooth
0x00000001c60a2000 	/System/Library/PrivateFrameworks/IOKitten.framework/Versions/A/IOKitten
0x000000023dc31000 	/System/Library/PrivateFrameworks/AppleIntelligenceReporting.framework/Versions/A/AppleIntelligenceReporting
0x000000018b5d6000 	/System/Library/PrivateFrameworks/LanguageModeling.framework/Versions/A/LanguageModeling
0x00000001905bb000 	/System/Library/PrivateFrameworks/Montreal.framework/Versions/A/Montreal
0x00000001988b2000 	/usr/lib/libcmph.dylib
0x0000000253a1a000 	/System/Library/PrivateFrameworks/GenerativeModelsFoundation.framework/Versions/A/GenerativeModelsFoundation
0x0000000278c05000 	/System/Library/PrivateFrameworks/TokenGeneration.framework/Versions/A/TokenGeneration
0x00000002537f9000 	/System/Library/PrivateFrameworks/GenerativeFunctions.framework/Versions/A/GenerativeFunctions
0x0000000253845000 	/System/Library/PrivateFrameworks/GenerativeFunctionsFoundation.framework/Versions/A/GenerativeFunctionsFoundation
0x000000026029f000 	/System/Library/PrivateFrameworks/ModelCatalog.framework/Versions/A/ModelCatalog
0x000000026bd68000 	/System/Library/PrivateFrameworks/SensitiveContentAnalysisML.framework/Versions/A/SensitiveContentAnalysisML
0x00000002538da000 	/System/Library/PrivateFrameworks/GenerativeFunctionsInstrumentation.framework/Versions/A/GenerativeFunctionsInstrumentation
0x0000000268f64000 	/System/Library/PrivateFrameworks/PromptKit.framework/Versions/A/PromptKit
0x0000000268a35000 	/System/Library/PrivateFrameworks/ProactiveDaemonSupport.framework/Versions/A/ProactiveDaemonSupport
0x0000000278e53000 	/System/Library/PrivateFrameworks/TokenGenerationCore.framework/Versions/A/TokenGenerationCore
0x000000023d892000 	/System/Library/PrivateFrameworks/AppleFlatBuffers.framework/Versions/A/AppleFlatBuffers
0x000000026bfa1000 	/System/Library/PrivateFrameworks/SentencePieceInternal.framework/Versions/A/SentencePieceInternal
0x00000001a105a000 	/System/Library/Frameworks/Vision.framework/Versions/A/Vision
0x0000000247d56000 	/System/Library/PrivateFrameworks/CoreSceneUnderstanding.framework/Versions/A/CoreSceneUnderstanding
0x000000027d66a000 	/System/Library/PrivateFrameworks/VisionCore.framework/Versions/A/VisionCore
0x00000001be8af000 	/System/Library/Frameworks/Vision.framework/libfaceCore.dylib
0x00000001bf3d2000 	/System/Library/PrivateFrameworks/Futhark.framework/Versions/A/Futhark
0x00000001c31d2000 	/System/Library/PrivateFrameworks/InertiaCam.framework/Versions/A/InertiaCam
0x00000001bf15a000 	/System/Library/PrivateFrameworks/TextRecognition.framework/Versions/A/TextRecognition
0x000000019a057000 	/System/Library/PrivateFrameworks/CVNLP.framework/Versions/A/CVNLP
0x00000001934c7000 	/System/Library/PrivateFrameworks/ApplePushService.framework/Versions/A/ApplePushService
0x0000000193532000 	/System/Library/Frameworks/CloudKit.framework/Versions/A/CloudKit
0x00000001a6a71000 	/System/Library/PrivateFrameworks/CoreDuetDaemonProtocol.framework/Versions/A/CoreDuetDaemonProtocol
0x00000001cbc02000 	/System/Library/PrivateFrameworks/DeviceIdentity.framework/Versions/A/DeviceIdentity
0x00000002370f7000 	/System/Library/Frameworks/SharedWithYouCore.framework/Versions/A/SharedWithYouCore
0x00000002420e0000 	/System/Library/PrivateFrameworks/CloudTelemetry.framework/Versions/A/CloudTelemetry
0x00000001a53a6000 	/System/Library/PrivateFrameworks/AppleAccount.framework/Versions/A/AppleAccount
0x00000001a5968000 	/System/Library/PrivateFrameworks/C2.framework/Versions/A/C2
0x0000000241d52000 	/System/Library/PrivateFrameworks/CloudCoreInternal.framework/Versions/A/CloudCoreInternal
0x0000000241af7000 	/System/Library/PrivateFrameworks/CloudAsset.framework/Versions/A/CloudAsset
0x00000001a595f000 	/System/Library/Frameworks/PushKit.framework/Versions/A/PushKit
0x0000000242100000 	/System/Library/PrivateFrameworks/CloudTelemetryTools.framework/Versions/A/CloudTelemetryTools
0x00000001a7863000 	/System/Library/PrivateFrameworks/RTCReporting.framework/Versions/A/RTCReporting
0x0000000239d53000 	/System/Library/PrivateFrameworks/AAAFoundationSwift.framework/Versions/A/AAAFoundationSwift
0x00000001a5631000 	/System/Library/PrivateFrameworks/AppleIDSSOAuthentication.framework/Versions/A/AppleIDSSOAuthentication
0x00000001ba44f000 	/System/Library/PrivateFrameworks/CaptiveNetwork.framework/Versions/A/CaptiveNetwork
0x00000001a4e37000 	/System/Library/PrivateFrameworks/EAP8021X.framework/Versions/A/EAP8021X
0x0000000248165000 	/System/Library/PrivateFrameworks/CryptoKitPrivate.framework/Versions/A/CryptoKitPrivate
0x00000001b47ca000 	/System/Library/PrivateFrameworks/FindMyDevice.framework/Versions/A/FindMyDevice
0x00000001a9572000 	/System/Library/PrivateFrameworks/FMCoreLite.framework/Versions/A/FMCoreLite
0x0000000197ad3000 	/System/Library/Frameworks/ServiceManagement.framework/Versions/A/ServiceManagement
0x0000000119f40000 	/Users/blueonion/.openjfx/cache/23.0.1+4/aarch64/libjavafx_font.dylib
0x00000001c95e3000 	/System/Library/PrivateFrameworks/UIKitServices.framework/Versions/A/UIKitServices
0x0000000276926000 	/System/Library/PrivateFrameworks/TextInputUI.framework/Versions/A/TextInputUI
0x000000027695b000 	/System/Library/PrivateFrameworks/TextInputUIMacHelper.framework/Versions/A/TextInputUIMacHelper
0x00000001bf4c2000 	/System/Library/PrivateFrameworks/SafariPlatformSupport.framework/Versions/A/SafariPlatformSupport
0x0000000274599000 	/System/Library/PrivateFrameworks/SpotlightKnowledge.framework/Versions/A/SpotlightKnowledge
0x0000000274580000 	/System/Library/PrivateFrameworks/SpotlightEmbedding.framework/Versions/A/SpotlightEmbedding
0x000000018ed84000 	/System/Library/PrivateFrameworks/SpotlightLinguistics.framework/Versions/A/SpotlightLinguistics
0x000000027474d000 	/System/Library/PrivateFrameworks/SpotlightResources.framework/Versions/A/SpotlightResources
0x00000001ba413000 	/System/Library/PrivateFrameworks/DataDeliveryServices.framework/Versions/A/DataDeliveryServices

JVMTI agents:
/Applications/IntelliJ IDEA CE.app/Contents/lib/idea_rt.jar path:none, loaded, initialized, instrumentlib options:49178


VM Arguments:
jvm_args: -javaagent:/Applications/IntelliJ IDEA CE.app/Contents/lib/idea_rt.jar=49178 -Dfile.encoding=UTF-8 -Dsun.stdout.encoding=UTF-8 -Dsun.stderr.encoding=UTF-8 
java_command: com.chatapp.AppLauncher
java_class_path (initial): /Users/blueonion/Documents/Do_an/Do_an_co_so_4/ChatRoom/workspace/client/target/classes:/Users/blueonion/.m2/repository/org/openjfx/javafx-controls/23.0.1/javafx-controls-23.0.1.jar:/Users/blueonion/.m2/repository/org/openjfx/javafx-controls/23.0.1/javafx-controls-23.0.1-mac-aarch64.jar:/Users/blueonion/.m2/repository/org/openjfx/javafx-fxml/23.0.1/javafx-fxml-23.0.1.jar:/Users/blueonion/.m2/repository/org/openjfx/javafx-fxml/23.0.1/javafx-fxml-23.0.1-mac-aarch64.jar:/Users/blueonion/.m2/repository/org/openjfx/javafx-graphics/23.0.1/javafx-graphics-23.0.1.jar:/Users/blueonion/.m2/repository/org/openjfx/javafx-graphics/23.0.1/javafx-graphics-23.0.1-mac-aarch64.jar:/Users/blueonion/.m2/repository/org/openjfx/javafx-base/23.0.1/javafx-base-23.0.1.jar:/Users/blueonion/.m2/repository/org/openjfx/javafx-base/23.0.1/javafx-base-23.0.1-mac-aarch64.jar:/Users/blueonion/.m2/repository/org/openjfx/javafx-media/23.0.1/javafx-media-23.0.1.jar:/Users/blueonion/.m2/repository/org/openjfx/javafx-media/23.0.1/javafx-media-23.0.1-mac-aarch64.jar:/Users/blueonion/.m2/repository/com/alphacephei/vosk/0.3.38/vosk-0.3.38.jar:/Users/blueonion/.m2/repository/net/java/dev/jna/jna/5.13.0/jna-5.13.0.jar:/Users/blueonion/.m2/repository/org/bytedeco/javacv-platform/1.5.10/javacv-platform-1.5.10.jar:/Users/blueonion/.m2/repository/org/bytedeco/javacv/1.5.10/javacv-1.5.10.jar:/Users/blueonion/.m2/repository/org/bytedeco/javacpp/1.5.10/javacpp-1.5.10.jar:/Users/blueonion/.m2/repository/org/bytedeco/openblas/0.3.26-1.5.10/openblas-0.3.26-1.5.10.jar:/Users/blueonion/.m2/repository/org/bytedeco/opencv/4.9.0-1.5.10/opencv-4.9.0-1.5.10.jar:/Users/blueonion/.m2/repository/org/bytedeco/ffmpeg/6.1.1-1.5.10/ffmpeg-6.1.1-1.5.10.jar:/Users/blueonion/.m2/repository/org/bytedeco/flycapture/2.13.3.31-1.5.9/flycapture-2.13.3.31-1.5.9.jar:/Users/blueonion/.m2/repository/org/bytedeco/libdc1394/2.2.6-1.5.9/libdc1394-2.2.6-1.5.9.jar:/Users/blueonion/.m2/repository/org/bytedeco/libfreenect/0.5.7-1.5.9/libfreenect-0.5.7-1.5.9.jar:/Users/blueonion/.m2/repository/org/bytedeco/libfreenect2/0.2.0-1.5.9/libfreenect2-0.2.0-1.5.9.jar:/Users/blueonion/.m2/repository/org/bytedeco/librealsense/1.12.4-1.5.9/librealsense-1.12.4-1.5.9.jar:/Users/blueonion/.m2/repository/org/bytedeco/librealsense2/2.53.1-1.5.9/librealsense2-2.53.1-1.5.9.jar:/Users/blueonion/.m2/repository/org/bytedeco/videoinput/0.200-1.5.9/videoinput-0.200-1.5.9.jar:/Users/blueonion/.m2/repository/org/bytedeco/artoolkitplus/2.3.1-1.5.9/artoolkitplus-2.3.1-1.5.9.jar:/Users/blueonion/.m2/repository/org/bytedeco/leptonica/1.84.1-1.5.10/leptonica-1.84.1-1.5.10.jar:/Users/blueonion/.m2/repository/org/bytedeco/tesseract/5.3.4-1.5.10/tesseract-5.3.4-1.5.10.jar:/Users/blueonion/.m2/repository/org/bytedeco/javacpp-platform/1.5.10/javacpp-platform-1.5.10.jar:/Users/blueonion/.m2/repository/org/bytedeco/javacpp/1.5.10/javacpp-1.5.10-android-arm64.jar:/Users/blueonion/.m2/repository/org/bytedeco/javacpp/1.5.10/javacpp-1.5.10-android-x86_64.jar:/Users/blueonion/.m2/repository/org/bytedeco/javacpp/1.5.10/javacpp-1.5.10-ios-arm64.jar:/Users/blueonion/.m2/repository/org/bytedeco/javacpp/1.5.10/javacpp-1.5.10-ios-x86_64.jar:/Users/blueonion/.m2/repository/org/bytedeco/javacpp/1.5.10/javacpp-1.5.10-linux-arm64.jar:/Users/blueonion/.m2/repository/org/bytedeco/javacpp/1.5.10/javacpp-1.5.10-linux-ppc64le.jar:/Users/blueonion/.m2/repository/org/bytedeco/javacpp/1.5.10/javacpp-1.5.10-linux-x86_64.jar:/Users/blueonion/.m2/repository/org/bytedeco/javacpp/1.5.10/javacpp-1.5.10-macosx-arm64.jar:/Users/blueonion/.m2/repository/org/bytedeco/javacpp/1.5.10/javacpp-1.5.10-macosx-x86_64.jar:/Users/blueonion/.m2/repository/org/bytedeco/javacpp/1.5.10/javacpp-1.5.10-windows-x86_64.jar:/Users/blueonion/.m2/repository/org/bytedeco/openblas-platform/0.3.26-1.5.10/openblas-platform-0.3.26-1.5.10.jar:/Users/blueonion/.m2/repository/org/bytedeco/openblas/0.3.26-1.5.10/openblas-0.3.26-1.5.10-android-arm64.jar:/Users/blueonion/.m2/repository/org/bytedeco/openblas/0.3.26-1.5.10/openblas-0.3.26-1.5.10-android-x86_64.jar:/Users/blueonion/.m2/repository/org/bytedeco/openblas/0.3.26-1.5.10/openblas-0.3.26-1.5.10-ios-arm64.jar:/Users/blueonion/.m2/repository/org/bytedeco/openblas/0.3.26-1.5.10/openblas-0.3.26-1.5.10-ios-x86_64.jar:/Users/blueonion/.m2/repository/org/bytedeco/openblas/0.3.26-1.5.10/openblas-0.3.26-1.5.10-linux-x86_64.jar:/Users/blueonion/.m2/repository/org/bytedeco/openblas/0.3.26-1.5.10/openblas-0.3.26-1.5.10-linux-arm64.jar:/Users/blueonion/.m2/repository/org/bytedeco/openblas/0.3.26-1.5.10/openblas-0.3.26-1.5.10-linux-ppc64le.jar:/Users/blueonion/.m2/repository/org/bytedeco/openblas/0.3.26-1.5.10/openblas-0.3.26-1.5.10-macosx-arm64.jar:/Users/blueonion/.m2/repository/org/bytedeco/openblas/0.3.26-1.5.10/openblas-0.3.26-1.5.10-macosx-x86_64.jar:/Users/blueonion/.m2/repository/org/bytedeco/openblas/0.3.26-1.5.10/openblas-0.3.26-1.5.10-windows-x86_64.jar:/Users/blueonion/.m2/repository/org/bytedeco/opencv-platform/4.9.0-1.5.10/opencv-platform-4.9.0-1.5.10.jar:/Users/blueonion/.m2/repository/org/bytedeco/opencv/4.9.0-1.5.10/opencv-4.9.0-1.5.10-android-arm64.jar:/Users/blueonion/.m2/repository/org/bytedeco/opencv/4.9.0-1.5.10/opencv-4.9.0-1.5.10-android-x86_64.jar:/Users/blueonion/.m2/repository/org/bytedeco/opencv/4.9.0-1.5.10/opencv-4.9.0-1.5.10-ios-arm64.jar:/Users/blueonion/.m2/repository/org/bytedeco/opencv/4.9.0-1.5.10/opencv-4.9.0-1.5.10-ios-x86_64.jar:/Users/blueonion/.m2/repository/org/bytedeco/opencv/4.9.0-1.5.10/opencv-4.9.0-1.5.10-linux-x86_64.jar:/Users/blueonion/.m2/repository/org/bytedeco/opencv/4.9.0-1.5.10/opencv-4.9.0-1.5.10-linux-arm64.jar:/Users/blueonion/.m2/repository/org/bytedeco/opencv/4.9.0-1.5.10/opencv-4.9.0-1.5.10-linux-ppc64le.jar:/Users/blueonion/.m2/repository/org/bytedeco/opencv/4.9.0-1.5.10/opencv-4.9.0-1.5.10-macosx-arm64.jar:/Users/blueonion/.m2/repository/org/bytedeco/opencv/4.9.0-1.5.10/opencv-4.9.0-1.5.10-macosx-x86_64.jar:/Users/blueonion/.m2/repository/org/bytedeco/opencv/4.9.0-1.5.10/opencv-4.9.0-1.5.10-windows-x86_64.jar:/Users/blueonion/.m2/repository/org/bytedeco/ffmpeg-platform/6.1.1-1.5.10/ffmpeg-platform-6.1.1-1.5.10.jar:/Users/blueonion/.m2/repository/org/bytedeco/ffmpeg/6.1.1-1.5.10/ffmpeg-6.1.1-1.5.10-android-arm64.jar:/Users/blueonion/.m2/repository/org/bytedeco/ffmpeg/6.1.1-1.5.10/ffmpeg-6.1.1-1.5.10-android-x86_64.jar:/Users/blueonion/.m2/repository/org/bytedeco/ffmpeg/6.1.1-1.5.10/ffmpeg-6.1.1-1.5.10-linux-x86_64.jar:/Users/blueonion/.m2/repository/org/bytedeco/ffmpeg/6.1.1-1.5.10/ffmpeg-6.1.1-1.5.10-linux-arm64.jar:/Users/blueonion/.m2/repository/org/bytedeco/ffmpeg/6.1.1-1.5.10/ffmpeg-6.1.1-1.5.10-linux-ppc64le.jar:/Users/blueonion/.m2/repository/org/bytedeco/ffmpeg/6.1.1-1.5.10/ffmpeg-6.1.1-1.5.10-macosx-arm64.jar:/Users/blueonion/.m2/repository/org/bytedeco/ffmpeg/6.1.1-1.5.10/ffmpeg-6.1.1-1.5.10-macosx-x86_64.jar:/Users/blueonion/.m2/repository/org/bytedeco/ffmpeg/6.1.1-1.5.10/ffmpeg-6.1.1-1.5.10-windows-x86_64.jar:/Users/blueonion/.m2/repository/org/bytedeco/flycapture-platform/2.13.3.31-1.5.9/flycapture-platform-2.13.3.31-1.5.9.jar:/Users/blueonion/.m2/repository/org/bytedeco/flycapture/2.13.3.31-1.5.9/flycapture-2.13.3.31-1.5.9-linux-x86.jar:/Users/blueonion/.m2/repository/org/bytedeco/flycapture/2.13.3.31-1.5.9/flycapture-2.13.3.31-1.5.9-linux-x86_64.jar:/Users/blueonion/.m2/repository/org/bytedeco/flycapture/2.13.3.31-1.5.9/flycapture-2.13.3.31-1.5.9-linux-armhf.jar:/Users/blueonion/.m2/repository/org/bytedeco/flycapture/2.13.3.31-1.5.9/flycapture-2.13.3.31-1.5.9-linux-arm64.jar:/Users/blueonion/.m2/repository/org/bytedeco/flycapture/2.13.3.31-1.5.9/flycapture-2.13.3.31-1.5.9-windows-x86.jar:/Users/blueonion/.m2/repository/org/bytedeco/flycapture/2.13.3.31-1.5.9/flycapture-2.13.3.31-1.5.9-windows-x86_64.jar:/Users/blueonion/.m2/repository/org/bytedeco/libdc1394-platform/2.2.6-1.5.9/libdc1394-platform-2.2.6-1.5.9.jar:/Users/blueonion/.m2/repository/org/bytedeco/libdc1394/2.2.6-1.5.9/libdc1394-2.2.6-1.5.9-linux-x86.jar:/Users/blueonion/.m2/repository/org/bytedeco/libdc1394/2.2.6-1.5.9/libdc1394-2.2.6-1.5.9-linux-x86_64.jar:/Users/blueonion/.m2/repository/org/bytedeco/libdc1394/2.2.6-1.5.9/libdc1394-2.2.6-1.5.9-linux-armhf.jar:/Users/blueonion/.m2/repository/org/bytedeco/libdc1394/2.2.6-1.5.9/libdc1394-2.2.6-1.5.9-linux-arm64.jar:/Users/blueonion/.m2/repository/org/bytedeco/libdc1394/2.2.6-1.5.9/libdc1394-2.2.6-1.5.9-linux-ppc64le.jar:/Users/blueonion/.m2/repository/org/bytedeco/libdc1394/2.2.6-1.5.9/libdc1394-2.2.6-1.5.9-macosx-x86_64.jar:/Users/blueonion/.m2/repository/org/bytedeco/libdc1394/2.2.6-1.5.9/libdc1394-2.2.6-1.5.9-windows-x86.jar:/Users/blueonion/.m2/repository/org/bytedeco/libdc1394/2.2.6-1.5.9/libdc1394-2.2.6-1.5.9-windows-x86_64.jar:/Users/blueonion/.m2/repository/org/bytedeco/libfreenect-platform/0.5.7-1.5.9/libfreenect-platform-0.5.7-1.5.9.jar:/Users/blueonion/.m2/repository/org/bytedeco/libfreenect/0.5.7-1.5.9/libfreenect-0.5.7-1.5.9-linux-x86.jar:/Users/blueonion/.m2/repository/org/bytedeco/libfreenect/0.5.7-1.5.9/libfreenect-0.5.7-1.5.9-linux-x86_64.jar:/Users/blueonion/.m2/repository/org/bytedeco/libfreenect/0.5.7-1.5.9/libfreenect-0.5.7-1.5.9-linux-armhf.jar:/Users/blueonion/.m2/repository/org/bytedeco/libfreenect/0.5.7-1.5.9/libfreenect-0.5.7-1.5.9-linux-arm64.jar:/Users/blueonion/.m2/repository/org/bytedeco/libfreenect/0.5.7-1.5.9/libfreenect-0.5.7-1.5.9-linux-ppc64le.jar:/Users/blueonion/.m2/repository/org/bytedeco/libfreenect/0.5.7-1.5.9/libfreenect-0.5.7-1.5.9-macosx-x86_64.jar:/Users/blueonion/.m2/repository/org/bytedeco/libfreenect/0.5.7-1.5.9/libfreenect-0.5.7-1.5.9-windows-x86.jar:/Users/blueonion/.m2/repository/org/bytedeco/libfreenect/0.5.7-1.5.9/libfreenect-0.5.7-1.5.9-windows-x86_64.jar:/Users/blueonion/.m2/repository/org/bytedeco/libfreenect2-platform/0.2.0-1.5.9/libfreenect2-platform-0.2.0-1.5.9.jar:/Users/blueonion/.m2/repository/org/bytedeco/libfreenect2/0.2.0-1.5.9/libfreenect2-0.2.0-1.5.9-linux-x86.jar:/Users/blueonion/.m2/repository/org/bytedeco/libfreenect2/0.2.0-1.5.9/libfreenect2-0.2.0-1.5.9-linux-x86_64.jar:/Users/blueonion/.m2/repository/org/bytedeco/libfreenect2/0.2.0-1.5.9/libfreenect2-0.2.0-1.5.9-macosx-x86_64.jar:/Users/blueonion/.m2/repository/org/bytedeco/libfreenect2/0.2.0-1.5.9/libfreenect2-0.2.0-1.5.9-windows-x86_64.jar:/Users/blueonion/.m2/repository/org/bytedeco/librealsense-platform/1.12.4-1.5.9/librealsense-platform-1.12.4-1.5.9.jar:/Users/blueonion/.m2/repository/org/bytedeco/librealsense/1.12.4-1.5.9/librealsense-1.12.4-1.5.9-linux-armhf.jar:/Users/blueonion/.m2/repository/org/bytedeco/librealsense/1.12.4-1.5.9/librealsense-1.12.4-1.5.9-linux-arm64.jar:/Users/blueonion/.m2/repository/org/bytedeco/librealsense/1.12.4-1.5.9/librealsense-1.12.4-1.5.9-linux-x86.jar:/Users/blueonion/.m2/repository/org/bytedeco/librealsense/1.12.4-1.5.9/librealsense-1.12.4-1.5.9-linux-x86_64.jar:/Users/blueonion/.m2/repository/org/bytedeco/librealsense/1.12.4-1.5.9/librealsense-1.12.4-1.5.9-macosx-x86_64.jar:/Users/blueonion/.m2/repository/org/bytedeco/librealsense/1.12.4-1.5.9/librealsense-1.12.4-1.5.9-windows-x86.jar:/Users/blueonion/.m2/repository/org/bytedeco/librealsense/1.12.4-1.5.9/librealsense-1.12.4-1.5.9-windows-x86_64.jar:/Users/blueonion/.m2/repository/org/bytedeco/librealsense2-platform/2.53.1-1.5.9/librealsense2-platform-2.53.1-1.5.9.jar:/Users/blueonion/.m2/repository/org/bytedeco/librealsense2/2.53.1-1.5.9/librealsense2-2.53.1-1.5.9-linux-armhf.jar:/Users/blueonion/.m2/repository/org/bytedeco/librealsense2/2.53.1-1.5.9/librealsense2-2.53.1-1.5.9-linux-arm64.jar:/Users/blueonion/.m2/repository/org/bytedeco/librealsense2/2.53.1-1.5.9/librealsense2-2.53.1-1.5.9-linux-x86.jar:/Users/blueonion/.m2/repository/org/bytedeco/librealsense2/2.53.1-1.5.9/librealsense2-2.53.1-1.5.9-linux-x86_64.jar:/Users/blueonion/.m2/repository/org/bytedeco/librealsense2/2.53.1-1.5.9/librealsense2-2.53.1-1.5.9-macosx-x86_64.jar:/Users/blueonion/.m2/repository/org/bytedeco/librealsense2/2.53.1-1.5.9/librealsense2-2.53.1-1.5.9-windows-x86.jar:/Users/blueonion/.m2/repository/org/bytedeco/librealsense2/2.53.1-1.5.9/librealsense2-2.53.1-1.5.9-windows-x86_64.jar:/Users/blueonion/.m2/repository/org/bytedeco/videoinput-platform/0.200-1.5.9/videoinput-platform-0.200-1.5.9.jar:/Users/blueonion/.m2/repository/org/bytedeco/videoinput/0.200-1.5.9/videoinput-0.200-1.5.9-windows-x86.jar:/Users/blueonion/.m2/repository/org/bytedeco/videoinput/0.200-1.5.9/videoinput-0.200-1.5.9-windows-x86_64.jar:/Users/blueonion/.m2/repository/org/bytedeco/artoolkitplus-platform/2.3.1-1.5.9/artoolkitplus-platform-2.3.1-1.5.9.jar:/Users/blueonion/.m2/repository/org/bytedeco/artoolkitplus/2.3.1-1.5.9/artoolkitplus-2.3.1-1.5.9-android-arm.jar:/Users/blueonion/.m2/repository/org/bytedeco/artoolkitplus/2.3.1-1.5.9/artoolkitplus-2.3.1-1.5.9-android-arm64.jar:/Users/blueonion/.m2/repository/org/bytedeco/artoolkitplus/2.3.1-1.5.9/artoolkitplus-2.3.1-1.5.9-android-x86.jar:/Users/blueonion/.m2/repository/org/bytedeco/artoolkitplus/2.3.1-1.5.9/artoolkitplus-2.3.1-1.5.9-android-x86_64.jar:/Users/blueonion/.m2/repository/org/bytedeco/artoolkitplus/2.3.1-1.5.9/artoolkitplus-2.3.1-1.5.9-linux-x86.jar:/Users/blueonion/.m2/repository/org/bytedeco/artoolkitplus/2.3.1-1.5.9/artoolkitplus-2.3.1-1.5.9-linux-x86_64.jar:/Users/blueonion/.m2/repository/org/bytedeco/artoolkitplus/2.3.1-1.5.9/artoolkitplus-2.3.1-1.5.9-linux-armhf.jar:/Users/blueonion/.m2/repository/org/bytedeco/artoolkitplus/2.3.1-1.5.9/artoolkitplus-2.3.1-1.5.9-linux-arm64.jar:/Users/blueonion/.m2/repository/org/bytedeco/artoolkitplus/2.3.1-1.5.9/artoolkitplus-2.3.1-1.5.9-linux-ppc64le.jar:/Users/blueonion/.m2/repository/org/bytedeco/artoolkitplus/2.3.1-1.5.9/artoolkitplus-2.3.1-1.5.9-macosx-x86_64.jar:/Users/blueonion/.m2/repository/org/bytedeco/artoolkitplus/2.3.1-1.5.9/artoolkitplus-2.3.1-1.5.9-windows-x86.jar:/Users/blueonion/.m2/repository/org/bytedeco/artoolkitplus/2.3.1-1.5.9/artoolkitplus-2.3.1-1.5.9-windows-x86_64.jar:/Users/blueonion/.m2/repository/org/bytedeco/leptonica-platform/1.84.1-1.5.10/leptonica-platform-1.84.1-1.5.10.jar:/Users/blueonion/.m2/repository/org/bytedeco/leptonica/1.84.1-1.5.10/leptonica-1.84.1-1.5.10-android-arm64.jar:/Users/blueonion/.m2/repository/org/bytedeco/leptonica/1.84.1-1.5.10/leptonica-1.84.1-1.5.10-android-x86_64.jar:/Users/blueonion/.m2/repository/org/bytedeco/leptonica/1.84.1-1.5.10/leptonica-1.84.1-1.5.10-linux-x86_64.jar:/Users/blueonion/.m2/repository/org/bytedeco/leptonica/1.84.1-1.5.10/leptonica-1.84.1-1.5.10-linux-arm64.jar:/Users/blueonion/.m2/repository/org/bytedeco/leptonica/1.84.1-1.5.10/leptonica-1.84.1-1.5.10-linux-ppc64le.jar:/Users/blueonion/.m2/repository/org/bytedeco/leptonica/1.84.1-1.5.10/leptonica-1.84.1-1.5.10-macosx-arm64.jar:/Users/blueonion/.m2/repository/org/bytedeco/leptonica/1.84.1-1.5.10/leptonica-1.84.1-1.5.10-macosx-x86_64.jar:/Users/blueonion/.m2/repository/org/bytedeco/leptonica/1.84.1-1.5.10/leptonica-1.84.1-1.5.10-windows-x86_64.jar:/Users/blueonion/.m2/repository/org/bytedeco/tesseract-platform/5.3.4-1.5.10/tesseract-platform-5.3.4-1.5.10.jar:/Users/blueonion/.m2/repository/org/bytedeco/tesseract/5.3.4-1.5.10/tesseract-5.3.4-1.5.10-android-arm64.jar:/Users/blueonion/.m2/repository/org/bytedeco/tesseract/5.3.4-1.5.10/tesseract-5.3.4-1.5.10-android-x86_64.jar:/Users/blueonion/.m2/repository/org/bytedeco/tesseract/5.3.4-1.5.10/tesseract-5.3.4-1.5.10-linux-x86_64.jar:/Users/blueonion/.m2/repository/org/bytedeco/tesseract/5.3.4-1.5.10/tesseract-5.3.4-1.5.10-linux-arm64.jar:/Users/blueonion/.m2/repository/org/bytedeco/tesseract/5.3.4-1.5.10/tesseract-5.3.4-1.5.10-linux-ppc64le.jar:/Users/blueonion/.m2/repository/org/bytedeco/tesseract/5.3.4-1.5.10/tesseract-5.3.4-1.5.10-macosx-arm64.jar:/Users/blueonion/.m2/repository/org/bytedeco/tesseract/5.3.4-1.5.10/tesseract-5.3.4-1.5.10-macosx-x86_64.jar:/Users/blueonion/.m2/repository/org/bytedeco/tesseract/5.3.4-1.5.10/tesseract-5.3.4-1.5.10-windows-x86_64.jar:/Users/blueonion/.m2/repository/org/slf4j/slf4j-simple/1.7.30/slf4j-simple-1.7.30.jar:/Users/blueonion/.m2/repository/org/slf4j/slf4j-api/1.7.30/slf4j-api-1.7.30.jar:/Users/blueonion/.m2/repository/org/openjfx/javafx-swing/17.0.6/javafx-swing-17.0.6.jar:/Users/blueonion/.m2/repository/org/openjfx/javafx-swing/17.0.6/javafx-swing-17.0.6-mac-aarch64.jar
Launcher Type: SUN_STANDARD

[Global flags]
     intx CICompilerCount                          = 4                                         {product} {ergonomic}
     uint ConcGCThreads                            = 2                                         {product} {ergonomic}
     uint G1ConcRefinementThreads                  = 8                                         {product} {ergonomic}
   size_t G1HeapRegionSize                         = 2097152                                   {product} {ergonomic}
   size_t InitialHeapSize                          = 268435456                                 {product} {ergonomic}
   size_t MarkStackSize                            = 4194304                                   {product} {ergonomic}
   size_t MarkStackSizeMax                         = 536870912                                 {product} {ergonomic}
   size_t MaxHeapSize                              = 4294967296                                {product} {ergonomic}
   size_t MaxNewSize                               = 2575302656                                {product} {ergonomic}
   size_t MinHeapDeltaBytes                        = 2097152                                   {product} {ergonomic}
   size_t MinHeapSize                              = 8388608                                   {product} {ergonomic}
    uintx NonNMethodCodeHeapSize                   = 5832704                                {pd product} {ergonomic}
    uintx NonProfiledCodeHeapSize                  = 122929152                              {pd product} {ergonomic}
    uintx ProfiledCodeHeapSize                     = 122896384                              {pd product} {ergonomic}
    uintx ReservedCodeCacheSize                    = 251658240                              {pd product} {ergonomic}
     bool SegmentedCodeCache                       = true                                      {product} {ergonomic}
   size_t SoftMaxHeapSize                          = 4294967296                             {manageable} {ergonomic}
     bool UseCompressedOops                        = true                           {product lp64_product} {ergonomic}
     bool UseG1GC                                  = true                                      {product} {ergonomic}
     bool UseNUMA                                  = false                                     {product} {ergonomic}
     bool UseNUMAInterleaving                      = false                                     {product} {ergonomic}

Logging:
Log output configuration:
 #0: stdout all=warning uptime,level,tags foldmultilines=false
 #1: stderr all=off uptime,level,tags foldmultilines=false

Environment Variables:
JAVA_HOME=/Applications/Android Studio.app/Contents/jbr/Contents/Home
PATH=/usr/local/Caskroom/miniconda/base/bin:/usr/local/Caskroom/miniconda/base/condabin:/Users/blueonion/maven/bin:/Users/blueonion/Library/Java/JavaVirtualMachines/corretto-17.0.17/Contents/Home/bin:/Users/blueonion/Library/Android/sdk/cmdline-tools/latest/bin:/Users/blueonion/Library/Android/sdk/platform-tools:/usr/local/opt/llvm/bin:/usr/local/opt/llvm/bin:/usr/local/bin:/usr/local/sbin:/usr/local/opt/openjdk/bin:/usr/local/opt/openjdk@23/bin:/System/Cryptexes/App/usr/bin:/usr/bin:/bin:/usr/sbin:/sbin:/var/run/com.apple.security.cryptexd/codex.system/bootstrap/usr/local/bin:/var/run/com.apple.security.cryptexd/codex.system/bootstrap/usr/bin:/var/run/com.apple.security.cryptexd/codex.system/bootstrap/usr/appleinternal/bin:/opt/pmk/env/global/bin:/Applications/VMware Fusion 03.04.41.app/Contents/Public
SHELL=/bin/zsh
LANG=C.UTF-8
TMPDIR=/var/folders/qd/n6yhqsp11lz7sh_w48mywvwr0000gn/T/

Active Locale:
LC_ALL=C.UTF-8
LC_COLLATE=C.UTF-8
LC_CTYPE=C.UTF-8
LC_MESSAGES=C.UTF-8
LC_MONETARY=C.UTF-8
LC_NUMERIC=C.UTF-8
LC_TIME=C.UTF-8

Signal Handlers:
   SIGSEGV: crash_handler in libjvm.dylib, mask=11100110000111110111111111111111, flags=SA_ONSTACK|SA_RESTART|SA_SIGINFO, unblocked
    SIGBUS: crash_handler in libjvm.dylib, mask=11100110000111110111111111111111, flags=SA_RESTART|SA_SIGINFO, unblocked
    SIGFPE: crash_handler in libjvm.dylib, mask=11100110000111110111111111111111, flags=SA_RESTART|SA_SIGINFO, unblocked
   SIGPIPE: javaSignalHandler in libjvm.dylib, mask=11100110000111110111111111111111, flags=SA_RESTART|SA_SIGINFO, blocked
   SIGXFSZ: javaSignalHandler in libjvm.dylib, mask=11100110000111110111111111111111, flags=SA_RESTART|SA_SIGINFO, blocked
    SIGILL: crash_handler in libjvm.dylib, mask=11100110000111110111111111111111, flags=SA_RESTART|SA_SIGINFO, unblocked
   SIGUSR2: SR_handler in libjvm.dylib, mask=00000000000000000000000000000000, flags=SA_RESTART|SA_SIGINFO, blocked
    SIGHUP: UserHandler in libjvm.dylib, mask=11100110000111110111111111111111, flags=SA_RESTART|SA_SIGINFO, blocked
    SIGINT: UserHandler in libjvm.dylib, mask=11100110000111110111111111111111, flags=SA_RESTART|SA_SIGINFO, blocked
   SIGTERM: UserHandler in libjvm.dylib, mask=11100110000111110111111111111111, flags=SA_RESTART|SA_SIGINFO, blocked
   SIGQUIT: UserHandler in libjvm.dylib, mask=11100110000111110111111111111111, flags=SA_RESTART|SA_SIGINFO, blocked
   SIGTRAP: crash_handler in libjvm.dylib, mask=11100110000111110111111111111111, flags=SA_RESTART|SA_SIGINFO, unblocked


Periodic native trim disabled

---------------  S Y S T E M  ---------------

OS:
uname: Darwin 25.3.0 Darwin Kernel Version 25.3.0: Wed Jan 28 20:53:31 PST 2026; root:xnu-12377.91.3~2/RELEASE_ARM64_T8103 arm64
OS uptime: 95 days 3:02 hours
rlimit (soft/hard): STACK 8176k/65520k , CORE 0k/infinity , NPROC 2666/4000 , NOFILE 1048576/infinity , AS infinity/infinity , CPU infinity/infinity , DATA infinity/infinity , FSIZE infinity/infinity , MEMLOCK infinity/infinity , RSS infinity/infinity
load average: 4.08 2.76 2.68

CPU: total 8 (initial active 8) 0x61:0x0:0x1b588bb3:0, fp, asimd, aes, pmull, sha1, sha256, crc32, lse, sha3, sha512
machdep.cpu.brand_string:Apple M1
hw.cachelinesize:128
hw.l1icachesize:131072
hw.l1dcachesize:65536
hw.l2cachesize:4194304

Memory: 16k page, physical 16777216k(116784k free), swap 2097152k(830656k free)

vm_info: OpenJDK 64-Bit Server VM (24.0.1+9-30) for bsd-aarch64 JRE (24.0.1+9-30), built on 2025-03-05T07:23:45Z with clang Apple LLVM 14.0.3 (clang-1403.0.22.14.1)

END.
